ORDEM PRODUCAO;PV;CODIGO PRODUTO;DESCRIÇÃO COMPONENTE;PRODUTO PAI CONCATENADO;STATUS PCP;QTD EM ESTOQUE;OBSERVAÇÃO ESTOQUE;SOLICITAÇÃO DE COMPRA;COMPRADO;VALOR UNITARIO COMPRA;TIPO PAGAMENTO/FATURADO;FORNECEDOR SELECIONADO;PEDIDO COMPRA (PROTHEUS);IPI COMPRA;DATA EMISSÃO PC;DATA PREVISÃO PGTO
01861401002;005860;103064400;CH NV 3C TQ VT 500L PLT 1250MM;;SEPARADO;2;;;2;1200;SEPARADO;WP MONTAGENS ELETROM LTDA;013393;;;
01861401002;005860;1518512;ELEMENTO FILTRO;;SEPARADO;2;;;2;220,97;SEPARADO;VARELLA VEICULOS PESADOS LTDA;013418;;;
01861401002;005860;204517800;FLANGE 4'';;SEPARADO;4;;;4;115,77;SEPARADO;SCAPSUL EQUIPAMENTOS RODOVIARIOS LTDA;000000;;;
01861401002;005860;204580000;TQ VT 500L POLT;;SEPARADO;2;;;1;1585,4;SEPARADO;ACCURATE MACHINE USINAGEM DE PRECISAO LTDA ME                                   ;013392;;;
01861401002;005860;30289;COPO P/FILTRO R9030MB/R12030;;SEPARADO;2;;;2;64;SEPARADO;MACIEL IND E COMERCIO DE PECAS PARA AUTOS LTDA;013165;;;
01861401002;005860;34952;,;;SEPARADO;2;;;2;233;SEPARADO;MACIEL IND E COMERCIO DE PECAS PARA AUTOS LTDA;013165;;;
01861401002;005860;61103000322;PRT AC 1200X2100 STC40;;SEPARADO;1;;;1;2867,43;SEPARADO;ONDAS ACUSTICA REVESTIMENTO ACUSTICO LTDA;000000;;;
01861401002;005860;801001300;ATND L1050XH1200XP900MM;;SEPARADO;2;;;2;2268;SEPARADO;ONDAS ACUSTICA REVESTIMENTO ACUSTICO LTDA;013401;;;
01861401002;005860;801005300;SILENCIOSO HOSP 4;;SEPARADO;2;;;2;1452,15;SEPARADO;SCAPSUL EQUIPAMENTOS RODOVIARIOS LTDA;013409;;;
01861401002;005860;801019700;ATND L1050XH1200XP600MM;;SEPARADO;2;;;2;1512;SEPARADO;ONDAS ACUSTICA REVESTIMENTO ACUSTICO LTDA;013401;;;
01861401002;005860;801060900;"CATALISADOR UMICORE 8,85X4,0""";;SEPARADO;2;;;2;5163,79;SEPARADO;SCAPSUL EQUIPAMENTOS RODOVIARIOS LTDA;013409;;;
01861401002;005860;801215700;VENZ GALV L1050XH1200MM;;SEPARADO;4;;;4;693;SEPARADO;ONDAS ACUSTICA REVESTIMENTO ACUSTICO LTDA;013401;;;
01861401003;005860;204582700;ELETROBOMBA ENG CLIMAX H34    ;;SEPARADO;2;;;2;5750;SEPARADO;BOMBAS CLIMAX;013407;;;
01861401004;005860;101095500;MOD COMUNICACAO CM3-ETHERNET;;SEPARADO;3;;;3;1166,18;SEPARADO;SERVINTEL INTERNACIONAL LTDA;013425;;;
01861401004;005860;103000500;CH COMUT 3P 400A OT400E03CP;;SEPARADO;2;;;2;2530,91;SEPARADO;ABB ELETRIFICACAO LTDA;013416;;;
01861401004;005860;103004000;CH FIM CURSO 1NA 1NF TS23611Z;;SEPARADO;2;;;2;97,3;SEPARADO;ACE SCHMERSAL ELET INDUST LT;013192;;;
01861401004;005860;103004300;CH REV 2 POLOS 10 WS2 10E Z11;;SEPARADO;1;;;1;183,69;SEPARADO;EFE- SEMITRANS;000000;;;
01861401004;005860;103004600;CH REV 3 POLOS 16A WS3/10E Z11;;SEPARADO;1;;;1;161,69;SEPARADO;EFE- SEMITRANS;000000;;;
01861401004;005860;103015200;CH IGNICAO UNIVERSAL 314008M91;;SEPARADO;2;;;2;91,28;SEPARADO;RDR AUTO PECAS LTDA;000000;;;
01861401004;005860;104010000;GRAMPO BAR 10X3MM 0.50-4.00MM;;SEPARADO;11;;;11;1,94;SEPARADO;PHOENIX CONTACT IND E COMERCIO LTDA;000000;;;
01861401004;005860;104011700;POSTE PF E/UK;;SEPARADO;15;;;15;3,31;SEPARADO;PHOENIX CONTACT IND E COMERCIO LTDA;000000;;;
01861401004;005860;104192100;BORNE DUPLO PUSH IN 4MM PTTB4;;RETIRADO;34;;;34;8,9;RETIRADO;PHOENIX CONTACT IND E COMERCIO LTDA;000000;;;
01861401004;005860;104192200;TAMPA P/ BORNE DUP 4MM D-STTB4;;RETIRADO;8;;;8;2,9;RETIRADO;PHOENIX CONTACT IND E COMERCIO LTDA;000000;;;
01861401004;005860;104193600;SUPORTE IDENTIF P/ POSTE KLM-A;;SEPARADO;15;;;15;3,45;SEPARADO;PHOENIX CONTACT IND E COMERCIO LTDA;000000;;;
01861401004;005860;104193700;ETIQUETA P/ BORNE UCT-TMF6;;SEPARADO;144;;;144;10,63;SEPARADO;PHOENIX CONTACT IND E COMERCIO LTDA;000000;;;
01861401004;005860;104193800;ETIQUETA DE ENCAIXE ESL44X7;;SEPARADO;15;;;15;0,4538;SEPARADO;PHOENIX CONTACT IND E COMERCIO LTDA;000000;;;
01861401004;005860;106001500;DJ 1P 10A CURVA C 10KA S201;;SEPARADO;6;;;6;24,67;SEPARADO;ABB ELETRIFICACAO LTDA;000000;;;
01861401004;005860;106002400;DJ 1P 6A CURVA C 10KA S201;;SEPARADO;2;;;2;66,47;SEPARADO;ABB ELETRIFICACAO LTDA;013416;;;
01861401004;005860;106002600;DJ 3P 6A CURVA C 10KA S203;;SEPARADO;4;;;4;274,05;SEPARADO;ABB ELETRIFICACAO LTDA;013416;;;
01861401004;005860;106002900;DJ 1P 2A CURVA C 10KA S201;;SEPARADO;3;;;3;57,46;SEPARADO;ABB ELETRIFICACAO LTDA;013416;;;
01861401004;005860;106003400;DJ 2P 4A CURVA C 10KA S202;;SEPARADO;1;;;1;192,31;SEPARADO;ABB ELETRIFICACAO LTDA;013416;;;
01861401004;005860;106003000;DJ 2P 2A CURVA C 10KA S202;;SEPARADO;4;;;4;;SEPARADO;;000000;;;
01861401004;005860;106334800;DJ 2P 4A SH202 T-C4;;SEPARADO;4;;;4;;SEPARADO;;000000;;;
01861401004;005860;61648016301;BA YO-C XT5-XT6 F/P 12 VCC;;SEPARADO;4;;;4;;SEPARADO;;000000;;;
01861401004;005860;115006900;TCMDO MONO 440-220V 500VA;;SEPARADO;4;;;4;656,5;SEPARADO;SASSI MEDIDORES E TRANSFORMADORES EIRELI                                        ;013204;;;
01861401004;005860;106003700;DJ 2P 6A CURVA C 10KA S202;;RETIRADO;1;;;1;151,58;RETIRADO;ABB ELETRIFICACAO LTDA;000000;;;
01861401004;005860;106019500;CONT. AUX. OF/SD/SDE  XT1_XT3;;SEPARADO;4;;;4;135,6;SEPARADO;ABB ELETRIFICACAO LTDA;013416;;;
01861401004;005860;107184900;BARRA TERRA COMANDO 10X3MM;;SEPARADO;0,2;;;0,2;205;SEPARADO;ROMAR ACESSORIOS INDUSTRIAIS LTDA;000000;;;
01861401004;005860;109001000;ISOLADOR CIL 30X40MM M6;;SEPARADO;35;;;35;0;SEPARADO;;000000;;;
01861401004;005860;109002100;ISOLADOR CIL 30X30MM M6;;SEPARADO;9;;;9;6,5;SEPARADO;POTENCIAL ELETRICA E HIDRAULICA LTDA;000000;;;
01861401004;005860;115006400;TCMDO MONO 440-220V 1.5KVA;;SEPARADO;1;;;1;1260;SEPARADO;WALTRANS COM MAT ELET LTDA;013204;;;
01861401004;005860;115071300;TC 400/5A ST-30 SASSI;;SEPARADO;3;;;3;80,5;SEPARADO;SASSI MEDIDORES E TRANSFORMADORES EIRELI                                        ;013225;;;
01861401004;005860;204013200;"DIST F M8 1""X60 BIC";;FABRICAR INTERNO;2;;;2;33;FABRICAR INTERNO;EVOLUCAO METALURGICA LTDA;000000;;;
01861401004;005860;105005700S;CTTR AUX 24V CAD32BD;;SEPARADO;2;;;2;33;SEPARADO;EVOLUCAO METALURGICA LTDA;000000;;;
01861401004;005860;105005800;CONT AUX CTTR 2NA+2NF LADN22;;SEPARADO;2;;;2;33;SEPARADO;EVOLUCAO METALURGICA LTDA;000000;;;
01861401004;005860;204367000;PROT PLC 2 CH OT400 ABB;;SEPARADO;1;;;1;0;SEPARADO;;000000;;;
01861401004;005860;204367100;PROT PLC 4 DJ XT5 MOT ABB;;SEPARADO;1;;;1;0;SEPARADO;;000000;;;
01861401004;005860;204367200;PROT PLC LISO PNL PERG;;SEPARADO;1;;;1;0;SEPARADO;;000000;;;
01861401004;005860;61613000801;CONECTOR P/ COMPONENTE;;SEPARADO;2;;;2;13,29;SEPARADO;PHOENIX CONTACT IND E COMERCIO LTDA;000000;;;
01861401004;005860;61647038401;DCM 3P FX 400A XT5N LS/I;;SEPARADO;4;;;4;2009,9;SEPARADO;ABB ELETRIFICACAO LTDA;013416;;;
01861401004;005860;61648000801;KEY LOCK RONIS MOL-S XT5-XT6;;RETIRADO;4;;;4;251,8;RETIRADO;ABB ELETRIFICACAO LTDA;013416;;;
01861401004;005860;61648010601;KEY LOCK RONIS MOL-D XT5-XT6;;SEPARADO;4;;;4;#N/D;SEPARADO;ABB ELETRIFICACAO LTDA;#N/D;;;
01861401004;005860;61648011701;MOT 220VCA DCM FX XT5 MOE;;SEPARADO;4;;;4;3026,85;SEPARADO;ABB ELETRIFICACAO LTDA;013416;;;
01861401004;005860;61648011901;BASE PARA INTTRV MEC XT5;;SEPARADO;2;;;2;195,63;SEPARADO;ABB ELETRIFICACAO LTDA;013416;;;
01861401004;005860;61648012001;PLACA PARA INTTRV MEC XT5;;SEPARADO;4;;;2;46,98;SEPARADO;ABB ELETRIFICACAO LTDA;013416;;;
01861401004;005860;61648012601;CONT AUX S51 DCM FX XT2-XT6;;SEPARADO;4;;;4;245,55;SEPARADO;ABB ELETRIFICACAO LTDA;013416;;;
01861401004;005860;61648043101;"DJ 1P 10A SJ201 T-C10		";;SEPARADO;4;;;4;0;SEPARADO;;000000;;;
01861401004;005860;6,1649E+11;CONT AUX 1NA OT160~3200 OA1G10;;SEPARADO;2;;;2;69,52;SEPARADO;ABB ELETRIFICACAO LTDA;013416;;;
01861401004;005860;61650002801;CONT AUX CTTR 1NA 3NF MARN413A;;RETIRADO;2;;;2;114,45;RETIRADO;ABB ELETRIFICACAO LTDA;013416;;;
01861401004;005860;61654000901;MOD USCAMAQ 25C IL4-AMF25;;SEPARADO;2;;;1;2692,17;SEPARADO;SERVINTEL INTERNACIONAL LTDA;013425;;;
01861401004;005860;61654002101;MOD IATS2-70 8-36VCC;;SEPARADO;1;;;1;2413,1;SEPARADO;SERVINTEL INTERNACIONAL LTDA;013425;;;
01861401004;005860;61652005101;BASE RELE CR-S 1C/O 12...24 ABB;;SEPARADO;2;;;2;33,33;SEPARADO;ABB ELETRIFICACAO LTDA;013416;;;
01861401004;005860;61652005901;RL 1C/O 6A CR-S024VDC1R 24VCC;;SEPARADO;2;;;2;16,45;SEPARADO;ABB ELETRIFICACAO LTDA;013416;;;
01861401004;005860;61652005301;BASE RELE CR-P 2C/O ABB;;SEPARADO;5;;;5;29,76;SEPARADO;ABB ELETRIFICACAO LTDA;013416;;;
01861401004;005860;61652005601;GRAMPO RELE CR-PH;;SEPARADO;5;;;5;11,37;SEPARADO;ABB ELETRIFICACAO LTDA;013416;;;
01861401004;005860;61652006301;RL 2C/O 8A CR-P024DC2 24VCC;;SEPARADO;5;;;5;18,15;SEPARADO;ABB ELETRIFICACAO LTDA;013416;;;
01861401004;005860;61652007701;SUPRESSOR DE SURTO CR-P/M62C;;SEPARADO;6;;;6;49,67;SEPARADO;ABB ELETRIFICACAO LTDA;013697;;;
01861401004;005860;61652005401;BASE RELE CR-M 3C/O ABB;;SEPARADO;4;;;4;27,16;SEPARADO;ABB ELETRIFICACAO LTDA;013416;;;
01861401004;005860;61652005701;GRAMPO RELE CR-MH;;SEPARADO;4;;;4;11,78;SEPARADO;ABB ELETRIFICACAO LTDA;013416;;;
01861401004;005860;61652006801;RL 3C/O 10A CR-M024DC3 24VCC;;SEPARADO;4;;;4;27,53;SEPARADO;ABB ELETRIFICACAO LTDA;013416;;;
01861401004;005860;61652007901;SUPRESSOR DE SURTO CR-P/M92C                      ;;SEPARADO;8;;;7;49,67;SEPARADO;ABB ELETRIFICACAO LTDA;013697;;;
01861401004;005860;61648011801;BA 24VCC DCM FX XT5;;SEPARADO;4;;;3;352,08;SEPARADO;ABB ELETRIFICACAO LTDA;013416;;;
01861401004;005860;61655001701;CARREG BAT 24VCC-5A DSEBC2405;;SEPARADO;2;;;2;0;SEPARADO;FABEL;DIVIDA;;;
01861401004;005860;61650003201;CTTR AUX 2NA 2NF MCRC 24VCC;;RETIRADO;2;;;2;156,26;RETIRADO;ABB ELETRIFICACAO LTDA;013416;;;
01861501001;005860;60702001908;SPT FIX BATERIA 2X100AH;;SEPARADO;2;;;1;41;SEPARADO;CMG SOLUCOES E SERVICOS LTDA                                                    ;013424;;;
01861601001;005860;60702001908;SPT FIX BATERIA 2X100AH;;SEPARADO;2;;;2;41;SEPARADO;CMG SOLUCOES E SERVICOS LTDA                                                    ;013424;;;
01861501001;005860;60101002701;MOTOR FPT N67 TE8W F3;;RETIRADO;1;;;1;62851,78;RETIRADO;FPT INDUSTRIAL BRASIL LTDA.;012913;;;
01861601001;005860;60101002701;MOTOR FPT N67 TE8W F3;;RETIRADO;1;;;1;62851,78;RETIRADO;FPT INDUSTRIAL BRASIL LTDA.;012913;;;
01861501001;005860;60702003308;SPT BATERIAS 2X 100AH KSE220;;SEPARADO;1;;;1;365;SEPARADO;CMG SOLUCOES E SERVICOS LTDA                                                    ;013424;;;
01861601001;005860;60702003308;SPT BATERIAS 2X 100AH KSE220;;SEPARADO;1;;;1;365;SEPARADO;CMG SOLUCOES E SERVICOS LTDA                                                    ;013424;;;
01861401004;005860;61656003801;SUPORTE MODULAR BOTAO ABB;;SEPARADO;9;;;9;9,42;SEPARADO;APS COMPONENTES ELETRICOS S/A;000000;;;
01861401004;005860;61656004101;CABECOTE BOTAO DUPLO LED ABB;;SEPARADO;4;;;4;85,96;SEPARADO;ABB ELETRIFICACAO LTDA;013220;;;
01861401004;005860;61656004201;BLOCO LED BRANCO 230VCA ABB;;SEPARADO;4;;;4;63;SEPARADO;APS COMPONENTES ELETRICOS S/A;000000;;;
01861401004;005860;61656004501;CABECOTE CH SEL 2P FX ABB;;SEPARADO;2;;;2;59,13;SEPARADO;ABB ELETRIFICACAO LTDA;000000;;;
01861401004;005860;61656004701;CABECOTE BOTAO EMERGENCIA ABB;;SEPARADO;3;;;3;41,64;SEPARADO;ABB ELETRIFICACAO LTDA;000000;;;
01861401004;005860;61656004801;ADESIVO PARADA DE EMERGENCIA;;SEPARADO;3;;;3;25,7;SEPARADO;APS COMPONENTES ELETRICOS S/A;000000;;;
01861401004;005860;61657001401;LUMINARIA LED 9W 12/48VCC;;SEPARADO;2;;;2;263,81;SEPARADO;FINDER COMPONENTES LTDA;013184;;;
01861401004;005860;61660000001;BORNE SECCIONADOR P/COMPONENTE;;SEPARADO;2;;;2;8,6343;SEPARADO;PHOENIX CONTACT IND E COMERCIO LTDA;000000;;;
01861401004;005860;61660005601;BLOCO DE DISTRIBUICAO PTFIX CZ;;SEPARADO;2;;;2;56,46;SEPARADO;PHOENIX CONTACT IND E COMERCIO LTDA;000000;;;
01861401004;005860;61660005701;BLOCO DE DISTRIBUICAO PTFIX AZ;;SEPARADO;2;;;2;25,42;SEPARADO;PHOENIX CONTACT IND E COMERCIO LTDA;000000;;;
01861401005;005860;107045500;"BARRA COBRE 1"" X 5/16""";;SEPARADO;23,2;;;23,2;169,2875;SEPARADO;ANGLO INDUSTRIA E COMERCIO DE METAIS LTDA;013400;;;
01861401006;005860;204566900;SUPORTE PLC MAIOR QD AUT;;REAPROVEITAMENTO;4;;;4;94,5;REAPROVEITAMENTO;CMG SOLUCOES E SERVICOS LTDA                                                    ;000000;;;
01861401006;005860;204567000;SUPORTE PLC MENOR QD AUT;;REAPROVEITAMENTO;2;;;2;0;REAPROVEITAMENTO;CMG SOLUCOES E SERVICOS LTDA                                                    ;000000;;;
01861401006;005860;61635040351;TRAVESSA LAT VT DIR QD AUT;;SEPARADO;2;;;2;66;SEPARADO;CMG SOLUCOES E SERVICOS LTDA                                                    ;013424;;;
01861401006;005860;61635040451;TRAVESSA LAT VT ESQ QD AUT;;SEPARADO;2;;;2;66;SEPARADO;CMG SOLUCOES E SERVICOS LTDA                                                    ;013424;;;
01861401006;005860;61635040551;PLACA FIX DJ XT5 MOT QD AUT;;SEPARADO;2;;;2;294;SEPARADO;CMG SOLUCOES E SERVICOS LTDA                                                    ;013424;;;
01861401006;005860;61635040651;PLACA SEP COMAND/FORCA QD AUT;;REAPROVEITAMENTO;1;;;1;128;REAPROVEITAMENTO;CMG SOLUCOES E SERVICOS LTDA                                                    ;000000;;;
01861401006;005860;61635040751;PLACA DE MONTAGEM 540X750MM;;REAPROVEITAMENTO;1;;;1;228;REAPROVEITAMENTO;CMG SOLUCOES E SERVICOS LTDA                                                    ;000000;;;
01861401006;005860;61635040851;PLACA FIX CH COMUT OT400 QD AUT;;SEPARADO;2;;;2;196;SEPARADO;CMG SOLUCOES E SERVICOS LTDA                                                    ;013424;;;
01861401006;005860;61635040951;PLACA LAT QD AUT;;SEPARADO;2;;;2;128;SEPARADO;CMG SOLUCOES E SERVICOS LTDA                                                    ;013424;;;
01861401006;005860;61635041051;SPT ISOLADOR C115 QD AUT;;SEPARADO;2;;;2;35;SEPARADO;ST INDUSTRIA ;013206;;;
01861401006;005860;61635041151;SPT ISOLADOR C140 QD AUT;;SEPARADO;1;;;1;35;SEPARADO;ST INDUSTRIA ;013206;;;
01861401006;005860;61635041251;SPT ISOLADOR MENOR QD AUT;;SEPARADO;1;;;1;35;SEPARADO;ST INDUSTRIA ;013206;;;
01861401006;005860;61635041351;TRAVESSA P/ SPT DE ISO QD AUT;;SEPARADO;1;;;1;56;SEPARADO;CMG SOLUCOES E SERVICOS LTDA                                                    ;013424;;;
01861401006;005860;61635041451;PLACA DE MONTAGEM 340X750MM;;REAPROVEITAMENTO;1;;;1;0;REAPROVEITAMENTO;CMG SOLUCOES E SERVICOS LTDA                                                    ;000000;;;
01861401007;005860;61641004601;QUADRO 2000X800X800 PERG;;SEPARADO;2;;;2;3667,44;SEPARADO;PERG INDUSTRIAL  LTDA;013239;;;
01861401007;005860;6,1641E+13;RECORTE PORTA 1 QD PERG;;SEPARADO;1;;;1;0;SEPARADO;PERG INDUSTRIAL  LTDA;013239;;;
01861401007;005860;6,1641E+13;RECORTE PORTA 2 QD PERG;;SEPARADO;1;;;1;0;SEPARADO;PERG INDUSTRIAL  LTDA;013239;;;
01861401007;005860;61641004701;TRAVESSA LAT PERG P800;;SEPARADO;13;;;13;63,09;SEPARADO;PERG INDUSTRIAL  LTDA;013239;;;
01861401007;005860;61641004801;TAMPA LAT PERG A2000 P800;;SEPARADO;2;;;2;253,9;SEPARADO;PERG INDUSTRIAL  LTDA;013239;;;
01861401008;005860;61652005101;BASE RELE CR-S 1C/O 12...24 ABB;;SEPARADO;2;;;2;0;SEPARADO;ABB ELETRIFICACAO LTDA;000000;;;
01861401008;005860;61652005801;"RL 1C/O 6A CR-S012VDC1R 12VCC		";;SEPARADO;2;;;2;22,83;SEPARADO;ABB ELETRIFICACAO LTDA;013220;;;
01861401009;005860;61652005601;"GRAMPO RELE CR-PH		";;SEPARADO;5;;;5;6,5;SEPARADO;ABB ELETRIFICACAO LTDA;013220;;;
01861401011;005860;61652005701;"GRAMPO RELE CR-MH		";;SEPARADO;8;;;8;11,78;SEPARADO;ABB ELETRIFICACAO LTDA;013416;;;
01861401011;005860;61652007601;"RL 4C/O 6A CR-M230AC4 230VAC		";;SEPARADO;8;;;8;46,05;SEPARADO;ABB ELETRIFICACAO LTDA;013416;;;
01861401012;005860;102040800;TERMINAL COMPRESSAO M08 70MM;;SEPARADO;36;;;36;8,1;SEPARADO;POTENCIAL ELETRICA E HIDRAULICA LTDA;000000;;;
01861401012;005860;102125700;LONA ENCERADO 8 VERDE;;SEPARADO;4;;;4;495;SEPARADO;BORRACHAS CAMBUCI LTDA;013406;;;
01861401012;005860;107009900;CABO BLINDADO AFT 2X18AWG;;SEPARADO;18;;;18;11;SEPARADO;POTENCIAL ELETRICA E HIDRAULICA LTDA;000000;;;
01861401012;005860;107092600;CB CONTROLE PP 0,6/1KV10X2,5MM;;SEPARADO;54;;;54;42,883;SEPARADO;CONDUSCAMP ;013200;;;
01861401012;005860;107097500;CB COBRE 70MM2 0,6/1KV 90ºC PT;;SEPARADO;108;;;84;68,44;SEPARADO;SANTIL COMERCIO DE MAT ;013202;;;
01861401012;005860;107097600;CB COBRE 70MM2 0,6/1KV90°C AZ;;SEPARADO;36;;;12;68,44;SEPARADO;SANTIL COMERCIO DE MAT ;013202;;;
01861401012;005860;107098300;CB COBRE 70MM2 0,6/1KV90°C VD;;SEPARADO;18;;;18;42,37;SEPARADO;INDUSCABOS CONDUTORES ELETRICOS LTDA.;000000;;;
01861401012;005860;204202500;UNIAO FERRO PRETO 3/4;;SEPARADO;4;;;4;0;SEPARADO;REI DAS MANGUEIRAS MAQUINAS E EQUIPAMENTOS LTDA-ME;013196;;;
01861401012;005860;204367300;"TAMPAO 1"" FP";;SEPARADO;2;;;2;0;SEPARADO;REI DAS MANGUEIRAS MAQUINAS E EQUIPAMENTOS LTDA-ME;013196;;;
01861401012;005860;204367400;"REDUCAO 1"" X 3/4"" FP";;SEPARADO;2;;;2;0;SEPARADO;REI DAS MANGUEIRAS MAQUINAS E EQUIPAMENTOS LTDA-ME;013196;;;
01861401012;005860;204567100;TUBO DE FERRO PRETO 3/4;;SEPARADO;15;;;15;32,5;SEPARADO;JN ACOS LTDA                                                                    ;013426;;;
01861401012;005860;204567200;"TUBO ACO GALV 4""";;SEPARADO;8;;;6;45;SEPARADO;SANTA RITA INDUSTRIA E COMERCIO DE FERRAGENS LTDA                               ;013427;;;
01861401012;005860;204999400;REGISTRO TIPO ESFERA 3/4;;SEPARADO;6;;;6;0;SEPARADO;REI DAS MANGUEIRAS MAQUINAS E EQUIPAMENTOS LTDA-ME;013196;;;
01861401012;005860;209006100;VEDA ROSCA LOCTITE 567 257GRS;;SEPARADO;1;;;1;0;SEPARADO;REI DAS MANGUEIRAS MAQUINAS E EQUIPAMENTOS LTDA-ME;013196;;;
01861401012;005860;214001100;MANG GOG 250 3/4 30.2;;SEPARADO;20;;;20;58,83;SEPARADO;HITOCOM MATERIAIS TECNICOS E SERVICOS LTDA;000000;;;
01861401012;005860;31805000223;ABRACADEIRA TIPO U D145;;SEPARADO;10;;;8;110,91;SEPARADO;SCAPSUL EQUIPAMENTOS RODOVIARIOS LTDA;013409;;;
01861401012;005860;61802011111;"BICO RM 1.1/2"" BSP MANG 3/4"" BIC";;SEPARADO;12;;;12;28,5;SEPARADO;BULKS;//;0;;
01861401012;005860;61802013501;"NIPLE DUPLO 3/4"" NPT FERRO PT";;SEPARADO;6;;;6;15;SEPARADO;VALERIOS ACOS E METAIS LTDA;013428;;;
01861401012;005860;61802013701;"COTOVELO FF 3/4"" NPT FERRO PT";;SEPARADO;12;;;12;16;SEPARADO;VALERIOS ACOS E METAIS LTDA;013428;;;
01861401012;005860;61805000922;ABRACADEIRA FLEXIL D14-22 AC;;SEPARADO;10;;;10;1,3;SEPARADO;REI DAS MANGUEIRAS MAQUINAS E EQUIPAMENTOS LTDA-ME;000000;;;
01861501001;005860;113000200;RESIS INT AQ 1000W 230V 1.1/4;;SEPARADO;1;;;1;176,28;SEPARADO;ELTRA AQUECIMENTO ELETRICO LTDA;000000;;;
01861501001;005860;204125200;IND NV COM PONT 165MM TC;;SEPARADO;1;;;1;530;SEPARADO;TACOBRAS MEDIDORES DE PRECISAO LTDA;013429;;;
01861501001;005860;204566600;SPT RADIADOR FPT KSE315;;SEPARADO;1;;;1;465;SEPARADO;CMG SOLUCOES E SERVICOS LTDA                                                    ;013424;;;
01861501001;005860;204566700;SPT MOTOR FPT KSE315 AMT VS;;FALTA;1;;;1;620;FALTA;GW METAL INDUSTRIA E COMERCIO LTDA;014286;0;;
01861501001;005860;113004000;RESIS INT AQ 1000W 260V 1.1/4;;SEPARADO;1;;;1;182;SEPARADO;ELTRA AQUECIMENTO ELETRICO LTD;013421;;;
01861601001;005860;113004000;RESIS INT AQ 1000W 260V 1.1/4;;SEPARADO;1;;;1;182;SEPARADO;ELTRA AQUECIMENTO ELETRICO LTD;013421;;;
01861501001;005860;61660006701;CONECTOR YASAKI 5 VIAS;;SEPARADO;1;;;1;100;SEPARADO;0;000001;;;
01861601001;005860;61660006701;CONECTOR YASAKI 5 VIAS;;SEPARADO;1;;;1;100;SEPARADO;0;000001;;;
01861501001;005860;204566800;SPT PNL COMANDO FPT KSE315;;SEPARADO;1;;;1;476;SEPARADO;CMG SOLUCOES E SERVICOS LTDA                                                    ;013424;;;
01861501001;005860;210006400;PF DIN912 M10X25 12.9 PT;;SEPARADO;8;;;8;1,36;SEPARADO;MULT TEMPERA COAT TECNOLOGIA EM TRATAMENTO TERMICO E REVESTIMENTOS SUPERFICIAIS;000000;;;
01861501001;005860;210043900;TERMINACAO RETA PG70;;SEPARADO;1;;;1;26;SEPARADO;MX MATERIAIS ELETRICOS LTDA ----BLOQUEADO---;000000;;;
01861501001;005860;214007400;TUBO CORRUGADO PG70;;SEPARADO;1;;;1;143,21;SEPARADO;PROAUTO ELECTRIC LTDA;000000;;;
01861501001;005860;302000700;PRE AQ KIT USQ D3;;SEPARADO;1;;;1;0;SEPARADO;;000000;;;
01861501001;005860;30702002801;BARRA ROSCADA;;SEPARADO;2;;;2;17,07;SEPARADO;METALPRESS METAL LTDA;000000;;;
01861501001;005860;31613127301;COTOVELO 90° P/ ELETROD PG70;;SEPARADO;1;;;1;0;SEPARADO;;000000;;;
01861501001;005860;31805000303;ABRACADEIRA CRON D17-27 AC;;SEPARADO;6;;;6;4,0084;SEPARADO;METALURGICA SUPRENS LTDA;000000;;;
01861501001;005860;31807001223;JUNTA DE VEDACAO D18XD24X1,5;;SEPARADO;2;;;2;2,65;SEPARADO;HITOCOM MATERIAIS TECNICOS E SERVICOS LTDA;000000;;;
01861501001;005860;31810002505;MANGUEIRA FLEXIVEL 12X19;;SEPARADO;0,6;;;0,6;45,09;SEPARADO;HITOCOM MATERIAIS TECNICOS E SERVICOS LTDA;000000;;;
01861501001;005860;60101002701;MOTOR FPT N67 TE8W F3;;FALTA;1;;;2;65051,59;FALTA;FPT INDUSTRIAL BRASIL LTDA.;014287;0;;
01861501001;005860;60201011201;GS WEG AG10 250SI20AI MU F3;;FALTA;1;;;2;29320,43876;FALTA;WEG EQUIPAMENTOS ELETRICOS S/A;014283;0;;
01861501001;005860;602181100;"CJT PLQT ACRLICO PV167394		";;SEPARADO;1;;;1;0;SEPARADO;PRECISAO LASER;000000;;;
01861501001;005860;602181200;CJT PLQT INOX PV167394;;SEPARADO;1;;;1;0;SEPARADO;PRECISAO LASER;000000;;;
01861501001;005860;60501000808;SPT KIT ALIM EXT MAQ ABR;;FALTA;1;;;1;35;FALTA;GW METAL INDUSTRIA E COMERCIO LTDA;014286;0;;
01861501001;005860;60501001601;TAMPA BOC ABAST TANCLIK  A101C;;SEPARADO;1;;;1;0;SEPARADO;ITULUB ITUMBIARA LUBRIFICANTES LTDA;012885;;;
01861501001;005860;60501004708;FLANGE TQ POLI RETORNO;;FALTA;1;;;1;148;FALTA;GW METAL INDUSTRIA E COMERCIO LTDA;014286;0;;
01861501001;005860;60501005808;FLANGE CEGA TQ POLIETILENO;;SEPARADO;1;;;1;71,96;SEPARADO;MGK SOLUCOES INDUSTRIAIS PARA CALDEIRARIA LTDA;012887;;;
01861501001;005860;60501005908;FLANGE IND NV TACOBRAS TQ POLI;;SEPARADO;1;;;1;160;SEPARADO;CMG SOLUCOES E SERVICOS LTDA                                                    ;013424;;;
01861501001;005860;60501006408;"FLANGE LUVA 3/4""NPT TQ POLIET";;SEPARADO;1;;;1;112;SEPARADO;CMG SOLUCOES E SERVICOS LTDA                                                    ;013424;;;
01861501001;005860;60501006508;"FLANGE PESC 3/4""NPT TQ POLIET";;SEPARADO;1;;;1;112;SEPARADO;CMG SOLUCOES E SERVICOS LTDA                                                    ;013424;;;
01861501001;005860;60501006708;TRAVA FIX TQ 200L METALICO;;SEPARADO;2;;;2;18,84;SEPARADO;METALPRESS METAL LTDA;000000;;;
01861501001;005860;60501010108;TQ COMB BS KSE117 200L ACO;;SEPARADO;1;;;1;3765;SEPARADO;CMG SOLUCOES E SERVICOS LTDA                                                    ;013424;;;
01861501001;005860;60501010608;FLANGE TQ 200L POLI ABAST KVA;;SEPARADO;1;;;1;197;SEPARADO;EVOLUCAO METALURGICA LTDA;000000;;;
01861501001;005860;60501010708;BOCAL ENCHIMENTO TQ TANCLICK;;FALTA;1;;;1;180;FALTA;GW METAL INDUSTRIA E COMERCIO LTDA;014286;0;;
01861501001;005860;60702001608;SPT FIX BATERIA 100AH;;SEPARADO;1;;;1;25;SEPARADO;EVOLUCAO METALURGICA LTDA;000000;;;
01861501001;005860;60702002908;SPT BATERIA 100AH KSE220;;FALTA;1;;;1;91,5;FALTA;GW METAL INDUSTRIA E COMERCIO LTDA;014286;0;;
01861501001;005860;60702003601;BATERIA 12V 95AH 680CCA KONDOR;;FALTA;2;;;1;650;FALTA;JMS BATERIAS  LTDA;014288;0;;
01861501001;005860;60901004116;FLANGE ESC DE120 X DI77;;SEPARADO;1;;;1;41;SEPARADO;CMG SOLUCOES E SERVICOS LTDA                                                    ;013424;;;
01861501001;005860;60901004201;JUNTA ESC DE120 X DI77;;SEPARADO;1;;;1;38,75;SEPARADO;SCAPSUL EQUIPAMENTOS RODOVIARIOS LTDA;013208;;;
01861501001;005860;60901008316;"FLEXIVEL FPT 3""";;SEPARADO;1;;;1;342,06;SEPARADO;SCAPSUL EQUIPAMENTOS RODOVIARIOS LTDA;013409;;;
01861501001;005860;61101001301;SENS NV COMB ULTRAS K40LSR;;SEPARADO;1;;;1;503,29;SEPARADO;KVA INDUSTRIA E COMERCIO LTDA;013166;;;
01861501001;005860;61103000100;"BOIA MEC FV34-75-PP130 3/4""BSP";;SEPARADO;1;;;1;835,95;SEPARADO;SANTAE EQUIPAMENTOS DE ENGENHARIA LTDA -;013408;;;
01861501001;005860;61301008308;BS KSE315 DC09 MOD;;SEPARADO;1;;;1;3866,2;SEPARADO;MGK SOLUCOES INDUSTRIAIS PARA CALDEIRARIA LTDA;000000;;;
01861501001;005860;61303000301;AMT VIBRA-STOP TRAD 2F 1/2;;FALTA;6;;;2;235,4;FALTA;VIBRA -STOP AMORTECEDORES DE VIBRACAO LTDA;014289;0;;
01861501001;005860;61307005908;TAMPA TQ REMOV KSE325;;SEPARADO;1;;;1;453;SEPARADO;CMG SOLUCOES E SERVICOS LTDA                                                    ;013424;;;
01861501001;005860;61307011808;SPT ALT WG AG10 280 KSE316;;SEPARADO;2;;;2;1129,03;SEPARADO;METALPRESS METAL LTDA;000000;;;
01861501001;005860;61602008908;TAMPA FECH CX AG10H250 QTA INC;;SEPARADO;1;;;1;27,22;SEPARADO;ACO FORT FERRO LTDA;000000;;;
01861501001;005860;61602010308;TAMPA SUP CX AG10 H250 PG70;;SEPARADO;1;;;1;212,31;SEPARADO;EVOLUCAO METALURGICA LTDA;000000;;;
01861501001;005860;61801003101;PF DIN912 M10X45 12.9 PT;;SEPARADO;12;;;12;1,78;SEPARADO;MULT TEMPERA COAT TECNOLOGIA EM TRATAMENTO TERMICO E REVESTIMENTOS SUPERFICIAIS;000000;;;
01861501001;005860;61802000111;"BICO RM 1/2""NPT MANG 1/2"" BIC";;SEPARADO;3;;;3;12,9;SEPARADO;REI DAS MANGUEIRAS;013424;;;
01861501001;005860;61802000311;BICO RM 1/2 POL.NPT FM16 MANG;;SEPARADO;1;;;1;76,92;SEPARADO;CMG SOLUCOES E SERVICOS LTDA                                                    ;013424;;;
01861501001;005860;61802000422;COTOVELO MF 90 1 2NPT GALV;;SEPARADO;1;;;1;6,5;SEPARADO;REI DAS MANGUEIRAS MAQUINAS E EQUIPAMENTOS LTDA-ME;013237;;;
01861501001;005860;61802000711;BICO RM 1/2 NPT MANG 3/8 BIC;;SEPARADO;1;;;1;12,5;SEPARADO;REI DAS MANGUEIRAS MAQUINAS E EQUIPAMENTOS LTDA-ME;013227;;;
01861501001;005860;61802001622;"BICO RM M18X1,5 MANG 5/8"" BIC";;SEPARADO;2;;;2;45;SEPARADO;REI DAS MANGUEIRAS MAQUINAS E EQUIPAMENTOS LTDA-ME;000000;;;
01861501001;005860;61802014411;"BICO RM 1/2""NPT MANG 3/4"" BIC";;SEPARADO;2;;;2;76,92;SEPARADO;CMG SOLUCOES E SERVICOS LTDA                                                    ;013424;;;
01861501001;005860;61805000222;ABRACADEIRA CRON D14-22 AC;;SEPARADO;2;;;2;3,9773;SEPARADO;METALURGICA SUPRENS LTDA;000000;;;
01861501001;005860;61809000101;"VALV ESFERA F/F 1/2"" NPT";;SEPARADO;1;;;1;35,25;SEPARADO;HITOCOM MATERIAIS TECNICOS E SERVICOS LTDA;000000;;;
01861501001;005860;91801007305;ARR M10 DIN 9250 PT;;SEPARADO;20;;;20;0,69;SEPARADO;MULT TEMPERA COAT TECNOLOGIA EM TRATAMENTO TERMICO E REVESTIMENTOS SUPERFICIAIS;000000;;;
01861501003;005860;104010000;GRAMPO BAR 10X3MM 0.50-4.00MM;;SEPARADO;4;;;4;1,94;SEPARADO;PHOENIX CONTACT IND E COMERCIO LTDA;000000;;;
01861501003;005860;104011700;POSTE PF E/UK;;RETIRADO;6;;;6;3,31;RETIRADO;PHOENIX CONTACT IND E COMERCIO LTDA;000000;;;
01861501003;005860;104192100;BORNE DUPLO PUSH IN 4MM PTTB4;;RETIRADO;21;;;21;8,9;RETIRADO;PHOENIX CONTACT IND E COMERCIO LTDA;000000;;;
01861501003;005860;104192200;TAMPA P/ BORNE DUP 4MM D-STTB4;;RETIRADO;6;;;6;2,9;RETIRADO;PHOENIX CONTACT IND E COMERCIO LTDA;000000;;;
01861501003;005860;104193600;SUPORTE IDENTIF P/ POSTE KLM-A;;SEPARADO;6;;;6;3,45;SEPARADO;PHOENIX CONTACT IND E COMERCIO LTDA;000000;;;
01861501003;005860;104193700;ETIQUETA P/ BORNE UCT-TMF6;;SEPARADO;100;;;100;10,63;SEPARADO;PHOENIX CONTACT IND E COMERCIO LTDA;000000;;;
01861501003;005860;104193800;ETIQUETA DE ENCAIXE ESL44X7;;SEPARADO;6;;;6;0,4538;SEPARADO;PHOENIX CONTACT IND E COMERCIO LTDA;000000;;;
01861501003;005860;61635026049;TAMPA CEGA MCP600 C/ BOT EMER;;SEPARADO;1;;;1;270;SEPARADO;CMG SOLUCOES E SERVICOS LTDA                                                    ;013424;;;
01861501003;005860;105072100;TC SASSI 400-5A ST-42;;RETIRADO;3;;;3;91,5;RETIRADO;SASSI MEDIDORES E TRANSFORMADORES EIRELI;013170;;;
01861501003;005860;106001500;DJ 1P 10A CURVA C 10KA S201;;SEPARADO;3;;;3;24,67;SEPARADO;ABB ELETRIFICACAO LTDA;000000;;;
01861501003;005860;107078500;CB COBRE NU 16MM2;;SEPARADO;0,5;;;0,5;10,2811;SEPARADO;COBREFLEX INDUSTRIA, DISTRIBUICAO E COMERCIO DE FIOS E CABOS EIRELI;000000;;;
01861501003;005860;107184900;BARRA TERRA COMANDO 10X3MM;;SEPARADO;0,2;;;0,2;205;SEPARADO;ROMAR ACESSORIOS INDUSTRIAIS LTDA;000000;;;
01861501003;005860;109092400;ISOLADOR CIL 16X30 MM M6;;SEPARADO;2;;;2;9,06;SEPARADO;MX MATERIAIS ELETRICOS LTDA ----BLOQUEADO---;000000;;;
01861501003;005860;31602317249;CX CONEXAO PG70 NT4500;;SEPARADO;1;;;1;87;SEPARADO;CMG SOLUCOES E SERVICOS LTDA                                                    ;013424;;;
01861501003;005860;602181300;"ADESIVO SINOTICO QTA/QTM CTZ		";;SEPARADO;1;;;1;0;SEPARADO;;000000;;;
01861501003;005860;61405001201;DOBRADICA TASCO 91591;;SEPARADO;2;;;2;12,08;SEPARADO;TASCO LTDA;000000;;;
01861501003;005860;61405001301;FECHO TASCO 25085;;SEPARADO;1;;;1;10,7335;SEPARADO;TASCO LTDA;000000;;;
01861501003;005860;61405001502;PASSA CABO P/ PAINEL 1 1/4”;;SEPARADO;1;;;1;5,16;SEPARADO;ESSENTRA INDUSTRIA E COMERCIO LTDA;000000;;;
01861501003;005860;61635014108;GABINETE MCP600;;SEPARADO;1;;;1;0;SEPARADO;EVOLUCAO METALURGICA LTDA;000000;;;
01861501003;005860;61635014549;TAMPA ENT CB QD MCP600;;RETIRADO;1;;;1;20,4;RETIRADO;MGK SOLUCOES INDUSTRIAIS PARA CALDEIRARIA LTDA;000000;;;
01861501003;005860;61635020551;PLACA DISJ ABB MCP600;;RETIRADO;1;;;1;139,05;RETIRADO;CMG SOLUCOES E SERVICOS LTDA                                                    ;000000;;;
01861501003;005860;61635027149;TAMPA MCP600 DJ ABB XT5;;RETIRADO;1;;;1;0;RETIRADO;EVOLUCAO METALURGICA LTDA;000000;;;
01861501003;005860;61648013201;TERM. FRONT. EXT. DCM XT5;;SEPARADO;1;;;1;605,95;SEPARADO;APS COMPONENTES ELETRICOS S/A;000000;;;
01861501003;005860;61648036801;DCM 3P FX 400A XT5N TMA;;RETIRADO;1;;;1;3286,5;RETIRADO;ABB ELETRIFICACAO LTDA;013220;;;
01861501003;005860;61648042801;DJ 3P 10A SJ203 T-C10;;SEPARADO;1;;;1;0;SEPARADO;;000000;;;
01861501003;005860;61648042901;DJ 2P 10A SJ202 T-C10;;SEPARADO;1;;;1;0;SEPARADO;;000000;;;
01861501003;005860;61656003801;SUPORTE MODULAR BOTAO ABB;;SEPARADO;1;;;1;9,42;SEPARADO;APS COMPONENTES ELETRICOS S/A;000000;;;
01861501003;005860;61656004001;CONT NF BOTAO ABB LINHA MCB;;SEPARADO;2;;;2;21,07;SEPARADO;ABB ELETRIFICACAO LTDA;000000;;;
01861501003;005860;61656004701;CABECOTE BOTAO EMERGENCIA ABB;;SEPARADO;1;;;1;41,64;SEPARADO;ABB ELETRIFICACAO LTDA;000000;;;
01861501003;005860;61656004801;ADESIVO PARADA DE EMERGENCIA;;SEPARADO;1;;;1;25,7;SEPARADO;APS COMPONENTES ELETRICOS S/A;000000;;;
01861501003;005860;61660000101;BORNE POTENCIAL DUPLO PUSH IN;;SEPARADO;4;;;4;20,8;SEPARADO;PHOENIX CONTACT IND E COMERCIO LTDA;000000;;;
01861501003;005860;61660001201;TER ISOL ANEL 16MM² M8;;SEPARADO;1;;;1;14;SEPARADO;ROMAR ACESSORIOS INDUSTRIAIS LTDA;000000;;;
01861501003;005860;61660001301;TER ISOL ANEL 16MM² M10;;SEPARADO;1;;;1;14,25;SEPARADO;ROMAR ACESSORIOS INDUSTRIAIS LTDA;000000;;;
01861501003;005860;61812000301;DIST TUBUL 30MM 3/8''X5/8';;SEPARADO;2;;;2;3,77;SEPARADO;NIC RAK USIN PECAS AUT TOR LT;000000;;;
01861501004;005860;107045500;"BARRA COBRE 1"" X 5/16""";;SEPARADO;0,6;;;0,6;169,2875;SEPARADO;ANGLO INDUSTRIA E COMERCIO DE METAIS LTDA;013400;;;
01861501008;005860;104192100;BORNE DUPLO PUSH IN 4MM PTTB4;;RETIRADO;2;;;2;8,9;RETIRADO;PHOENIX CONTACT IND E COMERCIO LTDA;000000;;;
01861501008;005860;104193700;ETIQUETA P/ BORNE UCT-TMF6;;SEPARADO;8;;;8;10,63;SEPARADO;PHOENIX CONTACT IND E COMERCIO LTDA;000000;;;
01861501009;005860;104011700;POSTE PF E/UK;;RETIRADO;1;;;1;3,31;RETIRADO;PHOENIX CONTACT IND E COMERCIO LTDA;000000;;;
01861501009;005860;104192100;BORNE DUPLO PUSH IN 4MM PTTB4;;RETIRADO;3;;;3;8,9;RETIRADO;PHOENIX CONTACT IND E COMERCIO LTDA;000000;;;
01861501009;005860;104192200;TAMPA P/ BORNE DUP 4MM D-STTB4;;RETIRADO;1;;;1;2,9;RETIRADO;PHOENIX CONTACT IND E COMERCIO LTDA;000000;;;
01861501009;005860;104193600;SUPORTE IDENTIF P/ POSTE KLM-A;;SEPARADO;1;;;1;3,45;SEPARADO;PHOENIX CONTACT IND E COMERCIO LTDA;000000;;;
01861501009;005860;104193700;ETIQUETA P/ BORNE UCT-TMF6;;SEPARADO;12;;;12;10,63;SEPARADO;PHOENIX CONTACT IND E COMERCIO LTDA;000000;;;
01861501009;005860;104193800;ETIQUETA DE ENCAIXE ESL44X7;;SEPARADO;1;;;1;0,4538;SEPARADO;PHOENIX CONTACT IND E COMERCIO LTDA;000000;;;
01861501009;005860;61648042901;DJ 2P 10A SJ202 T-C10;;SEPARADO;1;;;1;0;SEPARADO;;000000;;;
01861601001;005860;113000200;RESIS INT AQ 1000W 230V 1.1/4;;SEPARADO;1;;;1;176,28;SEPARADO;ELTRA AQUECIMENTO ELETRICO LTDA;000000;;;
01861601001;005860;204125200;IND NV COM PONT 165MM TC;;SEPARADO;1;;;1;530;SEPARADO;TACOBRAS MEDIDORES DE PRECISAO LTDA;013429;;;
01861601001;005860;204566600;SPT RADIADOR FPT KSE315;;SEPARADO;1;;;1;465;SEPARADO;CMG SOLUCOES E SERVICOS LTDA                                                    ;013424;;;
01861601001;005860;204566700;SPT MOTOR FPT KSE315 AMT VS;;SEPARADO;1;;;1;831;SEPARADO;CMG SOLUCOES E SERVICOS LTDA                                                    ;013424;;;
01861601001;005860;204566800;SPT PNL COMANDO FPT KSE315;;SEPARADO;1;;;1;476;SEPARADO;CMG SOLUCOES E SERVICOS LTDA                                                    ;013424;;;
01861601001;005860;210006400;PF DIN912 M10X25 12.9 PT;;SEPARADO;8;;;8;1,36;SEPARADO;MULT TEMPERA COAT TECNOLOGIA EM TRATAMENTO TERMICO E REVESTIMENTOS SUPERFICIAIS;000000;;;
01861601001;005860;210043900;TERMINACAO RETA PG70;;SEPARADO;1;;;1;0;SEPARADO;MX MATERIAIS ELETRICOS LTDA ----BLOQUEADO---;#N/D;;;
01861601001;005860;214007400;TUBO CORRUGADO PG70;;SEPARADO;1;;;1;143,21;SEPARADO;PROAUTO ELECTRIC LTDA;000000;;;
01861601001;005860;302000700;PRE AQ KIT USQ D3;;SEPARADO;1;;;1;0;SEPARADO;;000000;;;
01861601001;005860;30702002801;BARRA ROSCADA;;SEPARADO;2;;;2;17,07;SEPARADO;METALPRESS METAL LTDA;000000;;;
01861601001;005860;31613127301;COTOVELO 90° P/ ELETROD PG70;;SEPARADO;1;;;1;0;SEPARADO;;000000;;;
01861601001;005860;31805000303;ABRACADEIRA CRON D17-27 AC;;RETIRADO;6;;;6;4,0084;RETIRADO;METALURGICA SUPRENS LTDA;000000;;;
01861601001;005860;31807001223;JUNTA DE VEDACAO D18XD24X1,5;;SEPARADO;2;;;2;2,65;SEPARADO;HITOCOM MATERIAIS TECNICOS E SERVICOS LTDA;000000;;;
01861601001;005860;31810002505;MANGUEIRA FLEXIVEL 12X19;;SEPARADO;0,6;;;0,6;45,09;SEPARADO;HITOCOM MATERIAIS TECNICOS E SERVICOS LTDA;000000;;;
01861601001;005860;60101002701;MOTOR FPT N67 TE8W F3;;FALTA;1;;;1;62851,78;FALTA;FPT INDUSTRIAL BRASIL ;012913;;;
01861601001;005860;60201011201;GS WEG AG10 250SI20AI MU F3;;FALTA;1;;;1;29320,43876;FALTA;WEG EQUIPAMENTOS ELETRICOS S/A;012883;;;
01861601001;005860;60501000808;SPT KIT ALIM EXT MAQ ABR;;SEPARADO;1;;;1;41;SEPARADO;CMG SOLUCOES E SERVICOS LTDA                                                    ;013424;;;
01861601001;005860;60501001601;TAMPA BOC ABAST TANCLIK  A101C;;SEPARADO;1;;;1;0;SEPARADO;ITULUB ITUMBIARA LUBRIFICANTES LTDA;012885;;;
01861601001;005860;60501004708;FLANGE TQ POLI RETORNO;;SEPARADO;1;;;1;107;SEPARADO;EVOLUCAO METALURGICA LTDA;012886;;;
01861601001;005860;60501005808;FLANGE CEGA TQ POLIETILENO;;SEPARADO;1;;;1;71,96;SEPARADO;MGK SOLUCOES INDUSTRIAIS PARA CALDEIRARIA LTDA;012885;;;
01861601001;005860;60501005908;FLANGE IND NV TACOBRAS TQ POLI;;SEPARADO;1;;;1;160;SEPARADO;CMG SOLUCOES E SERVICOS LTDA                                                    ;013424;;;
01861601001;005860;60501006408;"FLANGE LUVA 3/4""NPT TQ POLIET";;SEPARADO;1;;;1;112;SEPARADO;CMG SOLUCOES E SERVICOS LTDA                                                    ;013424;;;
01861601001;005860;60501006508;"FLANGE PESC 3/4""NPT TQ POLIET";;SEPARADO;1;;;1;112;SEPARADO;CMG SOLUCOES E SERVICOS LTDA                                                    ;013424;;;
01861601001;005860;60501006708;TRAVA FIX TQ 200L METALICO;;SEPARADO;2;;;2;18,84;SEPARADO;METALPRESS METAL LTDA;000000;;;
01861601001;005860;60501010108;TQ COMB BS KSE117 200L ACO;;SEPARADO;1;;;1;3765;SEPARADO;CMG SOLUCOES E SERVICOS LTDA                                                    ;013424;;;
01861601001;005860;60501010608;FLANGE TQ 200L POLI ABAST KVA;;SEPARADO;1;;;1;197;SEPARADO;EVOLUCAO METALURGICA LTDA;000000;;;
01861601001;005860;60501010708;BOCAL ENCHIMENTO TQ TANCLICK;;FALTA;1;;;1;180;FALTA;GW METAL INDUSTRIA E COMERCIO LTDA;014286;0;;
01861601001;005860;60702001608;SPT FIX BATERIA 100AH;;SEPARADO;1;;;1;25;SEPARADO;EVOLUCAO METALURGICA LTDA;000000;;;
01861601001;005860;60702002908;SPT BATERIA 100AH KSE220;;SEPARADO;1;;;1;91,5;SEPARADO;EVOLUCAO METALURGICA LTDA;000000;;;
01861601001;005860;60702003601;BATERIA 12V 95AH 680CCA KONDOR;;SEPARADO;2;;;2;660;SEPARADO;JMS BATERIAS  LTDA;013211;;;
01861601001;005860;60901004116;FLANGE ESC DE120 X DI77;;SEPARADO;1;;;1;41;SEPARADO;CMG SOLUCOES E SERVICOS LTDA                                                    ;013424;;;
01861601001;005860;60901004201;JUNTA ESC DE120 X DI77;;SEPARADO;1;;;1;38,47;SEPARADO;SCAPSUL EQUIPAMENTOS RODOVIARIOS LTDA;013409;;;
01861601001;005860;60901008316;"FLEXIVEL FPT 3""";;SEPARADO;1;;;1;342,06;SEPARADO;SCAPSUL EQUIPAMENTOS RODOVIARIOS LTDA;013409;;;
01861601001;005860;61101001301;SENS NV COMB ULTRAS K40LSR;;SEPARADO;1;;;1;503,31;SEPARADO;KVA INDUSTRIA E COMERCIO LTDA;013397;;;
01861601001;005860;61103000100;"BOIA MEC FV34-75-PP130 3/4""BSP";;SEPARADO;1;;;1;835,95;SEPARADO;SANTAE EQUIPAMENTOS DE ENGENHARIA LTDA -;013408;;;
01861601001;005860;61301008308;BS KSE315 DC09 MOD;;SEPARADO;1;;;1;3866,2;SEPARADO;MGK SOLUCOES INDUSTRIAIS PARA CALDEIRARIA LTDA;000000;;;
01861601001;005860;61303000301;AMT VIBRA-STOP TRAD 2F 1/2;;FALTA;6;;;6;235,4;FALTA;VIBRA -STOP AMORTECEDORES DE VIBRACAO LTDA;014289;0;;
01861601001;005860;61307005908;TAMPA TQ REMOV KSE325;;SEPARADO;1;;;1;453;SEPARADO;CMG SOLUCOES E SERVICOS LTDA                                                    ;013424;;;
01861601001;005860;61307011808;SPT ALT WG AG10 280 KSE316;;SEPARADO;2;;;2;1129,03;SEPARADO;METALPRESS METAL LTDA;000000;;;
01861601001;005860;61602008908;TAMPA FECH CX AG10H250 QTA INC;;SEPARADO;1;;;1;27,22;SEPARADO;ACO FORT FERRO LTDA;000000;;;
01861601001;005860;61602010308;TAMPA SUP CX AG10 H250 PG70;;SEPARADO;1;;;1;147;SEPARADO;CMG SOLUCOES E SERVICOS LTDA                                                    ;013424;;;
01861601001;005860;61801003101;PF DIN912 M10X45 12.9 PT;;SEPARADO;12;;;12;1,78;SEPARADO;MULT TEMPERA COAT TECNOLOGIA EM TRATAMENTO TERMICO E REVESTIMENTOS SUPERFICIAIS;000000;;;
01861601001;005860;61802000111;"BICO RM 1/2""NPT MANG 1/2"" BIC";;SEPARADO;3;;;3;12,9;SEPARADO;REI DAS MANGUEIRAS MAQUINAS E EQUIPAMENTOS LTDA-ME;013238;;;
01861601001;005860;61802000311;BICO RM 1/2 POL.NPT FM16 MANG;;SEPARADO;1;;;1;76,92;SEPARADO;CMG SOLUCOES E SERVICOS LTDA                                                    ;013424;;;
01861601001;005860;61802000422;COTOVELO MF 90 1 2NPT GALV;;SEPARADO;1;;;1;6,5;SEPARADO;REI DAS MANGUEIRAS MAQUINAS E EQUIPAMENTOS LTDA-ME;013238;;;
01861601001;005860;61802000711;BICO RM 1/2 NPT MANG 3/8 BIC;;SEPARADO;1;;;1;13,62;SEPARADO;REI DAS MANGUEIRAS MAQUINAS E EQUIPAMENTOS LTDA-ME;013238;;;
01861601001;005860;61802001622;"BICO RM M18X1,5 MANG 5/8"" BIC";;SEPARADO;2;;;2;45;SEPARADO;REI DAS MANGUEIRAS MAQUINAS E EQUIPAMENTOS LTDA-ME;000000;;;
01861601001;005860;61802014411;"BICO RM 1/2""NPT MANG 3/4"" BIC";;SEPARADO;2;;;2;76,92;SEPARADO;CMG SOLUCOES E SERVICOS LTDA                                                    ;013424;;;
01861601001;005860;61805000222;ABRACADEIRA CRON D14-22 AC;;SEPARADO;2;;;2;3,9773;SEPARADO;METALURGICA SUPRENS LTDA;000000;;;
01861601001;005860;61809000101;"VALV ESFERA F/F 1/2"" NPT";;SEPARADO;1;;;1;35,25;SEPARADO;HITOCOM MATERIAIS TECNICOS E SERVICOS LTDA;000000;;;
01861601001;005860;91801007305;ARR M10 DIN 9250 PT;;SEPARADO;20;;;20;0,69;SEPARADO;MULT TEMPERA COAT TECNOLOGIA EM TRATAMENTO TERMICO E REVESTIMENTOS SUPERFICIAIS;000000;;;
01861601003;005860;104011700;POSTE PF E/UK;;RETIRADO;1;;;1;3,31;RETIRADO;PHOENIX CONTACT IND E COMERCIO LTDA;000000;;;
01861601003;005860;104192100;BORNE DUPLO PUSH IN 4MM PTTB4;;RETIRADO;3;;;3;8,9;RETIRADO;PHOENIX CONTACT IND E COMERCIO LTDA;000000;;;
01861601003;005860;104192200;TAMPA P/ BORNE DUP 4MM D-STTB4;;RETIRADO;1;;;1;2,9;RETIRADO;PHOENIX CONTACT IND E COMERCIO LTDA;000000;;;
01861601003;005860;104193600;SUPORTE IDENTIF P/ POSTE KLM-A;;SEPARADO;1;;;1;3,45;SEPARADO;PHOENIX CONTACT IND E COMERCIO LTDA;000000;;;
01861601003;005860;104193700;ETIQUETA P/ BORNE UCT-TMF6;;SEPARADO;12;;;12;10,63;SEPARADO;PHOENIX CONTACT IND E COMERCIO LTDA;000000;;;
01861601003;005860;104193800;ETIQUETA DE ENCAIXE ESL44X7;;SEPARADO;1;;;1;0,4538;SEPARADO;PHOENIX CONTACT IND E COMERCIO LTDA;000000;;;
01861601003;005860;61648042901;DJ 2P 10A SJ202 T-C10;;SEPARADO;1;;;1;0;SEPARADO;;000000;;;
01861601004;005860;104010000;GRAMPO BAR 10X3MM 0.50-4.00MM;;SEPARADO;4;;;4;1,94;SEPARADO;PHOENIX CONTACT IND E COMERCIO LTDA;000000;;;
01861601004;005860;104011700;POSTE PF E/UK;;RETIRADO;6;;;6;3,31;RETIRADO;PHOENIX CONTACT IND E COMERCIO LTDA;000000;;;
01861601004;005860;104192100;BORNE DUPLO PUSH IN 4MM PTTB4;;RETIRADO;21;;;21;8,9;RETIRADO;PHOENIX CONTACT IND E COMERCIO LTDA;000000;;;
01861601004;005860;104192200;TAMPA P/ BORNE DUP 4MM D-STTB4;;RETIRADO;6;;;6;2,9;RETIRADO;PHOENIX CONTACT IND E COMERCIO LTDA;000000;;;
01861601004;005860;104193600;SUPORTE IDENTIF P/ POSTE KLM-A;;SEPARADO;6;;;6;3,45;SEPARADO;PHOENIX CONTACT IND E COMERCIO LTDA;000000;;;
01861601004;005860;104193700;ETIQUETA P/ BORNE UCT-TMF6;;SEPARADO;100;;;100;10,63;SEPARADO;PHOENIX CONTACT IND E COMERCIO LTDA;000000;;;
01861601004;005860;104193800;ETIQUETA DE ENCAIXE ESL44X7;;SEPARADO;6;;;6;0,4538;SEPARADO;PHOENIX CONTACT IND E COMERCIO LTDA;000000;;;
01861501003;005860;61635014251;SPT DJ ABB T5 MCP600;;RETIRADO;1;;;1;0;RETIRADO;SASSI MEDIDORES E TRANSFORMADORES EIRELI;000000;;;
01861501003;005860;61635022920;TAMPA QD MQF2500;;SEPARADO;1;;;1;0;SEPARADO;;000000;;;
01861501003;005860;61640001651;SPT DJ SCH CVS 250A MQCF;;SEPARADO;1;;;1;0;SEPARADO;;000000;;;
01861501003;005860;61635014349;TAMPA QD MCP600 DJ ABB T5 MAN;;RETIRADO;1;;;1;0;RETIRADO;SASSI MEDIDORES E TRANSFORMADORES EIRELI;000000;;;
01861501003;005860;61647032201;DCM 3P FX 630A T5N LS/I;;SEPARADO;1;;;1;0;SEPARADO;SASSI MEDIDORES E TRANSFORMADORES EIRELI;000000;;;
01861501003;005860;115000700;TC 600/5A HB603 ABB;;SEPARADO;3;;;3;0;SEPARADO;SASSI MEDIDORES E TRANSFORMADORES EIRELI;000000;;;
01861601004;005860;105072100;TC SASSI 400-5A ST-42;;RETIRADO;3;;;3;91,5;RETIRADO;SASSI MEDIDORES E TRANSFORMADORES EIRELI;013170;;;
01861601004;005860;61635014251;SPT DJ ABB T5 MCP600;;RETIRADO;1;;;1;0;RETIRADO;ABB ELETRIFICACAO LTDA;013220;;;
01861601004;005860;61635022920;TAMPA QD MQF2500;;SEPARADO;1;;;1;0;SEPARADO;ABB ELETRIFICACAO LTDA;000000;;;
01861601004;005860;61640001651;SPT DJ SCH CVS 250A MQCF;;SEPARADO;1;;;1;0;SEPARADO;ABB ELETRIFICACAO LTDA;000000;;;
01861601004;005860;61635014349;TAMPA QD MCP600 DJ ABB T5 MAN;;RETIRADO;1;;;1;0;RETIRADO;ABB ELETRIFICACAO LTDA;013220;;;
01861601004;005860;61647032201;DCM 3P FX 630A T5N LS/I;;SEPARADO;1;;;1;0;SEPARADO;ABB ELETRIFICACAO LTDA;013220;;;
01861601004;005860;115000700;TC 600/5A HB603 ABB;;SEPARADO;3;;;3;0;SEPARADO;ABB ELETRIFICACAO LTDA;013220;;;
01861601004;005860;106001500;DJ 1P 10A CURVA C 10KA S201;;RETIRADO;3;;;3;28,77;RETIRADO;ABB ELETRIFICACAO LTDA;013220;;;
01861601004;005860;107078500;CB COBRE NU 16MM2;;SEPARADO;0,5;;;0,5;10,2811;SEPARADO;COBREFLEX INDUSTRIA, DISTRIBUICAO E COMERCIO DE FIOS E CABOS EIRELI;000000;;;
01861601004;005860;107184900;BARRA TERRA COMANDO 10X3MM;;SEPARADO;0,2;;;0,2;205;SEPARADO;ROMAR ACESSORIOS INDUSTRIAIS LTDA;000000;;;
01861601004;005860;109092400;ISOLADOR CIL 16X30 MM M6;;SEPARADO;2;;;2;9,06;SEPARADO;MX MATERIAIS ELETRICOS LTDA ----BLOQUEADO---;000000;;;
01861601004;005860;31602317249;CX CONEXAO PG70 NT4500;;SEPARADO;1;;;1;87;SEPARADO;CMG SOLUCOES E SERVICOS LTDA                                                    ;013424;;;
01861601004;005860;61405001201;DOBRADICA TASCO 91591;;SEPARADO;2;;;2;12,08;SEPARADO;TASCO LTDA;000000;;;
01861601004;005860;61405001301;FECHO TASCO 25085;;SEPARADO;1;;;1;10,7335;SEPARADO;TASCO LTDA;000000;;;
01861601004;005860;61405001502;PASSA CABO P/ PAINEL 1 1/4”;;SEPARADO;1;;;1;5,16;SEPARADO;ESSENTRA INDUSTRIA E COMERCIO LTDA;000000;;;
01861601004;005860;61635014108;GABINETE MCP600;;SEPARADO;1;;;1;0;SEPARADO;EVOLUCAO METALURGICA LTDA;000000;;;
01861601004;005860;61635014549;TAMPA ENT CB QD MCP600;;RETIRADO;1;;;1;41;RETIRADO;CMG SOLUCOES E SERVICOS LTDA                                                    ;013424;;;
01861601004;005860;61635026049;TAMPA CEGA MCP600 C/ BOT EMER;;SEPARADO;1;;;1;270;SEPARADO;CMG SOLUCOES E SERVICOS LTDA                                                    ;013424;;;
01861601004;005860;61635020551;PLACA DISJ ABB MCP600;;RETIRADO;1;;;1;139,05;RETIRADO;CMG SOLUCOES E SERVICOS LTDA                                                    ;000000;;;
01861601004;005860;61635027149;TAMPA MCP600 DJ ABB XT5;;RETIRADO;1;;;1;0;RETIRADO;CMG SOLUCOES E SERVICOS LTDA                                                    ;000000;;;
01861601004;005860;61648013201;TERM. FRONT. EXT. DCM XT5;;RETIRADO;1;;;1;605,95;RETIRADO;ABB ELETRIFICACAO LTDA;000000;;;
01861601004;005860;61648036801;DCM 3P FX 400A XT5N TMA;;RETIRADO;1;;;1;3286,5;RETIRADO;ABB ELETRIFICACAO LTDA;013220;;;
01861601004;005860;61648042801;DJ 3P 10A SJ203 T-C10;;SEPARADO;1;;;1;0;SEPARADO;;000000;;;
01861601004;005860;61648042901;DJ 2P 10A SJ202 T-C10;;SEPARADO;1;;;1;0;SEPARADO;;000000;;;
01861601004;005860;61656003801;SUPORTE MODULAR BOTAO ABB;;SEPARADO;1;;;1;9,42;SEPARADO;APS COMPONENTES ELETRICOS S/A;000000;;;
01861601004;005860;61656004701;CABECOTE BOTAO EMERGENCIA ABB;;SEPARADO;1;;;1;41,64;SEPARADO;ABB ELETRIFICACAO LTDA;000000;;;
01861601004;005860;61656004801;ADESIVO PARADA DE EMERGENCIA;;SEPARADO;1;;;1;25,7;SEPARADO;APS COMPONENTES ELETRICOS S/A;000000;;;
01861601004;005860;61660000101;BORNE POTENCIAL DUPLO PUSH IN;;SEPARADO;4;;;4;20,8;SEPARADO;PHOENIX CONTACT IND E COMERCIO LTDA;000000;;;
01861601004;005860;61660001201;TER ISOL ANEL 16MM² M8;;SEPARADO;1;;;1;14;SEPARADO;ROMAR ACESSORIOS INDUSTRIAIS LTDA;000000;;;
01861601004;005860;61660001301;TER ISOL ANEL 16MM² M10;;SEPARADO;1;;;1;14,25;SEPARADO;ROMAR ACESSORIOS INDUSTRIAIS LTDA;000000;;;
01861601004;005860;61812000301;DIST TUBUL 30MM 3/8''X5/8';;SEPARADO;2;;;2;3,77;SEPARADO;NIC RAK USIN PECAS AUT TOR LT;000000;;;
01861601005;005860;107045500;"BARRA COBRE 1"" X 5/16""";;SEPARADO;0,6;;;0,6;169,2875;SEPARADO;ANGLO INDUSTRIA E COMERCIO DE METAIS LTDA;013400;;;
01861601009;005860;104192100;BORNE DUPLO PUSH IN 4MM PTTB4;;RETIRADO;2;;;2;8,9;RETIRADO;PHOENIX CONTACT IND E COMERCIO LTDA;000000;;;
01861601009;005860;104193700;ETIQUETA P/ BORNE UCT-TMF6;;SEPARADO;8;;;8;10,63;SEPARADO;PHOENIX CONTACT IND E COMERCIO LTDA;000000;;;
01861401011;005860;61652005501;"BASE RELE CR-M 2 OU 4C/O ABB		";;SEPARADO;8;;;8;28,53;SEPARADO;ABB ELETRIFICACAO LTDA;013416;;;
01861401004;005860;61656003901;CONT NA BOTAO ABB LINHA MCB;;SEPARADO;6;;;6;19,08;SEPARADO;ABB ELETRIFICACAO LTDA;013416;;;
01862301018;005889;101042400;MOD DSE 8660-02 8-35VCC;;FALTA;1;;;1;8173,99;FALTA;FABEL INNECCO ENG.COM.PROD.ELETRO LTDA;000000;;;
01861401004;005860;61656004001;CONT NF BOTAO ABB LINHA MCB;;SEPARADO;15;;;15;19,08;SEPARADO;ABB ELETRIFICACAO LTDA;013416;;;
01847101005;004469;61648018301;DA 3P FX 2500A E2.2N LI;;FALTA;2;;;2;18320,69;FALTA;ABB ELETRIFICACAO LTDA;013328;;;
01861601004;005860;61656004001;CONT NF BOTAO ABB LINHA MCB;;SEPARADO;2;;;2;8,64;SEPARADO;ABB ELETRIFICACAO LTDA;013220;;;
006354X;006354;60101001401;MOTOR PERKINS 1103A-33TG1;;FALTA;1;;;1;24776,46;FALTA;SOMOV S.A;000000;;;
006354X;006354;60201019401;GS WEG AW10 BR180S1-H MU F3 T ;;FALTA;1;;;1;10554,29;FALTA;WEG EQUIPAMENTOS ELETRICOS S/A;000000;;;
006356X;006356;60101001401;MOTOR PERKINS 1103A-33TG1;;FALTA;1;;;1;24776,46;FALTA;SOMOV S.A;000000;;;
006356X;006356;60201019401;GS WEG AW10 BR180S1-H MU F3 T ;;FALTA;1;;;1;10554,29;FALTA;WEG EQUIPAMENTOS ELETRICOS S/A;000000;;;
006358X;006358;60101003901;MOTOR VOLVO TAD842GE F1;;FALTA;1;;;1;88099,14;FALTA;VOLVO DO BRASIL VEICULOS LTDA;000000;;;
006358X;006358;60201012301;GS WEG AG10 250MI00AI MU F1;;FALTA;1;;;1;33799,15;FALTA;WEG EQUIPAMENTOS ELETRICOS S/A;000000;;;
01865601003;006372;104011700;POSTE PF E/UK;;RETIRADO;5;;;5;4,24;RETIRADO;PHOENIX CONTACT IND E COMERCIO LTDA;  /  /    ;;;
01865601003;006372;104192100;BORNE DUPLO PUSH IN 4MM PTTB4;;RETIRADO;16;;;16;9,23;RETIRADO;PHOENIX CONTACT IND E COMERCIO LTDA;  /  /    ;;;
01865601003;006372;104192200;TAMPA P/ BORNE DUP 4MM D-STTB4;;RETIRADO;4;;;4;2,42;RETIRADO;PHOENIX CONTACT IND E COMERCIO LTDA;  /  /    ;;;
01865601003;006372;104193300;JUMPER P BORNE DUP 4MM FBS3-6;;SEPARADO;1;;;1;26,52;SEPARADO;PHOENIX CONTACT IND E COMERCIO LTDA;  /  /    ;;;
01865601003;006372;104193600;SUPORTE IDENTIF P/ POSTE KLM-A;;SEPARADO;4;;;4;37,09;SEPARADO;PHOENIX CONTACT IND E COMERCIO LTDA;  /  /    ;;;
01865601003;006372;104193700;ETIQUETA P/ BORNE UCT-TMF6;;SEPARADO;64;;;64;62,45;SEPARADO;PHOENIX CONTACT IND E COMERCIO LTDA;  /  /    ;;;
01865601003;006372;104193800;ETIQUETA DE ENCAIXE ESL44X7;;SEPARADO;4;;;4;52,1838;SEPARADO;PHOENIX CONTACT IND E COMERCIO LTDA;  /  /    ;;;
01865601003;006372;109017000;PROT PLC 725X700 JNG;;SEPARADO;1;;;1;0;SEPARADO;0;  /  /    ;;;
01865601003;006372;109000100;ISOLADOR BUJAO 47X45MM M8;;SEPARADO;8;;;8;42,3;SEPARADO;MX MATERIAIS ELETRICOS LTDA;TABELA;;;
01865601003;006372;109092900;ISOLADOR CIL 40X40MM M8;;RETIRADO;8;;;8;42,3;RETIRADO;MX MATERIAIS ELETRICOS LTDA;TABELA;;;
01865601003;006372;111290100;QD KTA 1400X800X600;;SEPARADO;1;;;1;4996,53;SEPARADO;VOSKI PAINEIS INDUSTRIAIS LTDA;  /  /    ;;;
01865601003;006372;61646009101;PROT SURTO DPS E-LED 20KA 275V;;SEPARADO;1;;;1;70,61;SEPARADO;EMBRASTEC INDUSTRIA.COM.EQUIP.ELETRONICOS LTDA;013784;;;
01865601003;006372;61648042801;DJ 3P 10A SJ203 T-C10;;RETIRADO;1;;;1;48,61;RETIRADO;ABB ELETRIFICACAO LTDA;  /  /    ;;;
01865601003;006372;61648042901;DJ 2P 10A SJ202 T-C10;;SEPARADO;3;;;3;35;SEPARADO;ABB ELETRIFICACAO LTDA;  /  /    ;;;
01865601003;006372;61649000112;CH COMUT MOT 4P 220V 1600A JNG;;SEPARADO;1;;;1;12067,68;SEPARADO;JOINING COMERCIO ELETRO-ELETRICOS LTDA;013788;;;
01865601003;006372;61656003801;SUPORTE MODULAR BOTAO ABB;;SEPARADO;3;;;3;5,55;SEPARADO;ABB ELETRIFICACAO LTDA;TABELA;;;
01865601003;006372;61656003901;CONT NA BOTAO ABB LINHA MCB;;SEPARADO;1;;;1;9,33;SEPARADO;ABB ELETRIFICACAO LTDA;  /  /    ;;;
01865601003;006372;61656004001;CONT NF BOTAO ABB LINHA MCB;;SEPARADO;2;;;2;9,34;SEPARADO;ABB ELETRIFICACAO LTDA;TABELA;;;
01865601003;006372;61656004201;BLOCO LED BRANCO 230VCA ABB;;SEPARADO;2;;;2;63;SEPARADO;APS COMPONENTES ELETRICOS S/A;  /  /    ;;;
01865601003;006372;61656004601;CABECOTE SINALEIRO LED VM ABB;;RETIRADO;2;;;2;135;RETIRADO;ROMAR ACESSORIOS INDUSTRIAIS LTDA;  /  /    ;;;
01865601003;006372;61656004701;CABECOTE BOTAO EMERGENCIA ABB;;RETIRADO;1;;;1;40,97;RETIRADO;ABB ELETRIFICACAO LTDA;TABELA;;;
01865601003;006372;61656004801;ADESIVO PARADA DE EMERGENCIA;;SEPARADO;1;;;1;25,7;SEPARADO;APS COMPONENTES ELETRICOS S/A;  /  /    ;;;
01865601004;006372;61652005401;BASE RELE CR-M 3C/O ABB;;SEPARADO;1;;;1;17,42;SEPARADO;ABB ELETRIFICACAO LTDA;TABELA;;;
01865601004;006372;61652005701;GRAMPO RELE CR-MH;;SEPARADO;1;;;1;2,19;SEPARADO;ABB ELETRIFICACAO LTDA;  /  /    ;;;
01865601004;006372;61652007101;RL 3C/O 10A CR-M230AC3 230VAC;;SEPARADO;1;;;1;41,41;SEPARADO;ABB ELETRIFICACAO LTDA;TABELA;;;
01865601004;006372;61652007901;SUPRESSOR DE SURTO CR-P/M92C;;SEPARADO;1;;;1;45,97605;SEPARADO;ABB ELETRIFICACAO LTDA;TABELA;;;
01865601005;006372;61652005501;BASE RELE CR-M 2 OU 4C/O ABB;;SEPARADO;1;;;1;18,78;SEPARADO;ABB ELETRIFICACAO LTDA;TABELA;;;
01865601005;006372;61652005701;GRAMPO RELE CR-MH;;SEPARADO;1;;;1;2,19;SEPARADO;ABB ELETRIFICACAO LTDA;TABELA;;;
01865601005;006372;61652007601;RL 4C/O 6A CR-M230AC4 230VAC;;SEPARADO;1;;;1;42,8;SEPARADO;ABB ELETRIFICACAO LTDA;TABELA;;;
01865601005;006372;61652007901;SUPRESSOR DE SURTO CR-P/M92C;;SEPARADO;1;;;1;45,97605;SEPARADO;ABB ELETRIFICACAO LTDA;TABELA;;;
01865601006;006372;107055100;"BARRA COBRE 3"" X 3/8""";;RETIRADO;5,6;;;6;574,6083333;RETIRADO;ANGLO INDUSTRIA E COMERCIO DE METAIS LTDA;TABELA;;;
01865601007;006372;107050900;BARRA COBRE 2 X 5/16;;FALTA;0,3;;;6;339,55492;FALTA;ANGLO INDUSTRIA E COMERCIO DE METAIS LTDA;013920;0,0325;;
01865701001;006372;113001700;RESIS INT AQ 1500W 230V 1 1 4;;FALTA;1;;;1;182;FALTA;ELTRA AQUECIMENTO ELETRICO LTDA;013922;0,065;;
01865701001;006372;204171200;BICO M M16X1.5 MANG 1/2 BIC;;SEPARADO;2;;;2;36;SEPARADO;EVOLUCAO METALURGICA LTDA;  /  /    ;;;
01865701001;006372;302000700;PRE AQ KIT USQ D3;;SEPARADO;1;;;1;0;SEPARADO;0;  /  /    ;;;
01865701001;006372;30702002801;BARRA ROSCADA 6MM;;FALTA;3;;;3;75;FALTA;GW METAL INDUSTRIA E COMERCIO LTDA;013949;0;;
01865701001;006372;30702003009;SUPORTE DE FIXACAO DA BATERIA;;FALTA;1;;;1;12;FALTA;GW METAL INDUSTRIA E COMERCIO LTDA;013949;0;;
01865701001;006372;30901138501;TAMPA ARTICULADA DO ESCAPAMENT;;SEPARADO;1;;;1;335,34;SEPARADO;SCAPSUL EQUIPAMENTOS RODOVIARIOS LTDA;  /  /    ;;;
01865701001;006372;31303003802;AMV SCM-420NR 60SH;;SEPARADO;6;;;6;3604,6;SEPARADO;ACCESORIOS ELASTICOS LESOL S L;  /  /    ;;;
01865701001;006372;31601193801NE;BOTAO EMERGENCIA CARENAGEM 2NF;;RETIRADO;1;;;1;8548,9321;RETIRADO;SDMO  INDUSTRIES;  /  /    ;;;
01865701001;006372;31601250608;SUPORTE CHICOTE ELETRICO;;SEPARADO;1;;;1;28,64;SEPARADO;ACO FORT FERRO LTDA;  /  /    ;;;
01865701001;006372;31805000223;ABRACADEIRA TIPO U D145;;FALTA;1;;;1;111,2;FALTA;SCAPSUL EQUIPAMENTOS RODOVIARIOS LTDA;013930;0;;
01865701001;006372;31805000306;ABRACADEIRA CRON D32-51 AC;;FALTA;2;;;2;6;FALTA;REI DAS MANGUEIRAS MAQUINAS E EQUIPAMENTOS LTDA-ME;000000;0;;
01865701001;006372;31805000323;ABRACADEIRA CRON D20-32 AC;;FALTA;4;;;4;5;FALTA;REI DAS MANGUEIRAS MAQUINAS E EQUIPAMENTOS LTDA-ME;.;0;;
01865701001;006372;31807001220;JUNTA DE VEDACAO D16XD22X1,5;;SEPARADO;2;;;2;2,36;SEPARADO;HITOCOM MATERIAIS TECNICOS E SERVICOS LTDA;  /  /    ;;;
01865701001;006372;31807001223;JUNTA DE VEDACAO D18XD24X1,5;;SEPARADO;1;;;1;2,65;SEPARADO;HITOCOM MATERIAIS TECNICOS E SERVICOS LTDA;  /  /    ;;;
01865701001;006372;31807001227;JUNTA DE VEDACAO D22XD27X1,5;;SEPARADO;1;;;1;4,6;SEPARADO;HITOCOM MATERIAIS TECNICOS E SERVICOS LTDA;  /  /    ;;;
01865701001;006372;31810004106;MANGUEIRA FLEXIVEL 16X23;;SEPARADO;1,5;;;1,5;52;SEPARADO;REI DAS MANGUEIRAS MAQUINAS E EQUIPAMENTOS LTDA-ME;  /  /    ;;;
01865701001;006372;31810006103;MANGUEIRA FLEXIVEL 16X26;;SEPARADO;3,5;;;3,5;80;SEPARADO;REI DAS MANGUEIRAS MAQUINAS E EQUIPAMENTOS LTDA-ME;  /  /    ;;;
01865701001;006372;60101005301;MOTOR SC DC13-72A-0212 F1 MOD;;FALTA;1;;;1;177061;FALTA;SCANIA LATIN AMERICA LTDA;013929;0;;
01865701001;006372;60201000501;GS WG AG10-280MI20 F1 MS;;RETIRADO;1;;;1;43411,04997;RETIRADO;WEG EQUIPAMENTOS ELETRICOS S/A;013886;;;
01865701001;006372;60201000601;GS WG AG10-280MI30 F1 MS;;RETIRADO;1;;;1;45408,58502;RETIRADO;WEG EQUIPAMENTOS ELETRICOS S/A;014290;0;;
01865701001;006372;60201018301;GS WEG AG10 280MI20AI MU F1 CTZ;;SEPARADO;1;;;1;45408,58502;SEPARADO;WEG EQUIPAMENTOS ELETRICOS S/A;014290;0;;
01865701001;006372;60405000308;TUBO RESPIRO KSE325 DC13;;SEPARADO;1;;;1;149,06;SEPARADO;SCAPSUL EQUIPAMENTOS RODOVIARIOS LTDA;  /  /    ;;;
01865701001;006372;60501001601;TAMPA BOC ABAST TANCLIK  A101C;;FALTA;1;;;1;48;FALTA;ITULUB ITUMBIARA LUBRIFICANTES LTDA;013924;0;;
01865701001;006372;60501004501;TQ COMB 400L POLIETILENO;;SEPARADO;1;;;1;2057;SEPARADO;ACCURATE MACHINE USINAGEM DE PRECISAO LTDA ME;  /  /    ;;;
01865701001;006372;60501004708;FLANGE TQ POLI RETORNO;;FALTA;1;;;1;148;FALTA;GW METAL INDUSTRIA E COMERCIO LTDA;013949;0;;
01865701001;006372;60501004908;TRAVA FIX 450L;;SEPARADO;1;;;1;26,63;SEPARADO;AÇO FORT;  /  /    ;;;
01865701001;006372;60501007108;SPT PRE FILTRO SC RAD NACIONAL;;SEPARADO;1;;;1;67,58;SEPARADO;ACO FORT FERRO LTDA;  /  /    ;;;
01865701001;006372;60501008608;CONTRA FLANGE TQ POLIETILENO;;FALTA;2;;;2;15;FALTA;GW METAL INDUSTRIA E COMERCIO LTDA;013949;0;;
01865701001;006372;60501010408;FLANGE TQ 400L POLI ABAST KVA;;SEPARADO;1;;;1;150;SEPARADO;AÇO FORT;013949;0,0325;;
01865701001;006372;60501010708;BOCAL ENCHIMENTO TQ TANCLICK;;FALTA;1;;;1;148;FALTA;GW METAL INDUSTRIA E COMERCIO LTDA;013949;0;;
01865701001;006372;60702002108;SPT BATERIA 2X150AH KSE325;;FALTA;1;;;1;383;FALTA;GW METAL INDUSTRIA E COMERCIO LTDA;013949;0;;
01865701001;006372;60702003701;BATERIA 12V 150AH 900CCA KONDO;;SEPARADO;2;;;2;795;SEPARADO;JMS BATERIAS  LTDA;  /  /    ;;;
01865701001;006372;60901004601;JUNTA ESC DE185 X DI28;;SEPARADO;1;;;1;42,68;SEPARADO;SCAPSUL EQUIPAMENTOS RODOVIARIOS LTDA;  /  /    ;;;
01865701001;006372;60901007616;EXTENSAO SAIDA SILENCIOSO;;SEPARADO;1;;;1;215,73;SEPARADO;SCAPSUL EQUIPAMENTOS RODOVIARIOS LTDA;  /  /    ;;;
01865701001;006372;60901010516;SILENCIOSO 40DBA KSE325;;SEPARADO;1;;;1;4762,54;SEPARADO;SCAPSUL EQUIPAMENTOS RODOVIARIOS LTDA;  /  /    ;;;
01865701001;006372;60901011416;CURVA FLEX SC DC13 KSE325 CAT;;SEPARADO;1;;;1;0;SEPARADO;0;  /  /    ;;;
01865701001;006372;61101001301;SENS NV COMB ULTRAS K40LSR;;FALTA;1;;;1;503,31;FALTA;KVA INDUSTRIA E COMERCIO LTDA;013925;0;;
01865701001;006372;61301006408;SUPORTE CRN KSE315/325;;SEPARADO;2;;;2;334,8;SEPARADO;ACO FORT FERRO LTDA;  /  /    ;;;
01865701001;006372;61301008508;BS KSE325 DC13 MOD;;FALTA;1;;;1;6574;FALTA;GW METAL INDUSTRIA E COMERCIO LTDA;013949;0;;
01865701001;006372;61307005808;SPT ALT WG AG10 280 KSE325;;FALTA;2;;;2;785;FALTA;GW METAL INDUSTRIA E COMERCIO LTDA;013949;0;;
01865701001;006372;61307005908;TAMPA TQ REMOV KSE325;;SEPARADO;1;;;1;190;SEPARADO;AÇO FORT;013949;0,0325;;
01865701001;006372;61307009408;SPT MOTOR DC13 KSE325 RAD NAC;;SEPARADO;1;;;1;1600;SEPARADO;EVOLUCAO METALURGICA LTDA;  /  /    ;;;
01865701001;006372;61401009520NE;CARENAGEM KSE325 DC13 MOD;;FALTA;1;;;1;17700;FALTA;GW METAL INDUSTRIA E COMERCIO LTDA;013949;0;;
01865701001;006372;61402025808;DEFLETOR RAD KSE315 DC09 MOD;;SEPARADO;1;;;1;385;SEPARADO;EVOLUCAO METALURGICA LTDA;  /  /    ;;;
01865701001;006372;61402026208;PLACA INF RAD KSE325;;SEPARADO;1;;;1;71,28;SEPARADO;EVOLUCAO METALURGICA LTDA;  /  /    ;;;
01865701001;006372;61402026308;FECH LAT CRN KSE325 DC13 MOD;;SEPARADO;2;;;2;117;SEPARADO;EVOLUCAO METALURGICA LTDA;  /  /    ;;;
01865701001;006372;61402026408;FECH SUP/INF KSE325 DC13 MOD;;SEPARADO;2;;;2;284,68;SEPARADO;ACO FORT FERRO LTDA;  /  /    ;;;
01865701001;006372;61405001101;BATENTE DE BORRACHA CONICO;;FALTA;4;;;4;0;FALTA;GW METAL INDUSTRIA E COMERCIO LTDA;//;0;;
01865701001;006372;61601004508;SPT CHICOTE SCANIA;;FALTA;1;;;1;15;FALTA;GW METAL INDUSTRIA E COMERCIO LTDA;013949;0;;
01865701001;006372;61602009608;SPT PNL COMANDO KSE325;;FALTA;1;;;1;525;FALTA;GW METAL INDUSTRIA E COMERCIO LTDA;013949;0;;
01865701001;006372;61801002001;PF DIN912 M10X40 12.9 PT;;SEPARADO;12;;;12;5,58;SEPARADO;MULT TEMPERA COAT TECNOLOGIA EM TRATAMENTO TERMICO E REVESTIMENTOS SUPERFICIAIS;  /  /    ;;;
01865701001;006372;61801002801;PF DIN912 M12X35 12.9 PT;;SEPARADO;8;;;8;639,18;SEPARADO;MULT TEMPERA COAT TECNOLOGIA EM TRATAMENTO TERMICO E REVESTIMENTOS SUPERFICIAIS;  /  /    ;;;
01865701001;006372;61802000111;"BICO RM 1/2""NPT MANG 1/2"" BIC";;SEPARADO;2;;;2;76,92;SEPARADO;CMG SOLUCOES E SERVICOS LTDA;  /  /    ;;;
01865701001;006372;61802000422;COTOVELO MF 90 1 2NPT GALV;;FALTA;3;;;3;35;FALTA;REI DAS MANGUEIRAS MAQUINAS E EQUIPAMENTOS LTDA-ME;013927;0;;
01865701001;006372;61802001522;BICO RM M22X1.5 MANG 5/8 BIC;;SEPARADO;1;;;1;28,47;SEPARADO;NIC RAK USIN PECAS AUT TOR LT;  /  /    ;;;
01865701001;006372;61802001622;"BICO RM M18X1,5 MANG 5/8"" BIC";;SEPARADO;1;;;1;28,5;SEPARADO;BULKS INDUSTRIA E COMERCIO LTDA;013921;;;
01865701001;006372;61802001711;BICO RM 1/2NPT MANG 5/8 BIC;;SEPARADO;2;;;2;76,92;SEPARADO;CMG SOLUCOES E SERVICOS LTDA;  /  /    ;;;
01865701001;006372;61805000323;"ABRACADEIRA TIPO ""U"" D203";;SEPARADO;1;;;1;98,19;SEPARADO;SCAPSUL EQUIPAMENTOS RODOVIARIOS LTDA;  /  /    ;;;
01865701001;006372;61805000922;ABRACADEIRA FLEXIL D14-22 AC;;SEPARADO;2;;;2;11,05;SEPARADO;REI DAS MANGUEIRAS MAQUINAS E EQUIPAMENTOS LTDA-ME;  /  /    ;;;
01865701001;006372;61805001916;"ABRACADEIRA TIPO ""U"" 5.1/2""";;SEPARADO;1;;;1;113,93;SEPARADO;SCAPSUL EQUIPAMENTOS RODOVIARIOS LTDA;  /  /    ;;;
01865701001;006372;61807000901;GUARNICAO DE PORTA 24MM;;SEPARADO;1;;;1;101,2;SEPARADO;EVOLUCAO METALURGICA LTDA;  /  /    ;;;
01865701001;006372;91801007305;ARR M10 DIN 9250 PT;;SEPARADO;12;;;12;0,69;SEPARADO;MULT TEMPERA COAT TECNOLOGIA EM TRATAMENTO TERMICO E REVESTIMENTOS SUPERFICIAIS;  /  /    ;;;
01865701001;006372;91801023019;ARR M12 DIN 9250 PT;;SEPARADO;8;;;8;9,24;SEPARADO;MULT TEMPERA COAT TECNOLOGIA EM TRATAMENTO TERMICO E REVESTIMENTOS SUPERFICIAIS;  /  /    ;;;
01865701002;006372;104010000;GRAMPO BAR 10X3MM 0.50-4.00MM;;SEPARADO;4;;;4;11,4;SEPARADO;PHOENIX CONTACT IND E COMERCIO LTDA;  /  /    ;;;
01865701002;006372;104011700;POSTE PF E/UK;;RETIRADO;6;;;6;4,24;RETIRADO;PHOENIX CONTACT IND E COMERCIO LTDA;  /  /    ;;;
01865701002;006372;104192100;BORNE DUPLO PUSH IN 4MM PTTB4;;RETIRADO;14;;;14;9,23;RETIRADO;PHOENIX CONTACT IND E COMERCIO LTDA;  /  /    ;;;
01865701002;006372;104192200;TAMPA P/ BORNE DUP 4MM D-STTB4;;RETIRADO;3;;;3;2,42;RETIRADO;PHOENIX CONTACT IND E COMERCIO LTDA;  /  /    ;;;
01865701002;006372;104193600;SUPORTE IDENTIF P/ POSTE KLM-A;;SEPARADO;5;;;5;37,09;SEPARADO;PHOENIX CONTACT IND E COMERCIO LTDA;  /  /    ;;;
01865701002;006372;104193700;ETIQUETA P/ BORNE UCT-TMF6;;SEPARADO;64;;;64;62,45;SEPARADO;PHOENIX CONTACT IND E COMERCIO LTDA;  /  /    ;;;
01865701002;006372;104193800;ETIQUETA DE ENCAIXE ESL44X7;;SEPARADO;5;;;5;52,1838;SEPARADO;PHOENIX CONTACT IND E COMERCIO LTDA;  /  /    ;;;
01865701002;006372;106001500;DJ 1P 10A CURVA C 10KA S201;;SEPARADO;1;;;1;31,06;SEPARADO;ABB ELETRIFICACAO LTDA;  /  /    ;;;
01865701002;006372;106002400;DJ 1P 6A CURVA C 10KA S201;;SEPARADO;1;;;1;59,97;SEPARADO;ABB ELETRIFICACAO LTDA;  /  /    ;;;
01865701002;006372;106002900;DJ 1P 2A CURVA C 10KA S201;;FALTA;1;;;1;59,96;FALTA;ABB ELETRIFICACAO LTDA;013918;0,065;;
01865701002;006372;107078500;CB COBRE NU 16MM2;;SEPARADO;0,5;;;0,5;10,2811;SEPARADO;COBREFLEX INDUSTRIA, DISTRIBUICAO E COMERCIO DE FIOS E CABOS EIRELI;  /  /    ;;;
01865701002;006372;107184900;BARRA TERRA COMANDO 10X3MM;;SEPARADO;0,2;;;0,2;205;SEPARADO;ROMAR ACESSORIOS INDUSTRIAIS LTDA;  /  /    ;;;
01865701002;006372;109003200;ISOLADOR CIL 40X50MM M8;;SEPARADO;3;;;3;22,55;SEPARADO;MX MATERIAIS ELETRICOS LTDA;013926;;;
01865701002;006372;109089000;ISOLADOR CIL 40X60MM M8;;SEPARADO;2;;;2;58,96;SEPARADO;MX MATERIAIS ELETRICOS LTDA;  /  /    ;;;
01865701002;006372;115072900;TC 1600/5A ST-61 SASSI;;FALTA;3;;;3;155;FALTA;SASSI MEDIDORES E TRANSFORMADORES EIRELI;013928;0,065;;
01865701002;006372;204013200;"DIST F M8 1""X60 BIC";;SEPARADO;2;;;2;100;SEPARADO;AÇO FORT;013949;0,0325;;
01865701002;006372;61405001201;DOBRADICA TASCO 91591;;FALTA;4;;;50;;FALTA;GW METAL INDUSTRIA E COMERCIO LTDA;000000;0;;
01865701002;006372;61405001301;FECHO TASCO 25085;;SEPARADO;2;;;2;63,0635;SEPARADO;TASCO LTDA;  /  /    ;;;
01865701002;006372;61405001502;PASSA CABO P/ PAINEL 1 1/4”;;SEPARADO;1;;;1;5,16;SEPARADO;ESSENTRA INDUSTRIA E COMERCIO LTDA;  /  /    ;;;
01865701002;006372;61635012608;GABINETE MCP1600;;SEPARADO;1;;;1;800;SEPARADO;AÇO FORT;013949;0,0325;;
01865701002;006372;61635021120;TAMPA COMANDO DSE4520 MQCF1600;;FALTA;1;;;1;65;FALTA;GW METAL INDUSTRIA E COMERCIO LTDA;013949;0;;
01865701002;006372;61635026920;TAMPA DISJ ABB XT7 MCP1600;;SEPARADO;1;;;1;410,75;SEPARADO;METALPRESS METAL LTDA;  /  /    ;;;
01865701002;006372;61648014700;DCM 3P FX 1600A XT7S LS/I;;SEPARADO;1;;;1;8084,38;SEPARADO;ABB ELETRIFICACAO LTDA;  /  /    ;;;
01865701002;006372;61648015900;AUX S51 250V E1.2-XT7-XT7M;;SEPARADO;1;;;1;175,94;SEPARADO;ABB ELETRIFICACAO LTDA;  /  /    ;;;
01865701002;006372;61648042801;DJ 3P 10A SJ203 T-C10;;RETIRADO;2;;;2;48,61;RETIRADO;ABB ELETRIFICACAO LTDA;  /  /    ;;;
01865701002;006372;61648042901;DJ 2P 10A SJ202 T-C10;;SEPARADO;2;;;2;35;SEPARADO;ABB ELETRIFICACAO LTDA;  /  /    ;;;
01865701002;006372;61654001901;MOD USCAMAQ05C INTELINANO AMF5;;FALTA;1;;;1;1027,72;FALTA;SERVINTEL INTERNACIONAL LTDA;013931;0;;
01865701002;006372;61655001701;CARREG BAT 24VCC-5A DSEBC2405;;FALTA;1;;;1;572,44;FALTA;FABEL INNECCO ENG.COM.PROD.ELETRO LTDA;013923;0,05;;
01865701002;006372;61656003801;SUPORTE MODULAR BOTAO ABB;;SEPARADO;1;;;1;9,42;SEPARADO;APS COMPONENTES ELETRICOS S/A;  /  /    ;;;
01865701002;006372;61656004001;CONT NF BOTAO ABB LINHA MCB;;SEPARADO;2;;;2;10,24;SEPARADO;ABB ELETRIFICACAO LTDA;  /  /    ;;;
01865701002;006372;61656004701;CABECOTE BOTAO EMERGENCIA ABB;;FALTA;1;;;1;40,97;FALTA;ABB ELETRIFICACAO LTDA;013918;0,0975;;
01865701002;006372;61656004801;ADESIVO PARADA DE EMERGENCIA;;SEPARADO;1;;;1;25,7;SEPARADO;APS COMPONENTES ELETRICOS S/A;  /  /    ;;;
01865701002;006372;61660000101;BORNE POTENCIAL DUPLO PUSH IN;;SEPARADO;2;;;2;31,7;SEPARADO;ELETROSTAR COMERCIO DE MATERIAL DE AUTOMACAO LTDA;  /  /    ;;;
01865701002;006372;61660001201;TER ISOL ANEL 16MM² M8;;SEPARADO;1;;;1;16,1;SEPARADO;ROMAR ACESSORIOS INDUSTRIAIS LTDA;  /  /    ;;;
01865701002;006372;61660001301;TER ISOL ANEL 16MM² M10;;SEPARADO;1;;;1;16,39;SEPARADO;ROMAR ACESSORIOS INDUSTRIAIS LTDA;  /  /    ;;;
01865701002;006372;61660005601;BLOCO DE DISTRIBUICAO PTFIX CZ;;RETIRADO;1;;;1;102,35;RETIRADO;MX MATERIAIS ELETRICOS LTDA;  /  /    ;;;
01865701002;006372;61660005701;BLOCO DE DISTRIBUICAO PTFIX AZ;;RETIRADO;1;;;1;102,35;RETIRADO;MX MATERIAIS ELETRICOS LTDA;  /  /    ;;;
01865701003;006372;61652005101;BASE RELE CR-S 1C/O 12...24 ABB;;SEPARADO;1;;;1;23,58;SEPARADO;ABB ELETRIFICACAO LTDA;  /  /    ;;;
01865701003;006372;61652005901;RL 1C/O 6A CR-S024VDC1R 24VCC;;SEPARADO;1;;;1;13,2;SEPARADO;ABB ELETRIFICACAO LTDA;013918;0,0325;;
01865701004;006372;61652005401;BASE RELE CR-M 3C/O ABB;;SEPARADO;1;;;1;17,42;SEPARADO;ABB ELETRIFICACAO LTDA;TABELA;;;
01865701004;006372;61652005701;GRAMPO RELE CR-MH;;SEPARADO;1;;;1;2,19;SEPARADO;ABB ELETRIFICACAO LTDA;TABELA;;;
01865701004;006372;61652006801;"RL 3C/O 10A CR-M024DC3 24VCC		";;SEPARADO;1;;;1;24,28;SEPARADO;ABB ELETRIFICACAO LTDA;TABELA;;;
01865701004;006372;61652007701;SUPRESSOR DE SURTO CR-P/M62C;;SEPARADO;1;;;1;43,17;SEPARADO;ABB ELETRIFICACAO LTDA;TABELA;;;
01865701005;006372;107047800;BARRA COBRE 1 1/2 X 1/2;;FALTA;0,15;;;6;407,40741;FALTA;ANGLO INDUSTRIA E COMERCIO DE METAIS LTDA;013920;0,0325;;
01865701005;006372;107051200;BARRA COBRE 2 X 5/8;;FALTA;1,7;;;6;678,62267;FALTA;ANGLO INDUSTRIA E COMERCIO DE METAIS LTDA;013920;0,0325;;
01866101002;005983;60803000222;ATND ENT SAIDA DC13 85DBA 1,5;;SEPARADO;2;;;2;1988,9075;SEPARADO;JS ENGENHARIA;013950;;;
01866101002;005983;60901021116;OXICATALISADOR M5C SC/VOL/BD;;SEPARADO;1;;;1;3415;SEPARADO;DALGAS ECOLTEC ECOLOGIA TECNICA, COMERCIO, IMPORTACAO E EXPORTACAO LTDA.;013903;;;
01866101002;005983;60901022001;JUNTA ESC DE240 X DI127;;SEPARADO;2;;;2;56,41;SEPARADO;SCAPSUL EQUIPAMENTOS RODOVIARIOS LTDA;013915;0,052;;
01866101002;005983;801005500;SILENCIOSO HOSP 6;;SEPARADO;1;;;1;2561,79;SEPARADO;SCAPSUL EQUIPAMENTOS RODOVIARIOS LTDA;013915;0,065;;
01866101002;005983;801010500;AMT VIB VIBTECH VAC 209X5;;SEPARADO;6;;;6;225,45;SEPARADO;VIB-TECH INDUSTRIAL LTDA.;013917;0,0325;;
01866101002;005983;801041200;VENZ GALV L1400XH1500MM;;SEPARADO;2;;;2;1988,9075;SEPARADO;JS ENGENHARIA;013950;;;
01866101003;005983;107000300;CB COBRE 1.5MM2 CZ 105C;;SEPARADO;50;;;50;2,2;SEPARADO;REI DAS MANGUEIRAS MAQUINAS E EQUIPAMENTOS LTDA-ME;013911;;;
01866101003;005983;112002700;RL 2C/O 8A 485270240050;;SEPARADO;16;;;10;84,5;SEPARADO;FINDER COMPONENTES LTDA;013905;0,0325;;
01866101003;005983;112002800;RL 4C/O 7A 583490240050;;SEPARADO;1;;;1;680,9;SEPARADO;ROMAR ACESSORIOS INDUSTRIAIS LTDA;  /  /    ;;;
01866101003;005983;112015900;RL 3C/O 10A 583390240050;;SEPARADO;3;;;3;56,18;SEPARADO;FINDER COMPONENTES LTDA;  /  /    ;;;
01866101003;005983;118001600;CARREG BAT 24VCC-15A CHFB MCE;;SEPARADO;1;;;1;945;SEPARADO;MCE MICROT SIST ENERGIA LTDA;013908;;;
01866101003;005983;61655002701;CONVERSOR DC/DC SC-24-125-4;;SEPARADO;1;;;1;1126,66;SEPARADO;PROAUTO;013910;0,05;;
01866101003;005983;61656000601;BLOCO LED BRANCO 24VCC XB5;;SEPARADO;6;;;6;55,09;SEPARADO;MX MATERIAIS ELETRICOS LTDA;  /  /    ;;;
01866101004;005983;102040900;TERMINAL COMPRESSAO M08 95MM;;SEPARADO;52;;;52;11;SEPARADO;REI DAS MANGUEIRAS MAQUINAS E EQUIPAMENTOS LTDA-ME;013911;;;
01866101004;005983;102125700;LONA ENCERADO 8 VERDE - 3X2 (LXC);;SEPARADO;2;;;2;456;SEPARADO;BORRACHAS CAMBUCI LTDA;013900;;;
01866101004;005983;107083500;CB 95MM NAO HALOG EPR 90°C PT;;SEPARADO;405;;;405;84,3264;SEPARADO;CORDEIRO;013902;;;
01866101004;005983;107083600;CB 95MM NAO HALOG EPR 90°C AZ;;SEPARADO;135;;;135;84,3264;SEPARADO;CORDEIRO;013902;;;
01866101004;005983;107083700;CB 95MM NAO HALOG EPR 90°C VD;;SEPARADO;45;;;45;84,3264;SEPARADO;CORDEIRO;013902;;;
01866101004;005983;204395100;"FL 6"" INT148 X EXT280 X18MM";;SEPARADO;2;;;2;124,9325;SEPARADO;AÇO FORT;013951;0,0325;;
01866101004;005983;204610100;"BARRA CHATA 1""X1/8""";;SEPARADO;10;;;10;6,5;SEPARADO;SANTA RITA;013912;;;
01866101004;005983;204610200;"CANTONEIRA 1""X1/8""";;SEPARADO;10;;;4;11,8;SEPARADO;SANTA RITA;013912;;;
01866101004;005983;204610300;"CHUMBADOR PARABOLT 5/16""";;SEPARADO;22;;;22;2;SEPARADO;REI DAS MANGUEIRAS MAQUINAS E EQUIPAMENTOS LTDA-ME;013911;;;
01866101004;005983;204610500;"TUBO Ø6""";;SEPARADO;12;;;15;542,764;SEPARADO;SCAPSUL EQUIPAMENTOS RODOVIARIOS LTDA;013915;0,065;;
01866101004;005983;204610600;"BARRA ROSCADA 5/16"" - 3MTS";;SEPARADO;3;;;3;23,9;SEPARADO;MX MATERIAIS ELETRICOS LTDA;013909;;;
01866101004;005983;204610700;"PORCA SEXT SAE 1045 5/16""";;SEPARADO;20;;;20;0,2;SEPARADO;REI DAS MANGUEIRAS MAQUINAS E EQUIPAMENTOS LTDA-ME;013911;;;
01866101004;005983;204610800;"ARRUELA LISA ZINCADA 5/16""";;SEPARADO;40;;;40;0,2;SEPARADO;REI DAS MANGUEIRAS MAQUINAS E EQUIPAMENTOS LTDA-ME;013911;;;
01866101004;005983;204610900;"ARRUELA PRESSAO ZINC 5/16""";;SEPARADO;20;;;20;0,2;SEPARADO;REI DAS MANGUEIRAS MAQUINAS E EQUIPAMENTOS LTDA-ME;013911;;;
01866101004;005983;204611300;PF SEXT ZIN 5/16 SAE 1045;;SEPARADO;40;;;10;0,4;SEPARADO;REI DAS MANGUEIRAS MAQUINAS E EQUIPAMENTOS LTDA-ME;013911;;;
01866101004;005983;204611400;"MAT DE VEDACAO 1/8""";;SEPARADO;1;;;1;529,85;SEPARADO;SCAPSUL EQUIPAMENTOS RODOVIARIOS LTDA;013915;;;
01866101004;005983;204612100;"REDUCAO Ø5"" X Ø6""";;SEPARADO;1;;;1;314,71;SEPARADO;SCAPSUL EQUIPAMENTOS RODOVIARIOS LTDA;013915;0,065;;
01866101004;005983;21409400S;MANG ORTAC 250 RED 3/4;;SEPARADO;4;;;4;88;SEPARADO;REI DAS MANGUEIRAS MAQUINAS E EQUIPAMENTOS LTDA-ME;013911;;;
01866101004;005983;61802008711;"BICO RM 3/4""NPT MANG 3/4"" BIC";;SEPARADO;4;;;4;28;SEPARADO;BULKS INDUSTRIA E COMERCIO LTDA;000000;;;
01866101004;005983;61802011111;"BICO RM 1.1/2"" BSP MANG 3/4"" BIC";;SEPARADO;4;;;4;28,5;SEPARADO;BULKS INDUSTRIA E COMERCIO LTDA;013901;;;
01866101004;005983;61805000922;ABRACADEIRA FLEXIL D14-22 AC;;SEPARADO;8;;;8;11,05;SEPARADO;REI DAS MANGUEIRAS MAQUINAS E EQUIPAMENTOS LTDA-ME;  /  /    ;;;
01866201001;005983;113001700;RESIS INT AQ 1500W 230V 1 1 4;;SEPARADO;1;;;1;182;SEPARADO;ELTRA AQUECIMENTO ELETRICO LTDA;013904;0,065;;
01866201001;005983;204171200;BICO M M16X1.5 MANG 1/2 BIC;;SEPARADO;2;;;2;36;SEPARADO;EVOLUCAO METALURGICA LTDA;  /  /    ;;;
01866201001;005983;302000700;PRE AQ KIT USQ D3;;SEPARADO;1;;;1;0;SEPARADO;0;  /  /    ;;;
01866201001;005983;30702002801;BARRA ROSCADA 6MM;;SEPARADO;3;;;3;98,0875;SEPARADO;AÇO FORT;013951;0,0325;;
01866201001;005983;30702003009;SUPORTE DE FIXACAO DA BATERIA;;SEPARADO;1;;;1;98,0875;SEPARADO;AÇO FORT;013951;0,0325;;
01866201001;005983;31303003802;AMV SCM-420NR 60SH;;SEPARADO;6;;;6;3604,6;SEPARADO;ACCESORIOS ELASTICOS LESOL S L;  /  /    ;;;
01866201001;005983;31601250608;SUPORTE CHICOTE ELETRICO;;SEPARADO;1;;;1;28,64;SEPARADO;ACO FORT FERRO LTDA;  /  /    ;;;
01866201001;005983;31805000323;ABRACADEIRA CRON D20-32 AC;;SEPARADO;4;;;4;3,85;SEPARADO;REI DAS MANGUEIRAS MAQUINAS E EQUIPAMENTOS LTDA-ME;013911;;;
01866201001;005983;31807001220;JUNTA DE VEDACAO D16XD22X1,5;;SEPARADO;2;;;2;2,36;SEPARADO;HITOCOM MATERIAIS TECNICOS E SERVICOS LTDA;  /  /    ;;;
01866201001;005983;31807001223;JUNTA DE VEDACAO D18XD24X1,5;;SEPARADO;1;;;1;2,65;SEPARADO;HITOCOM MATERIAIS TECNICOS E SERVICOS LTDA;  /  /    ;;;
01866201001;005983;31807001227;JUNTA DE VEDACAO D22XD27X1,5;;SEPARADO;1;;;1;4,6;SEPARADO;HITOCOM MATERIAIS TECNICOS E SERVICOS LTDA;  /  /    ;;;
01866201001;005983;31810002505;MANGUEIRA FLEXIVEL 12X19;;SEPARADO;0,6;;;0,6;45,09;SEPARADO;HITOCOM MATERIAIS TECNICOS E SERVICOS LTDA;  /  /    ;;;
01866201001;005983;31810004106;MANGUEIRA FLEXIVEL 16X23;;SEPARADO;1,5;;;1,5;52;SEPARADO;REI DAS MANGUEIRAS MAQUINAS E EQUIPAMENTOS LTDA-ME;  /  /    ;;;
01866201001;005983;31810006103;MANGUEIRA FLEXIVEL 16X26;;SEPARADO;3,5;;;3,5;80;SEPARADO;REI DAS MANGUEIRAS MAQUINAS E EQUIPAMENTOS LTDA-ME;  /  /    ;;;
01866201001;005983;60101005201;MOTOR SC DC13-72A-0211 F1 MOD;;RETIRADO;1;;;1;177061;RETIRADO;SCANIA LATIN AMERICA LTDA;000000;;;
01866201001;005983;60101008101;MOTOR SC DC13-72A-0213 F1 MOD;;SEPARADO;1;;;1;177061;SEPARADO;SCANIA LATIN AMERICA LTDA;013914;;;
01866201001;005983;60201000601;GS WG AG10-280MI30 F1 MS;;SEPARADO;1;;;1;46668,99;SEPARADO;WEG EQUIPAMENTOS ELETRICOS S/A;013887;;;
01866201001;005983;60210000201;RESIST AQUEC ALT AG10 H280;;SEPARADO;1;;;1;852,26;SEPARADO;WEG EQUIPAMENTOS ELETRICOS S/A;  /  /    ;;;
01866201001;005983;602181700;CJT PLQT INOX PV044361;;SEPARADO;1;;;1;800;SEPARADO;PRECISAO A LASER;TABELA;;;
01866201001;005983;602181800;CJT PLQT ACRILICO PV044361;;SEPARADO;1;;;1;500;SEPARADO;PRECISAO A LASER;TABELA;;;
01866201001;005983;60501000808;SPT KIT ALIM EXT MAQ ABR;;SEPARADO;1;;;1;41;SEPARADO;CMG SOLUCOES E SERVICOS LTDA;  /  /    ;;;
01866201001;005983;60501001601;TAMPA BOC ABAST TANCLIK  A101C;;SEPARADO;1;;;1;48;SEPARADO;ITULUB ITUMBIARA LUBRIFICANTES LTDA;013906;;;
01866201001;005983;60501004708;FLANGE TQ POLI RETORNO;;SEPARADO;1;;;1;165,2;SEPARADO;AÇO FORT;013951;0,0325;;
01866201001;005983;60501005808;FLANGE CEGA TQ POLIETILENO;;SEPARADO;1;;;1;76,64;SEPARADO;MGK SOLUCOES INDUSTRIAIS PARA CALDEIRARIA LTDA;  /  /    ;;;
01866201001;005983;60501007108;SPT PRE FILTRO SC RAD NACIONAL;;SEPARADO;1;;;1;67,58;SEPARADO;ACO FORT FERRO LTDA;  /  /    ;;;
01866201001;005983;60501007808;TANQUE COM KSE315/325 500L CTZ;;SEPARADO;1;;;1;3123,3125;SEPARADO;AÇO FORT;013951;0,0325;;
01866201001;005983;60501010408;FLANGE TQ 400L POLI ABAST KVA;;SEPARADO;1;;;1;191,0125;SEPARADO;AÇO FORT;013951;0,0325;;
01866201001;005983;60501010708;BOCAL ENCHIMENTO TQ TANCLICK;;SEPARADO;1;;;1;149,7125;SEPARADO;AÇO FORT;013951;0,0325;;
01866201001;005983;60702000801;BATERIA 12V 150AH 900CCA MOURA;;SEPARADO;2;;;2;1250;SEPARADO;ATACADAO BATERIAS LTDA;013899;;;
01866201001;005983;60702002108;SPT BATERIA 2X150AH KSE325;;SEPARADO;1;;;1;304,5875;SEPARADO;AÇO FORT;013951;0,0325;;
01866201001;005983;60901002700;FLEX ESCP FL LISO 5X300;;SEPARADO;1;;;1;679,78;SEPARADO;SCAPSUL EQUIPAMENTOS RODOVIARIOS LTDA;013915;0,065;;
01866201001;005983;60901004601;JUNTA ESC DE185 X DI28;;SEPARADO;2;;;2;42,68;SEPARADO;SCAPSUL EQUIPAMENTOS RODOVIARIOS LTDA;  /  /    ;;;
01866201001;005983;61101001001;IND NV COMB MEC 285MM TC;;SEPARADO;1;;;1;810;SEPARADO;TACOBRAS MEDIDORES DE PRECISAO LTDA;013916;;;
01866201001;005983;61101001301;SENS NV COMB ULTRAS K40LSR;;SEPARADO;1;;;1;503,31;SEPARADO;KVA INDUSTRIA E COMERCIO LTDA;013907;;;
01866201001;005983;61103000100;"BOIA MEC FV34-75-PP130 3/4""BSP";;SEPARADO;1;;;1;900;SEPARADO;SANTAE EQUIPAMENTOS DE ENGENHARIA LTDA -;013913;0,0325;;
01866201001;005983;61301008508;BS KSE325 DC13 MOD;;SEPARADO;1;;;1;4900;SEPARADO;AÇO FORT;013951;0,0325;;
01866201001;005983;61307004508;SPT FIX KSE 200L;;SEPARADO;2;;;2;43,27;SEPARADO;ACO FORT FERRO LTDA;  /  /    ;;;
01866201001;005983;61307005808;SPT ALT WG AG10 280 KSE325;;SEPARADO;2;;;2;645,3125;SEPARADO;AÇO FORT;013951;0,0325;;
01866201001;005983;61307005908;TAMPA TQ REMOV KSE325;;SEPARADO;1;;;1;216,825;SEPARADO;AÇO FORT;013951;0,0325;;
01866201001;005983;61307009408;SPT MOTOR DC13 KSE325 RAD NAC;;SEPARADO;1;;;1;1600;SEPARADO;EVOLUCAO METALURGICA LTDA;  /  /    ;;;
01866201001;005983;61601004508;SPT CHICOTE SCANIA;;SEPARADO;1;;;1;42,3325;SEPARADO;AÇO FORT;013951;0,0325;;
01866201001;005983;61602009608;SPT PNL COMANDO KSE325;;SEPARADO;1;;;1;258,125;SEPARADO;AÇO FORT;013951;0,0325;;
01866201001;005983;61617003101NE;CHICOTE SCANIA BASIC;;SEPARADO;1;;;1;0;SEPARADO;0;  /  /    ;;;
01866201001;005983;61617004001NE;CHICOTE PARA MOPCTERMOALTSC;;SEPARADO;1;;;1;0;SEPARADO;0;  /  /    ;;;
01866201001;005983;61617004201NE;CHICOTE PARA MOPCRESAQUECWEG;;SEPARADO;1;;;1;0;SEPARADO;0;  /  /    ;;;
01866201001;005983;61617004601NE;CHICOTE PARA MOPCRESAQUECMEC;;SEPARADO;1;;;1;0;SEPARADO;0;  /  /    ;;;
01866201001;005983;61617006801NE;CHICOTE PARA MOPCKVACOMB;;SEPARADO;1;;;1;0;SEPARADO;0;  /  /    ;;;
01866201001;005983;61802000111;"BICO RM 1/2""NPT MANG 1/2"" BIC";;SEPARADO;4;;;4;28,5;SEPARADO;BULKS INDUSTRIA E COMERCIO LTDA;013901;;;
01866201001;005983;61802000311;BICO RM 1/2 POL.NPT FM16 MANG;;SEPARADO;1;;;1;28,5;SEPARADO;BULKS INDUSTRIA E COMERCIO LTDA;013901;;;
01866201001;005983;61802000422;COTOVELO MF 90 1 2NPT GALV;;SEPARADO;4;;;4;35;SEPARADO;REI DAS MANGUEIRAS MAQUINAS E EQUIPAMENTOS LTDA-ME;013911;;;
01866201001;005983;61802001522;BICO RM M22X1.5 MANG 5/8 BIC;;SEPARADO;1;;;1;28,47;SEPARADO;NIC RAK USIN PECAS AUT TOR LT;  /  /    ;;;
01866201001;005983;61802001622;"BICO RM M18X1,5 MANG 5/8"" BIC";;SEPARADO;1;;;1;28,5;SEPARADO;BULKS INDUSTRIA E COMERCIO LTDA;013901;;;
01866201001;005983;61802001711;BICO RM 1/2NPT MANG 5/8 BIC;;SEPARADO;2;;;2;76,92;SEPARADO;COTAR;  /  /    ;;;
01866201001;005983;61805000222;ABRACADEIRA CRON D14-22 AC;;RETIRADO;2;;;2;23,8673;RETIRADO;METALURGICA SUPRENS LTDA;  /  /    ;;;
01866201001;005983;61805000722;ABRACADEIRA ESCAP. TC181;;SEPARADO;1;;;1;110;SEPARADO;GS MORAIS INSTALACOES ELETRICAS LTDA - ME;  /  /    ;;;
01866201001;005983;61805000922;ABRACADEIRA FLEXIL D14-22 AC;;SEPARADO;2;;;2;11,05;SEPARADO;REI DAS MANGUEIRAS MAQUINAS E EQUIPAMENTOS LTDA-ME;  /  /    ;;;
01866201001;005983;61807000901;GUARNICAO DE PORTA 24MM;;SEPARADO;1;;;1;101,2;SEPARADO;EVOLUCAO METALURGICA LTDA;  /  /    ;;;
01866201001;005983;61809000101;"VALV ESFERA F/F 1/2"" NPT";;SEPARADO;1;;;1;35,25;SEPARADO;HITOCOM MATERIAIS TECNICOS E SERVICOS LTDA;  /  /    ;;;
01866201002;005983;104011700;POSTE PF E/UK;;RETIRADO;1;;;1;4,24;RETIRADO;PHOENIX CONTACT IND E COMERCIO LTDA;  /  /    ;;;
01866201002;005983;104192100;BORNE DUPLO PUSH IN 4MM PTTB4;;RETIRADO;2;;;2;9,23;RETIRADO;PHOENIX CONTACT IND E COMERCIO LTDA;  /  /    ;;;
01866201002;005983;104192200;TAMPA P/ BORNE DUP 4MM D-STTB4;;RETIRADO;1;;;1;2,42;RETIRADO;PHOENIX CONTACT IND E COMERCIO LTDA;  /  /    ;;;
01866201002;005983;104193600;SUPORTE IDENTIF P/ POSTE KLM-A;;SEPARADO;1;;;1;37,09;SEPARADO;PHOENIX CONTACT IND E COMERCIO LTDA;  /  /    ;;;
01866201002;005983;104193700;ETIQUETA P/ BORNE UCT-TMF6;;SEPARADO;8;;;8;62,45;SEPARADO;PHOENIX CONTACT IND E COMERCIO LTDA;  /  /    ;;;
01866201002;005983;104193800;ETIQUETA DE ENCAIXE ESL44X7;;SEPARADO;1;;;1;52,1838;SEPARADO;PHOENIX CONTACT IND E COMERCIO LTDA;  /  /    ;;;
01866201002;005983;61648042901;DJ 2P 10A SJ202 T-C10;;SEPARADO;1;;;1;35;SEPARADO;ABB ELETRIFICACAO LTDA;  /  /    ;;;
01866201002;005983;61652003701NE;RELE INTERFACE 2NAF 8A 24VCC;;SEPARADO;1;;;1;0;SEPARADO;0;  /  /    ;;;
01866201003;005983;61652002201;GRAMP RL RSB;;SEPARADO;5;;;5;0;SEPARADO;0;  /  /    ;;;
01866201003;005983;61652002601;SUPRESSOR DE SURTO RXM040W;;SEPARADO;5;;;5;6,97;SEPARADO;MAIS SOLUCOES INDUSTRIAIS S.A;  /  /    ;;;
01866201003;005983;61652003701;RL 2C/O 8A RSB2A080BD 24VCC;;RETIRADO;5;;;5;34,05;RETIRADO;VERIFICAR;VERIFICAR;;;
01866201003;005983;61652004501;BASE PARA RELE RSZE1S48M;;SEPARADO;5;;;5;0;SEPARADO;0;  /  /    ;;;
01866201004;005983;104011700;POSTE PF E/UK;;RETIRADO;1;;;1;4,24;RETIRADO;PHOENIX CONTACT IND E COMERCIO LTDA;  /  /    ;;;
01866201004;005983;104192100;BORNE DUPLO PUSH IN 4MM PTTB4;;RETIRADO;3;;;3;9,23;RETIRADO;PHOENIX CONTACT IND E COMERCIO LTDA;  /  /    ;;;
01866201004;005983;104192200;TAMPA P/ BORNE DUP 4MM D-STTB4;;RETIRADO;1;;;1;2,42;RETIRADO;PHOENIX CONTACT IND E COMERCIO LTDA;  /  /    ;;;
01866201004;005983;104193600;SUPORTE IDENTIF P/ POSTE KLM-A;;SEPARADO;1;;;1;37,09;SEPARADO;PHOENIX CONTACT IND E COMERCIO LTDA;  /  /    ;;;
01866201004;005983;104193700;ETIQUETA P/ BORNE UCT-TMF6;;SEPARADO;12;;;12;62,45;SEPARADO;PHOENIX CONTACT IND E COMERCIO LTDA;  /  /    ;;;
01866201004;005983;104193800;ETIQUETA DE ENCAIXE ESL44X7;;SEPARADO;1;;;1;52,1838;SEPARADO;PHOENIX CONTACT IND E COMERCIO LTDA;  /  /    ;;;
01866201004;005983;61648042901;DJ 2P 10A SJ202 T-C10;;SEPARADO;1;;;1;35;SEPARADO;ABB ELETRIFICACAO LTDA;  /  /    ;;;
01866201005;005983;104011700;POSTE PF E/UK;;RETIRADO;6;;;6;4,24;RETIRADO;PHOENIX CONTACT IND E COMERCIO LTDA;  /  /    ;;;
01866201005;005983;104192100;BORNE DUPLO PUSH IN 4MM PTTB4;;RETIRADO;23;;;23;9,23;RETIRADO;PHOENIX CONTACT IND E COMERCIO LTDA;  /  /    ;;;
01866201005;005983;104192200;TAMPA P/ BORNE DUP 4MM D-STTB4;;RETIRADO;5;;;5;2,42;RETIRADO;PHOENIX CONTACT IND E COMERCIO LTDA;  /  /    ;;;
01866201005;005983;104193600;SUPORTE IDENTIF P/ POSTE KLM-A;;SEPARADO;5;;;5;37,09;SEPARADO;PHOENIX CONTACT IND E COMERCIO LTDA;  /  /    ;;;
01866201005;005983;104193700;ETIQUETA P/ BORNE UCT-TMF6;;SEPARADO;92;;;92;62,45;SEPARADO;PHOENIX CONTACT IND E COMERCIO LTDA;  /  /    ;;;
01866201005;005983;104193800;ETIQUETA DE ENCAIXE ESL44X7;;SEPARADO;5;;;5;52,1838;SEPARADO;PHOENIX CONTACT IND E COMERCIO LTDA;  /  /    ;;;
01866201005;005983;106001500;DJ 1P 10A CURVA C 10KA S201;;SEPARADO;3;;;3;31,06;SEPARADO;ABB ELETRIFICACAO LTDA;  /  /    ;;;
01866201005;005983;107078500;CB COBRE NU 16MM2;;SEPARADO;0,5;;;0,5;10,2811;SEPARADO;COBREFLEX INDUSTRIA, DISTRIBUICAO E COMERCIO DE FIOS E CABOS EIRELI;  /  /    ;;;
01866201005;005983;109089000;ISOLADOR CIL 40X60MM M8;;SEPARADO;8;;;3;42,9;SEPARADO;MX MATERIAIS ELETRICOS LTDA;013909;;;
01866201005;005983;204013200;"DIST F M8 1""X60 BIC";;SEPARADO;2;;;2;113,575;SEPARADO;AÇO FORT;013951;0,0325;;
01866201005;005983;204569000;GABINETE MCP1600;;SEPARADO;1;;;1;1412,46;SEPARADO;AÇO FORT;013951;0,0325;;
01866201005;005983;204569100;TAMPA SEM MODULO MCP1600;;SEPARADO;1;;;1;132,16;SEPARADO;AÇO FORT;013951;0,0325;;
01866201005;005983;204569200;TAMPA DISJ SCH NS16 MCP1600;;SEPARADO;1;;;1;167,265;SEPARADO;AÇO FORT;013951;0,0325;;
01866201005;005983;204569300;TAMPA CEGA MCP1600;;SEPARADO;1;;;1;36,1375;SEPARADO;AÇO FORT;013951;0,0325;;
01866201005;005983;61405001201;DOBRADICA TASCO 91591;;SEPARADO;4;;;4;16,1;SEPARADO;TASCO LTDA;013779;;;
01866201005;005983;61405001301;FECHO TASCO 25085;;SEPARADO;2;;;2;63,0635;SEPARADO;TASCO LTDA;  /  /    ;;;
01866201005;005983;61405001502;PASSA CABO P/ PAINEL 1 1/4”;;SEPARADO;1;;;1;5,16;SEPARADO;ESSENTRA INDUSTRIA E COMERCIO LTDA;  /  /    ;;;
01866201005;005983;61648042901;DJ 2P 10A SJ202 T-C10;;SEPARADO;1;;;1;35;SEPARADO;ABB ELETRIFICACAO LTDA;  /  /    ;;;
01866201005;005983;61656003801;SUPORTE MODULAR BOTAO ABB;;SEPARADO;2;;;2;9,42;SEPARADO;APS COMPONENTES ELETRICOS S/A;  /  /    ;;;
01866201005;005983;61656004001;CONT NF BOTAO ABB LINHA MCB;;SEPARADO;2;;;2;9,33;SEPARADO;ABB ELETRIFICACAO LTDA;013897;0,0975;;
01866201005;005983;61656004301;BLOCO LED BRANCO 24VCC ABB;;SEPARADO;1;;;1;25,44;SEPARADO;ABB ELETRIFICACAO LTDA;013897;0,0975;;
01866201005;005983;61656004601;CABECOTE SINALEIRO LED VM ABB;;SEPARADO;1;;;1;16,85;SEPARADO;ABB ELETRIFICACAO LTDA;013897;0,0975;;
01866201005;005983;61656004701;CABECOTE BOTAO EMERGENCIA ABB;;SEPARADO;1;;;1;40,97;SEPARADO;ABB ELETRIFICACAO LTDA;013897;0,0975;;
01866201005;005983;61656004801;ADESIVO PARADA DE EMERGENCIA;;SEPARADO;1;;;1;25,7;SEPARADO;APS COMPONENTES ELETRICOS S/A;  /  /    ;;;
01866201005;005983;61660001201;TER ISOL ANEL 16MM² M8;;SEPARADO;1;;;1;16,1;SEPARADO;ROMAR ACESSORIOS INDUSTRIAIS LTDA;  /  /    ;;;
01866201005;005983;61660001301;TER ISOL ANEL 16MM² M10;;SEPARADO;1;;;1;16,39;SEPARADO;ROMAR ACESSORIOS INDUSTRIAIS LTDA;  /  /    ;;;
01866201006;005983;107049800;"BARRA COBRE 1 3/4"" X 5/16""";;SEPARADO;1,9;;;6;288,9816667;SEPARADO;ANGLO INDUSTRIA E COMERCIO DE METAIS LTDA;013898;0,0325;;
XX006488;006488;60101002801;MOTOR FPT N67 TM6 F3;;FALTA;1;;;1;43627,38;FALTA;FPT INDUSTRIAL BRASIL LTDA.;000000;;;
XX006488;006488;60201013301;GS WEG GTA 251AI27 MU F3;;FALTA;1;;;1;40109,24;FALTA;WEG EQUIPAMENTOS ELETRICOS S/A;000000;;;
01865901002;006353;1518512;ELEMENTO FILTRO;;RETIRADO;1;;;1;220,17;RETIRADO;VARELLA VEICULOS PESADOS LTDA;013946;;;
01865901002;006353;204564000;PROT NR12 ELETROBOMBA 0,5CV;;SEPARADO;1;;;1;77,4375;SEPARADO;AÇO FORT;013952;0,0325;;
01865901002;006353;204582700;ELETROBOMBA ENG CLIMAX H34;;SEPARADO;1;;;1;5750;SEPARADO;BOMBAS CLIMAX IND COM LTDA;013934;;;
01865901002;006353;30289;COPO P/FILTRO R9030MB/R12030;;RETIRADO;1;;;1;74,95;RETIRADO;MACIEL IND E COMERCIO DE PECAS PARA AUTOS LTDA;000000;;;
01865901002;006353;34952;CABECOTE FILTRO RACOR;;RETIRADO;1;;;1;243,87;RETIRADO;MACIEL IND E COMERCIO DE PECAS PARA AUTOS LTDA;000000;;;
01866001001;006353;101004800;SENSOR TEMP 12VCC;;SEPARADO;1;;;1;210,79;SEPARADO;POLIPECAS COMERCIAL E IMPORTADORA LTDA;000000;;;
01866001001;006353;101008500;PICK-UP 3.5V ROSC 5/8 300-184;;SEPARADO;1;;;1;1087,77;SEPARADO;SERVINTEL INTERNACIONAL LTDA;000000;;;
01866001001;006353;103004000;CH FIM CURSO 1NA 1NF TS23611Z;;SEPARADO;5;;;5;101,63;SEPARADO;MX MATERIAIS ELETRICOS LTDA;000000;;;
01866001001;006353;107005600;CB COBRE 2X1.5MM2 PT 70ºC;;SEPARADO;45;;;100;5,85;SEPARADO;REI DAS MANGUEIRAS MAQUINAS E EQUIPAMENTOS LTDA-ME;013942;;;
01866001001;006353;108006600;FITA LED 12V 54W BRANCA METRO;;SEPARADO;1,8;;;5;23,942;SEPARADO;MX MATERIAIS ELETRICOS LTDA;013939;;;
01866001001;006353;60201013101;GS WEG GTA 251AI24 MU F3;;SEPARADO;1;;;1;22110,71;SEPARADO;WEG EQUIPAMENTOS ELETRICOS S/A;TABELA;;;
01866001001;006353;110459800;GS WEG GIPLUS 251AI24 MU F3;;RETIRADO;1;;;1;22110,71;RETIRADO;WEG EQUIPAMENTOS ELETRICOS S/A;TABELA;;;
01866001001;006353;113000200;RESIS INT AQ 1000W 230V 1.1/4;;SEPARADO;1;;;1;176,28;SEPARADO;ELTRA AQUECIMENTO ELETRICO LTDA;000000;;;
01866001001;006353;118020200;ATUADOR HT-103-12-R 12VCC;;SEPARADO;1;;;1;2574,9;SEPARADO;SERVINTEL INTERNACIONAL LTDA;000000;;;
01866001001;006353;118023300;REG VEL GAC 12-24VCC EEG6500;;SEPARADO;1;;;1;0;SEPARADO;0;000000;;;
01866001001;006353;61101000201;SENSOR NV AGUA 12/24VCC COEL;;SEPARADO;1;;;1;49,5;SEPARADO;USINAGEM DG MANUTENCAO INDUSTRIAL LTDA;000000;;;
01866001001;006353;204596100;ADP M/F 3 4 BSP X M12X1 0 BIC;;SEPARADO;1;;;1;49,5;SEPARADO;USINAGEM DG MANUTENCAO INDUSTRIAL LTDA;000000;;;
01866001001;006353;210006400;PF DIN912 M10X25 12.9 PT;;SEPARADO;8;;;8;28,56;SEPARADO;MULT TEMPERA COAT TECNOLOGIA EM TRATAMENTO TERMICO E REVESTIMENTOS SUPERFICIAIS;000000;;;
01866001001;006353;210043900;TERMINACAO RETA PG70;;SEPARADO;1;;;1;100,07;SEPARADO;MX MATERIAIS ELETRICOS LTDA;000000;;;
01866001001;006353;214001100;MANG GOG 250 3/4 30.2;;SEPARADO;3;;;3;58,83;SEPARADO;HITOCOM MATERIAIS TECNICOS E SERVICOS LTDA;000000;;;
01866001001;006353;214007400;TUBO CORRUGADO PG70;;SEPARADO;1;;;1;0;SEPARADO;ESTOQUE;ESTOQUE;;;
01866001001;006353;302000700;PRE AQ KIT USQ D3;;SEPARADO;1;;;1;0;SEPARADO;0;000000;;;
01866001001;006353;30702002801;BARRA ROSCADA 6MM;;SEPARADO;2;;;2;98,0875;SEPARADO;AÇO FORT;013952;0,0325;;
01866001001;006353;31601193801NE;BOTAO EMERGENCIA CARENAGEM 2NF;;RETIRADO;1;;;1;8548,9321;RETIRADO;SDMO  INDUSTRIES;000000;;;
01866001001;006353;31601193601NE;BOTAO DE EMERGENCIA CARENAGEM;;SEPARADO;1;;;1;8548,9321;SEPARADO;SDMO  INDUSTRIES;000000;;;
01866001001;006353;31613127301;COTOVELO 90° P/ ELETROD PG70;;SEPARADO;1;;;1;0;SEPARADO;0;000000;;;
01866001001;006353;31805000303;ABRACADEIRA CRON D17-27 AC;;SEPARADO;6;;;6;0;SEPARADO;ESTOQUE;ESTOQUE;;;
01866001001;006353;31805007801;ABRACADEIRA ESCAP. MS6169;;SEPARADO;2;;;2;0;SEPARADO;0;000000;;;
01866001001;006353;31807001215;JUNTA DE VEDACAO D14XD18X1,5;;SEPARADO;1;;;1;3,1;SEPARADO;HITOCOM MATERIAIS TECNICOS E SERVICOS LTDA;000000;;;
01866001001;006353;31807001223;JUNTA DE VEDACAO D18XD24X1,5;;SEPARADO;2;;;2;2,65;SEPARADO;HITOCOM MATERIAIS TECNICOS E SERVICOS LTDA;000000;;;
01866001001;006353;60101002801;MOTOR FPT N67 TM6 F3;;SEPARADO;1;;;1;47719,92;SEPARADO;FPT INDUSTRIAL BRASIL LTDA.;013936;;;
01866001001;006353;602181900;CTJ PLQT INOX PV044769;;SEPARADO;1;;;1;800;SEPARADO;PRECISAO A LASER;014248;;;
01866001001;006353;602182400;CJT PLQT ACRILICO PV044769;;FÁBRICA;1;;;1;500;FÁBRICA;PRECISAO A LASER;.;;;
01866001001;006353;60305001408;SPT REG VEL EEG6500 PK/FPT;;SEPARADO;1;;;1;123,9;SEPARADO;AÇO FORT;013952;0,0325;;
01866001001;006353;60501001601;TAMPA BOC ABAST TANCLIK  A101C;;SEPARADO;1;;;1;48;SEPARADO;ITULUB ITUMBIARA LUBRIFICANTES LTDA;013937;;;
01866001001;006353;60501003808;"MOLDURA ABAST EXT 2"" KSE";;SEPARADO;1;;;1;180;SEPARADO;CMG SOLUCOES E SERVICOS LTDA;000000;;;
01866001001;006353;60501004501;TQ COMB 400L POLIETILENO;;SEPARADO;1;;;1;2057;SEPARADO;ACCURATE MACHINE USINAGEM DE PRECISAO LTDA ME;000000;;;
01866001001;006353;60501004908;TRAVA FIX 450L;;SEPARADO;1;;;1;22,715;SEPARADO;AÇO FORT;013952;0,0325;;
01866001001;006353;60501005008;FLANGE TQ POLI RET ABST EXT;;SEPARADO;1;;;1;329;SEPARADO;EVOLUCAO METALURGICA LTDA;000000;;;
01866001001;006353;60501005808;FLANGE CEGA TQ POLIETILENO;;SEPARADO;1;;;1;76,64;SEPARADO;MGK SOLUCOES INDUSTRIAIS PARA CALDEIRARIA LTDA;000000;;;
01866001001;006353;60501005908;FLANGE IND NV TACOBRAS TQ POLI;;SEPARADO;1;;;1;93,9575;SEPARADO;AÇO FORT;013952;0,0325;;
01866001001;006353;60501006408;"FLANGE LUVA 3/4""NPT TQ POLIET";;SEPARADO;1;;;1;146,615;SEPARADO;AÇO FORT;013952;0,0325;;
01866001001;006353;60501008008;"FLANGE PESC 3/4""NPT TQ POLIET";;SEPARADO;1;;;1;88,795;SEPARADO;AÇO FORT;013952;0,0325;;
01866001001;006353;60501008608;CONTRA FLANGE TQ POLIETILENO;;SEPARADO;2;;;2;46,4625;SEPARADO;AÇO FORT;013952;0,0325;;
01866001001;006353;60501010408;FLANGE TQ 400L POLI ABAST KVA;;SEPARADO;1;;;1;191,0125;SEPARADO;AÇO FORT;013952;0,0325;;
01866001001;006353;60702000408;SUPORTE RELE AUX ZM401;;SEPARADO;1;;;1;26,845;SEPARADO;AÇO FORT;013952;0,0325;;
01866001001;006353;60702000501;RELE AUX 80A 12VCC ZM401;;RETIRADO;1;;;1;213,75;RETIRADO;MX MATERIAIS ELETRICOS LTDA;000000;;;
01866001001;006353;112001900;RL AUX 70A 12VCC DNI 0192;;SEPARADO;1;;;1;;SEPARADO;ESTOQUE;000000;;;
01866001001;006353;60702001608;SPT FIX BATERIA 100AH;;SEPARADO;1;;;1;43,365;SEPARADO;AÇO FORT;013952;0,0325;;
01866001001;006353;60702001701;BATERIA 12V 100AH 760CCA 100QD;;SEPARADO;1;;;1;880;SEPARADO;ATACADAO BATERIAS LTDA;013933;;;
01866001001;006353;60702002908;SPT BATERIA 100AH KSE220;;SEPARADO;1;;;1;91,5;SEPARADO;EVOLUCAO METALURGICA LTDA;000000;;;
01866001001;006353;60702003408;CX PROTECAO BATERIA 100AH;;SEPARADO;1;;;1;464,625;SEPARADO;AÇO FORT;013952;0,0325;;
01866001001;006353;60210000201;RESIST AQUEC ALT AG10 H280;;SEPARADO;1;;;1;2551,44;SEPARADO;WEG EQUIPAMENTOS ELETRICOS S/A;013948;0,065;;
01866001001;006353;60901013916;SILENCIOSO 29DBA CRN KSE220;;SEPARADO;1;;;1;2377,41;SEPARADO;SCAPSUL EQUIPAMENTOS RODOVIARIOS LTDA;013943;;;
01866001001;006353;60901014516;CURVA FLEX FPT TM6 KSE220;;SEPARADO;1;;;1;780,45;SEPARADO;SCAPSUL EQUIPAMENTOS RODOVIARIOS LTDA;013943;;;
01866001001;006353;61101000501;SENSOR PR OLEO 3RHO 7704;;SEPARADO;1;;;1;209,6;SEPARADO;MX MATERIAIS ELETRICOS LTDA;013939;;;
01866001001;006353;61101001001;IND NV COMB MEC 285MM TC;;SEPARADO;1;;;1;810;SEPARADO;TACOBRAS MEDIDORES DE PRECISAO LTDA;013945;;;
01866001001;006353;61101001301;SENS NV COMB ULTRAS K40LSR;;SEPARADO;1;;;1;503,31;SEPARADO;KVA INDUSTRIA E COMERCIO LTDA;013938;;;
01866001001;006353;61301010708;BS KSE220 FPT TE5 TQ 400L;;SEPARADO;1;;;1;4119,675;SEPARADO;AÇO FORT;013952;0,0325;;
01866001001;006353;61303000301;AMT VIBRA-STOP TRAD 2F 1/2;;SEPARADO;4;;;6;235,4;SEPARADO;VIBRA -STOP AMORTECEDORES DE VIBRACAO LTDA;013947;;;
01866001001;006353;61307008608;SPT RADIADOR FPT KSE220;;SEPARADO;1;;;1;229;SEPARADO;EVOLUCAO METALURGICA LTDA;000000;;;
01866001001;006353;61307008808;TAMPA TQ REMOVIVEL KSE220 400L;;SEPARADO;1;;;1;350;SEPARADO;EVOLUCAO METALURGICA LTDA;000000;;;
01866001001;006353;61307014908;SPT MOTOR FPT KSE220 AMT VS;;SEPARADO;1;;;1;438,8125;SEPARADO;AÇO FORT;013952;0,0325;;
01866001001;006353;61307015008;SPT ALT AG10 250 KSE220 AMT VS;;SEPARADO;1;;;1;438,8125;SEPARADO;AÇO FORT;013952;0,0325;;
01866001001;006353;61401009149NE;CARENAGEM KSE220 CTZ;;SEPARADO;1;;;1;22818,25;SEPARADO;AÇO FORT;013952;0,0325;;
01866001001;006353;61402021708;FECH RAD FPT TM6 KSE220;;SEPARADO;1;;;1;615;SEPARADO;EVOLUCAO METALURGICA LTDA;000000;;;
01866001001;006353;61404001808;SPT FIM DE CURSO KSE;;SEPARADO;5;;;5;47,63;SEPARADO;CMG SOLUCOES E SERVICOS LTDA;000000;;;
01866001001;006353;61404003808;LUMINARIA FITA LED 12V KSE105;;SEPARADO;2;;;2;70;SEPARADO;CMG SOLUCOES E SERVICOS LTDA;000000;;;
01866001001;006353;61405001101;BATENTE DE BORRACHA CONICO;;SEPARADO;4;;;4;6,4;SEPARADO;ML;000000;;;
01866001001;006353;61601007208;SPT PNL COMANDO KSE220;;SEPARADO;1;;;1;180,6875;SEPARADO;AÇO FORT;013952;0,0325;;
01866001001;006353;61601007308;SPT PNL BS KSE220 CTZ;;SEPARADO;1;;;1;309,75;SEPARADO;AÇO FORT;013952;0,0325;;
01866001001;006353;61602009808;TAMPA LAT ALT GTA H250 PG70;;SEPARADO;1;;;1;23,45;SEPARADO;EVOLUCAO METALURGICA LTDA;000000;;;
01866001001;006353;61801003101;PF DIN912 M10X45 12.9 PT;;SEPARADO;12;;;12;1,55;SEPARADO;REI DAS MANGUEIRAS MAQUINAS E EQUIPAMENTOS LTDA-ME;013942;;;
01866001001;006353;61802000111;"BICO RM 1/2""NPT MANG 1/2"" BIC";;SEPARADO;1;;;1;28,5;SEPARADO;BULKS INDUSTRIA E COMERCIO LTDA;000000;;;
01866001001;006353;61802000422;COTOVELO MF 90 1 2NPT GALV;;SEPARADO;1;;;1;35;SEPARADO;REI DAS MANGUEIRAS MAQUINAS E EQUIPAMENTOS LTDA-ME;013942;;;
01866001001;006353;61802000711;BICO RM 1/2 NPT MANG 3/8 BIC;;SEPARADO;2;;;2;13;SEPARADO;REI DAS MANGUEIRAS MAQUINAS E EQUIPAMENTOS LTDA-ME;013942;;;
01866001001;006353;61802000922;NIPLE DUPLO 1 2 BSP GALV;;SEPARADO;1;;;1;5;SEPARADO;REI DAS MANGUEIRAS MAQUINAS E EQUIPAMENTOS LTDA-ME;013942;;;
01866001001;006353;61802001122;"CURVA DE RETORNO 1/2"" BSP GALV";;SEPARADO;1;;;1;22,5;SEPARADO;CENTRAL DOS PARAFUSOS DE ITUMBIARA LTDA;000000;;;
01866001001;006353;61802001622;"BICO RM M18X1,5 MANG 5/8"" BIC";;SEPARADO;2;;;2;28,5;SEPARADO;BULKS INDUSTRIA E COMERCIO LTDA;013935;;;
01866001001;006353;61802004022;ADP M/F 1/2NPT X M14X1.5 BIC;;RETIRADO;1;;;1;28,5;RETIRADO;BULKS INDUSTRIA E COMERCIO LTDA;013935;;;
01866001001;006353;61802007111;ADP M/F M12X1.5 X 1/8NPT 27FPP;;SEPARADO;1;;;1;28,5;SEPARADO;BULKS INDUSTRIA E COMERCIO LTDA;013935;;;
01866001001;006353;61802008011;ADP M/F M10 X M10;;SEPARADO;1;;;1;35,4;SEPARADO;USINAGEM DG MANUTENCAO INDUSTRIAL LTDA;000000;;;
01866001001;006353;61802008111;ADP M RESP M22;;SEPARADO;1;;;1;190,69;SEPARADO;HITOCOM MATERIAIS TECNICOS E SERVICOS LTDA;000000;;;
01866001001;006353;61802008611;"COTOVELO MF 90 3/4""NPT GALV";;SEPARADO;2;;;2;15;SEPARADO;REI DAS MANGUEIRAS MAQUINAS E EQUIPAMENTOS LTDA-ME;013942;;;
01866001001;006353;61802008711;"BICO RM 3/4""NPT MANG 3/4"" BIC";;SEPARADO;4;;;4;28,5;SEPARADO;BULKS INDUSTRIA E COMERCIO LTDA;014155;;;
01866001001;006353;61805000922;ABRACADEIRA FLEXIL D14-22 AC;;SEPARADO;4;;;4;3,8;SEPARADO;REI DAS MANGUEIRAS MAQUINAS E EQUIPAMENTOS LTDA-ME;000000;;;
01866001001;006353;61805001101;ABRACADEIRA MSA99107;;SEPARADO;1;;;1;6;SEPARADO;REI DAS MANGUEIRAS MAQUINAS E EQUIPAMENTOS LTDA-ME;000000;;;
01866001001;006353;91801007305;ARR M10 DIN 9250 PT;;SEPARADO;20;;;20;0,69;SEPARADO;MULT TEMPERA COAT TECNOLOGIA EM TRATAMENTO TERMICO E REVESTIMENTOS SUPERFICIAIS;000000;;;
01866001002;006353;101014300;RL NV AGUA 12/24VCC AN5 COEL;;SEPARADO;2;;;2;316,65;SEPARADO;COELMATIC LTDA;000000;;;
01866001002;006353;101018900;MOD EXP IGS-PTM 8-36VCC;;SEPARADO;1;;;1;3691,44;SEPARADO;SERVINTEL INTERNACIONAL LTDA;013944;;;
01866001002;006353;112001900;RL AUX 70A 12VCC DNI 0192;;SEPARADO;1;;;1;3691,44;SEPARADO;SERVINTEL INTERNACIONAL LTDA;013944;;;
01866001002;006353;101095400;MOD EXPANSAO EM-BIO8-EFCP;;SEPARADO;1;;;1;860,45;SEPARADO;SERVINTEL INTERNACIONAL LTDA;000000;;;
01866001002;006353;101095500;MOD COMUNICACAO CM3-ETHERNET;;SEPARADO;1;;;1;1192,26;SEPARADO;SERVINTEL INTERNACIONAL LTDA;013944;;;
01866001002;006353;103004000;CH FIM CURSO 1NA 1NF TS23611Z;;SEPARADO;1;;;1;101,63;SEPARADO;MX MATERIAIS ELETRICOS LTDA;000000;;;
01866001002;006353;103004600;CH REV 3 POLOS 16A WS3/10E Z11;;SEPARADO;1;;;1;469,98;SEPARADO;MX MATERIAIS ELETRICOS LTDA;013939;;;
01866001002;006353;103015200;CH IGNICAO UNIVERSAL 314008M91;;SEPARADO;1;;;1;154,9;SEPARADO;MX MATERIAIS ELETRICOS LTDA;013939;;;
01866001002;006353;104010000;GRAMPO BAR 10X3MM 0.50-4.00MM;;SEPARADO;10;;;10;11,4;SEPARADO;PHOENIX CONTACT IND E COMERCIO LTDA;000000;;;
01866001002;006353;104011700;POSTE PF E/UK;;SEPARADO;16;;;16;4,24;SEPARADO;PHOENIX CONTACT IND E COMERCIO LTDA;013940;;;
01866001002;006353;104192100;BORNE DUPLO PUSH IN 4MM PTTB4;;SEPARADO;57;;;57;9,23;SEPARADO;PHOENIX CONTACT IND E COMERCIO LTDA;013940;;;
01866001002;006353;104192200;TAMPA P/ BORNE DUP 4MM D-STTB4;;SEPARADO;9;;;9;2,42;SEPARADO;PHOENIX CONTACT IND E COMERCIO LTDA;013940;;;
01866001002;006353;104193600;SUPORTE IDENTIF P/ POSTE KLM-A;;SEPARADO;12;;;12;37,09;SEPARADO;PHOENIX CONTACT IND E COMERCIO LTDA;000000;;;
01866001002;006353;104193700;ETIQUETA P/ BORNE UCT-TMF6;;FÁBRICA;232;;;232;0;FÁBRICA;ESTOQUE;.;;;
01866001002;006353;104193800;ETIQUETA DE ENCAIXE ESL44X7;;FÁBRICA;12;;;12;0;FÁBRICA;ESTOQUE;.;;;
01866001002;006353;105030900;CONT AUX CTTR CA4-10;;SEPARADO;3;;;3;10,89;SEPARADO;ABB ELETRIFICACAO LTDA;000000;;;
01866001002;006353;106001400;DJ 2P 10A CURVA C 10KA S202;;SEPARADO;3;;;3;152,63;SEPARADO;ABB ELETRIFICACAO LTDA;000000;;;
01866001002;006353;BGEN1854;DJ 1P 10A S61;;SEPARADO;3;;;3;0;SEPARADO;0;000000;;;
01866001002;006353;106001500;DJ 1P 10A CURVA C 10KA S201;;RETIRADO;3;;;3;31,06;RETIRADO;ABB ELETRIFICACAO LTDA;000000;;;
01866001002;006353;106002600;DJ 3P 6A CURVA C 10KA S203;;SEPARADO;1;;;1;267,55;SEPARADO;ABB ELETRIFICACAO LTDA;013932;0,065;;
01866001002;006353;106002900;DJ 1P 2A CURVA C 10KA S201;;SEPARADO;2;;;2;59,96;SEPARADO;ABB ELETRIFICACAO LTDA;013932;0,065;;
01866001002;006353;106004200;DJ 1P 16A CURVA C 10KA S201;;SEPARADO;1;;;1;0;SEPARADO;0;000000;;;
01866001002;006353;106016300;SUPRESSOR RCV-220;;SEPARADO;1;;;1;41,22;SEPARADO;GERATRONIC IND COM AP. EL. LTDA-EPP;000000;;;
01866001002;006353;106335100;CONT AUX DM HK1-11;;SEPARADO;1;;;1;42,18;SEPARADO;ABB ELETRIFICACAO LTDA;013932;0,0975;;
01866001002;006353;107184900;BARRA TERRA COMANDO 10X3MM;;SEPARADO;0,2;;;0,2;0;SEPARADO;ESTOQUE;ESTOQUE;;;
01866001002;006353;112000100;RL 4C/O 7A 583490120050;;SEPARADO;1;;;1;67,08;SEPARADO;FINDER COMPONENTES LTDA;000000;;;
01866001002;006353;112019700;BASE P/ RL ARTECHE JN DE IP10;;SEPARADO;1;;;1;605,09;SEPARADO;ARTECHE EDC EQUIPAMENTOS E SISTEMAS S/A;013960;;;
01866001002;006353;112019800;TRAVA E45 P/ RELE  61652000801;;SEPARADO;1;;;1;42,36;SEPARADO;ARTECHE EDC EQUIPAMENTOS E SISTEMAS S/A;013960;;;
01866001002;006353;113000500;DIODO 6A 600V;;SEPARADO;1;;;1;2,5;SEPARADO;MX MATERIAIS ELETRICOS LTDA;013939;;;
01866001002;006353;114070900;TOMADA ELE P/ TRILHO 250V/10A;;SEPARADO;2;;;1;92,72;SEPARADO;MX MATERIAIS ELETRICOS LTDA;013939;;;
01866001002;006353;118005900;CONV TEN SC-125-12-5;;SEPARADO;1;;;1;581,41;SEPARADO;PROAUTO ELECTRIC LTDA;013941;0,05;;
01866001002;006353;204584900;SPT FIM CURSO QD MQC CTZ;;SEPARADO;2;;;2;16,52;SEPARADO;AÇO FORT;013952;0,0325;;
01866001002;006353;61405001201;DOBRADICA TASCO 91591;;SEPARADO;3;;;3;16,1;SEPARADO;TASCO LTDA;013779;;;
01866001002;006353;61405001301;FECHO TASCO 25085;;SEPARADO;1;;;1;63,0635;SEPARADO;TASCO LTDA;000000;;;
01866001002;006353;61613000801;CONECTOR P/ COMPONENTE;;SEPARADO;1;;;1;49,17;SEPARADO;PHOENIX CONTACT IND E COMERCIO LTDA;000000;;;
01866001002;006353;61640003449;GABINETE MQC CTZ;;SEPARADO;1;;;1;634,9875;SEPARADO;AÇO FORT;013952;0,0325;;
01866001002;006353;61640008049;TAMPA 2 MOD USC25C QD MQC CTZ;;SEPARADO;1;;;1;160,0375;SEPARADO;AÇO FORT;013952;0,0325;;
01866001002;006353;61646008501;DJ MOTOR 3P 1.6-2.5A MS132-2.5;;SEPARADO;1;;;1;272,66;SEPARADO;ABB ELETRIFICACAO LTDA;013932;0,065;;
01866001002;006353;61648042801;DJ 3P 10A SJ203 T-C10;;RETIRADO;1;;;1;48,61;RETIRADO;ABB ELETRIFICACAO LTDA;000000;;;
01866001002;006353;106004000;DJ 3P 10A CURVA C 10KA S203;;SEPARADO;1;;;1;1239,67;SEPARADO;3LR PRODUTOS E SERVICOS ELETRICOS LTDA;000000;;;
01866001002;006353;61648042901;DJ 2P 10A SJ202 T-C10;;SEPARADO;5;;;5;35;SEPARADO;ABB ELETRIFICACAO LTDA;000000;;;
01866001002;006353;61650002701;CONT AUX CTTR 2NA 2NF MARN422A;;SEPARADO;1;;;1;73,43;SEPARADO;ABB ELETRIFICACAO LTDA;013932;0,0975;;
01866001002;006353;61650002901;CTTR AUX 2NA 2NF MCRC 12VCC;;SEPARADO;1;;;1;200,81;SEPARADO;ABB ELETRIFICACAO LTDA;013932;0,0325;;
01866001002;006353;61651007101;CTTR 3P 25A AF09-30-10-13;;SEPARADO;1;;;1;96,01;SEPARADO;ABB ELETRIFICACAO LTDA;000000;;;
01866001002;006353;61652002801;RL ARTECHE 8NAF 125VCC OP00001;;SEPARADO;1;;;1;1132,74;SEPARADO;ARTECHE EDC EQUIPAMENTOS E SISTEMAS S/A;013960;;;
01866001002;006353;61654000901;MOD USCAMAQ 25C IL4-AMF25;;SEPARADO;2;;;2;2765,59;SEPARADO;SERVINTEL INTERNACIONAL LTDA;013944;;;
01866001002;006353;61656003801;SUPORTE MODULAR BOTAO ABB;;SEPARADO;5;;;5;5,55;SEPARADO;ABB ELETRIFICACAO LTDA;013932;0,0975;;
01866001002;006353;61656003901;CONT NA BOTAO ABB LINHA MCB;;SEPARADO;6;;;6;9,33;SEPARADO;ABB ELETRIFICACAO LTDA;013932;0,0975;;
01866001002;006353;61656004001;CONT NF BOTAO ABB LINHA MCB;;SEPARADO;9;;;9;9,33;SEPARADO;ABB ELETRIFICACAO LTDA;013932;0,0975;;
01866001002;006353;61656004101;CABECOTE BOTAO DUPLO LED ABB;;SEPARADO;2;;;2;42,12;SEPARADO;ABB ELETRIFICACAO LTDA;000000;;;
01866001002;006353;61656004201;BLOCO LED BRANCO 230VCA ABB;;SEPARADO;1;;;1;63;SEPARADO;APS COMPONENTES ELETRICOS S/A;000000;;;
01866001002;006353;61656004401;BLOCO LED BRANCO 12VCC ABB;;SEPARADO;1;;;1;63;SEPARADO;APS COMPONENTES ELETRICOS S/A;000000;;;
01866001002;006353;61656004501;CABECOTE CH SEL 2P FX ABB;;SEPARADO;1;;;1;59,13;SEPARADO;ABB ELETRIFICACAO LTDA;000000;;;
01866001002;006353;61656004701;CABECOTE BOTAO EMERGENCIA ABB;;RETIRADO;1;;;1;44,96;RETIRADO;ABB ELETRIFICACAO LTDA;000000;;;
01866001002;006353;61656000901;CABECOTE BOTAO EMERGENCIA XB5;;SEPARADO;1;;;1;67,2;SEPARADO;MAIS SOLUCOES INDUSTRIAIS S.A;000000;;;
01866001002;006353;61656004801;ADESIVO PARADA DE EMERGENCIA;;FÁBRICA;1;;;1;0;FÁBRICA;ESTOQUE;.;;;
01866001002;006353;61656005001;CABECOTE CH SELET 2P CHAVE ABB;;SEPARADO;1;;;1;108,79;SEPARADO;ABB ELETRIFICACAO LTDA;000000;;;
01866001002;006353;61657001501;LUMINARIA LED 8W 12/24VCC 4000;;SEPARADO;1;;;1;98;SEPARADO;MX MATERIAIS ELETRICOS LTDA;013939;;;
01866001002;006353;61660000001;BORNE SECCIONADOR P/COMPONENTE;;SEPARADO;1;;;1;82,4543;SEPARADO;PHOENIX CONTACT IND E COMERCIO LTDA;000000;;;
01866001002;006353;61660000101;BORNE POTENCIAL DUPLO PUSH IN;;SEPARADO;1;;;1;31,7;SEPARADO;ELETROSTAR COMERCIO DE MATERIAL DE AUTOMACAO LTDA;000000;;;
01866001002;006353;61660001401;BLOCO DE AFERICAO 3TC/3TP+N;;SEPARADO;1;;;1;280,11;SEPARADO;PROAUTO ELECTRIC LTDA;000000;;;
01866001002;006353;61660005601;BLOCO DE DISTRIBUICAO PTFIX CZ;;SEPARADO;2;;;8;31,62;SEPARADO;PHOENIX CONTACT IND E COMERCIO LTDA;013940;;;
01866001002;006353;61660005701;BLOCO DE DISTRIBUICAO PTFIX AZ;;SEPARADO;1;;;8;31,62;SEPARADO;PHOENIX CONTACT IND E COMERCIO LTDA;013940;;;
01866001004;006353;61652005101;BASE RELE CR-S 1C/O 12...24 ABB;;SEPARADO;17;;;17;23,58;SEPARADO;ABB ELETRIFICACAO LTDA;000000;;;
01866001004;006353;61652005801;RL 1C/O 6A CR-S012VDC1R 12VCC;;SEPARADO;17;;;17;19,26;SEPARADO;ABB ELETRIFICACAO LTDA;013932;0,0325;;
01866001005;006353;61652005301;BASE RELE CR-P 2C/O ABB;;SEPARADO;5;;;4;20,01;SEPARADO;ABB ELETRIFICACAO LTDA;013932;0,0975;;
01866001005;006353;61652005601;GRAMPO RELE CR-PH;;SEPARADO;5;;;5;1,62;SEPARADO;ABB ELETRIFICACAO LTDA;013932;0,0975;;
01866001005;006353;61652006201;RL 2C/O 8A CR-P012DC2 12VCC;;SEPARADO;6;;;1;21,73;SEPARADO;ABB ELETRIFICACAO LTDA;013932;0,0325;;
01866001005;006353;61652007701;SUPRESSOR DE SURTO CR-P/M62C;;SEPARADO;6;;;1;43,17;SEPARADO;ABB ELETRIFICACAO LTDA;013932;0,065;;
01866001006;006353;61652005501;BASE RELE CR-M 2 OU 4C/O ABB;;SEPARADO;1;;;1;18,78;SEPARADO;ABB ELETRIFICACAO LTDA;013932;0,0975;;
01866001006;006353;61652005701;GRAMPO RELE CR-MH;;SEPARADO;1;;;1;2,4;SEPARADO;ABB ELETRIFICACAO LTDA;000000;;;
01866001006;006353;61652006501;"RL 2C/O 12A CR-M125DC2 125VCC		";;SEPARADO;1;;;1;39,21;SEPARADO;ABB ELETRIFICACAO LTDA;013932;0,0325;;
01866001006;006353;61652007901;SUPRESSOR DE SURTO CR-P/M92C;;SEPARADO;1;;;1;43,17;SEPARADO;ABB ELETRIFICACAO LTDA;013932;0,065;;
01866001007;006353;61652005301;BASE RELE CR-P 2C/O ABB;;SEPARADO;1;;;1;20,01;SEPARADO;ABB ELETRIFICACAO LTDA;013932;0,0975;;
01866001007;006353;61652005601;GRAMPO RELE CR-PH;;SEPARADO;1;;;5;1,62;SEPARADO;ABB ELETRIFICACAO LTDA;013932;0,0975;;
01866001007;006353;61652006601;RL 2C/O 8A CR-P230AC2 230VAC;;SEPARADO;1;;;1;39,74;SEPARADO;ABB ELETRIFICACAO LTDA;013932;0,0325;;
01866001007;006353;61652007901;SUPRESSOR DE SURTO CR-P/M92C;;SEPARADO;1;;;1;43,17;SEPARADO;ABB ELETRIFICACAO LTDA;013932;0,065;;
01866001008;006353;61652005401;BASE RELE CR-M 3C/O ABB;;SEPARADO;2;;;2;17,41;SEPARADO;ABB ELETRIFICACAO LTDA;013932;0,0975;;
01866001008;006353;61652005701;GRAMPO RELE CR-MH;;SEPARADO;2;;;5;2,19;SEPARADO;ABB ELETRIFICACAO LTDA;013932;0,0975;;
01866001008;006353;61652006701;"RL 3C/O 10A CR-M012DC3 12VCC		";;SEPARADO;2;;;2;35,41;SEPARADO;ABB ELETRIFICACAO LTDA;013932;0,0325;;
01866001008;006353;61652007701;SUPRESSOR DE SURTO CR-P/M62C;;SEPARADO;2;;;2;43,17;SEPARADO;ABB ELETRIFICACAO LTDA;013932;0,065;;
01866001009;006353;61652005401;BASE RELE CR-M 3C/O ABB;;SEPARADO;3;;;3;17,41;SEPARADO;ABB ELETRIFICACAO LTDA;013932;0,0975;;
01866001009;006353;61652005701;GRAMPO RELE CR-MH;;SEPARADO;3;;;5;2,19;SEPARADO;ABB ELETRIFICACAO LTDA;013932;0,0975;;
01866001009;006353;61652007001;"RL 3C/O 10A CR-M125DC3 125VCC		";;SEPARADO;3;;;3;40,35;SEPARADO;ABB ELETRIFICACAO LTDA;013932;0,0325;;
01866001009;006353;61652007901;SUPRESSOR DE SURTO CR-P/M92C;;SEPARADO;3;;;3;43,17;SEPARADO;ABB ELETRIFICACAO LTDA;013932;0,065;;
01866001010;006353;104014300;TUBO DIST 30MM 3/8''X5/8'';;FÁBRICA;2;;;2;125,965;FÁBRICA;AÇO FORT;013952;0,0325;;
01866001010;006353;106019500;CONT. AUX. OF/SD/SDE  XT1_XT3;;SEPARADO;3;;;3;125,85;SEPARADO;ABB ELETRIFICACAO LTDA;013932;0,0975;;
01866001010;006353;109002100;ISOLADOR CIL 30X30MM M6;;SEPARADO;2;;;2;6,5;SEPARADO;POTENCIAL ELETRICA E HIDRAULICA LTDA;000000;;;
01866001010;006353;109003200;ISOLADOR CIL 40X50MM M8;;RETIRADO;2;;;2;22,55;RETIRADO;MX MATERIAIS ELETRICOS LTDA;000000;;;
01866001010;006353;109090300;ISOLADOR CIL 50X50MM M8;;SEPARADO;2;;;2;42,9;SEPARADO;MX MATERIAIS ELETRICOS LTDA;000000;;;
01866001010;006353;109089000;ISOLADOR CIL 40X60MM M8;;RETIRADO;2;;;2;32;RETIRADO;MX MATERIAIS ELETRICOS LTDA;000000;;;
01866001010;006353;109000300;ISOLADOR BUJAO 59X60MM M8;;SEPARADO;2;;;2;0;SEPARADO;0;000000;;;
01866001010;006353;115000600;TC 500/5A HB603 ABB;;SEPARADO;3;;;2;179,92;SEPARADO;ABB ELETRIFICACAO LTDA;013932;0;;
01866001010;006353;118018300;CARREG BAT 12VCC-15A CHFB MCE;;SEPARADO;1;;;1;0;SEPARADO;0;000000;;;
01866001010;006353;61405001201;DOBRADICA TASCO 91591;;SEPARADO;2;;;2;16,1;SEPARADO;TASCO LTDA;013779;;;
01866001010;006353;61405001301;FECHO TASCO 25085;;SEPARADO;1;;;1;63,0635;SEPARADO;TASCO LTDA;000000;;;
01866001010;006353;61635020051;SPT DJ NSX/ABB 063 A 630A MQP;;SEPARADO;1;;;1;87,7625;SEPARADO;AÇO FORT;013952;0,0325;;
01866001010;006353;61640002949;GABINETE MQP CTZ;;SEPARADO;1;;;1;1156,4;SEPARADO;AÇO FORT;013952;0,0325;;
01866001010;006353;61640003149;TAMPA SUP QD MQP CTZ;;SEPARADO;1;;;1;87,7625;SEPARADO;AÇO FORT;013952;0,0325;;
01866001010;006353;61640005849;TAMPA INF XT5 QD MQP CTZ;;SEPARADO;1;;;1;149,7125;SEPARADO;AÇO FORT;013952;0,0325;;
01866001010;006353;61647037401;DCM 3P FX 630A XT5N LS/I;;SEPARADO;1;;;1;2838,55;SEPARADO;ABB ELETRIFICACAO LTDA;013932;0,065;;
01866001010;006353;61648012601;CONT AUX S51 DCM FX XT2-XT6;;SEPARADO;1;;;1;258,79;SEPARADO;ABB ELETRIFICACAO LTDA;000000;;;
01866001010;006353;61648013000;MOE 110...125V AC/DC XT5;;SEPARADO;1;;;1;2168,68;SEPARADO;ABB ELETRIFICACAO LTDA;013932;0,0975;;
01866001011;006353;104011700;POSTE PF E/UK;;SEPARADO;1;;;1;4,24;SEPARADO;PHOENIX CONTACT IND E COMERCIO LTDA;013940;;;
01866001011;006353;104192100;BORNE DUPLO PUSH IN 4MM PTTB4;;SEPARADO;2;;;1;9,23;SEPARADO;PHOENIX CONTACT IND E COMERCIO LTDA;000000;;;
01866001011;006353;104192200;TAMPA P/ BORNE DUP 4MM D-STTB4;;SEPARADO;1;;;1;2,42;SEPARADO;PHOENIX CONTACT IND E COMERCIO LTDA;013940;;;
01866001011;006353;104193600;SUPORTE IDENTIF P/ POSTE KLM-A;;SEPARADO;1;;;1;37,09;SEPARADO;PHOENIX CONTACT IND E COMERCIO LTDA;000000;;;
01866001011;006353;104193700;ETIQUETA P/ BORNE UCT-TMF6;;FÁBRICA;8;;;8;0;FÁBRICA;ESTOQUE;.;;;
01866001011;006353;104193800;ETIQUETA DE ENCAIXE ESL44X7;;FÁBRICA;1;;;1;0;FÁBRICA;ESTOQUE;.;;;
01866001011;006353;61648042901;DJ 2P 10A SJ202 T-C10;;SEPARADO;1;;;1;35;SEPARADO;ABB ELETRIFICACAO LTDA;000000;;;
01866001012;006353;104011700;POSTE PF E/UK;;SEPARADO;1;;;1;4,24;SEPARADO;PHOENIX CONTACT IND E COMERCIO LTDA;013940;;;
01866001012;006353;104192100;BORNE DUPLO PUSH IN 4MM PTTB4;;SEPARADO;3;;;3;9,23;SEPARADO;PHOENIX CONTACT IND E COMERCIO LTDA;013940;;;
01866001012;006353;104192200;TAMPA P/ BORNE DUP 4MM D-STTB4;;SEPARADO;1;;;1;2,42;SEPARADO;PHOENIX CONTACT IND E COMERCIO LTDA;013940;;;
01866001012;006353;104193600;SUPORTE IDENTIF P/ POSTE KLM-A;;SEPARADO;1;;;1;37,09;SEPARADO;PHOENIX CONTACT IND E COMERCIO LTDA;000000;;;
01866001012;006353;61648042901;DJ 2P 10A SJ202 T-C10;;SEPARADO;1;;;1;35;SEPARADO;ABB ELETRIFICACAO LTDA;000000;;;
01866001018;006353;107045500;"BARRA COBRE 1"" X 5/16""";;SEPARADO;1,2;;;1,2;166,0375;SEPARADO;ANGLO INDUSTRIA E COMERCIO DE METAIS LTDA;000000;;;
01866001018;006353;107047600;BARRA COBRE 1 1/2 X 5/16;;SEPARADO;0,4;;;0,4;297,6827;SEPARADO;ANGLO INDUSTRIA E COMERCIO DE METAIS LTDA;000000;;;
01866001019;006353;107045500;"BARRA COBRE 1"" X 5/16""";;SEPARADO;0,29;;;0,29;166,0375;SEPARADO;ANGLO INDUSTRIA E COMERCIO DE METAIS LTDA;000000;;;
01866401002;006287;204000300;TQ VT 250L POLT 3/8;;FALTA;1;;;1;1370,12;FALTA;ACURATE;PEDIDO;0;;
01866401002;006287;204366000;"SPT NV KVA TQ EXT 2"" BSP";;FALTA;1;;;1;250;FALTA;AÇO FORT;COT;0;;
01866401002;006287;204377800;SPT BOMBA RECIRC/FILTRO;;FALTA;1;;;1;250;FALTA;AÇO FORT;COT;0;;
01866401002;006287;204377900;PERFILADO U INST SPT BOMBA;;FALTA;2;;;2;41,66;FALTA;MX MATERIAIS ELETRICOS LTDA;PEDIDO;0;;
01866401002;006287;204561000;PALLET DE CONT 2 TAMB 1,31X71X45;;FALTA;1;;;1;1139,55;FALTA;ACURATE;PEDIDO;0;;
01866401002;006287;204648800;FILTRO RACOR SEP 645-10M;;FALTA;1;;;1;457,8;FALTA;JS;PEDIDO;0;;
01866401002;006287;211004000;"BOMBA ELETRICA BREMEN 3/4"" 12V";;FALTA;1;;;1;348;FALTA;BREMEN;PEDIDO;0;;
01866401002;006287;60901002816;SILENCIOSO 29DBA - PK 1103;;SEPARADO;1;;;1;500,31;SEPARADO;SCAPSUL EQUIPAMENTOS RODOVIARIOS LTDA;000000;;;
01866401002;006287;60901003716;FLANGE ESC DE104 X DI64;;SEPARADO;2;;;2;68,59;SEPARADO;SCAPSUL EQUIPAMENTOS RODOVIARIOS LTDA;000000;;;
01866401002;006287;60901003801;JUNTA ESC  DE104 X DI64;;SEPARADO;2;;;2;33,84;SEPARADO;SCAPSUL EQUIPAMENTOS RODOVIARIOS LTDA;000000;;;
01866401002;006287;60901017416;OXICATALISADOR M3C PK 1103;;FALTA;1;;;1;3460,02;FALTA;SCAPSUL;PEDIDO;0;;
01866401002;006287;60901021801;JUNTA ESC DE160 X DI76;;FALTA;2;;;2;37,34;FALTA;SCAPSUL;PEDIDO;0,052;;
01866401002;006287;61101001301;SENS NV COMB ULTRAS K40LSR;;FALTA;1;;;1;503,31;FALTA;KVA INDUSTRIA E COMERCIO LTDA;PEDIDO;0;;
01866401003;006287;102023700;PERFILADO PERF 38X38X3000MM;;FALTA;1;;;1;107,35;FALTA;MX MATERIAIS ELETRICOS LTDA;PEDIDO;0;;
01866401003;006287;104194400;CHUMBADOR PARABOLT 1/2 X 3;;FALTA;4;;;4;5;FALTA;REI DAS MANGUEIRAS MAQUINAS E EQUIPAMENTOS LTDA-ME;PEDIDO;0;;
01866401003;006287;204266700;"TEE DE FERRO PRETO 3/4""";;FALTA;1;;;1;11;FALTA;REI DAS MANGUEIRAS MAQUINAS E EQUIPAMENTOS LTDA-ME;PEDIDO;0;;
01866401003;006287;204354400;JUNTA ESC DE160 X DI76;;FALTA;1;;;1;37,34;FALTA;SCAPSUL;PEDIDO;0,052;;
01866401003;006287;204370400;"TUBO ACO CARB PRETO 3"" - NBR 5580";;RETIRADO;1,7;;;6;102;RETIRADO;SANTA RITA INDUSTRIA E COMERCIO DE FERRAGENS LTDA;PEDIDO;0;;
01866401003;006287;204378000;DUTO DE CHAPA RAD MOT R24;;FALTA;1;;;1;896,34;FALTA;SCAPSUL;PEDIDO;0;;
01866401003;006287;204370500;"TUBO ACO CARB PRETO 2"" - NBR 5580                 ";;FALTA;1,7;;;1,7;102;FALTA;SANTA RITA INDUSTRIA E COMERCIO DE FERRAGENS LTDA;PEDIDO;0;;
01866401003;006287;201355800;"CURVA RL 90º Ø2"" C/COSTURA SCH 40                 ";;FALTA;1;;;1;102;FALTA;SANTA RITA INDUSTRIA E COMERCIO DE FERRAGENS LTDA;PEDIDO;0;;
01866401003;006287;204401500;FLANGE ESC DE104 X DI60                           ;;FALTA;2;;;2;102;FALTA;SANTA RITA INDUSTRIA E COMERCIO DE FERRAGENS LTDA;PEDIDO;0;;
01866401003;006287;204401600;FLANGE ESC DE160 X DI60                           ;;FALTA;1;;;1;102;FALTA;SANTA RITA INDUSTRIA E COMERCIO DE FERRAGENS LTDA;PEDIDO;0;;
01866401003;006287;204530800;"CURVA RL 90º Ø3"" C/COSTURA NBR 5580";;RETIRADO;1;;;1;331,2;RETIRADO;SCAPSUL;PEDIDO;0,065;;
01866401003;006287;204546100;"BICO RM 3/4"" BSP MANG 3/4"" BIC";;SEPARADO;2;;;2;28,5;SEPARADO;BULKS INDUSTRIA E COMERCIO LTDA;PEDIDO;0;;
01866401003;006287;204567100;"TUBO FERRO PRETO 3/4"" NBR5580 CL MEDIA - BARRA 6M";;FALTA;1;;;1;32,5;FALTA;JN ACOS LTDA;PEDIDO;0;;
01866401003;006287;204610200;"CANTONEIRA 1""X1/8""";;FALTA;1;;;6;15,17;FALTA;SANTA RITA INDUSTRIA E COMERCIO DE FERRAGENS LTDA;PEDIDO;0;;
01866401003;006287;204610600;"BARRA ROSCADA 5/16"" - 3MTS";;FALTA;1;;;1;26,56;FALTA;MX MATERIAIS ELETRICOS LTDA;PEDIDO;0;;
01866401003;006287;204610700;"PORCA SEXT SAE 1045 5/16""";;FALTA;6;;;6;0,2;FALTA;REI DAS MANGUEIRAS MAQUINAS E EQUIPAMENTOS LTDA-ME;PEDIDO;0;;
01866401003;006287;204610800;"ARRUELA LISA ZINCADA 5/16""";;FALTA;6;;;6;0,2;FALTA;REI DAS MANGUEIRAS MAQUINAS E EQUIPAMENTOS LTDA-ME;PEDIDO;0;;
01866401003;006287;204610900;"ARRUELA PRESSAO ZINC 5/16""";;FALTA;6;;;6;0,25;FALTA;REI DAS MANGUEIRAS MAQUINAS E EQUIPAMENTOS LTDA-ME;PEDIDO;0;;
01866401003;006287;204611000;"CHUMBADOR DROP-IN 5/16""";;FALTA;2;;;2;31,66;FALTA;MX MATERIAIS ELETRICOS LTDA;PEDIDO;0;;
01866401003;006287;210000400;PF DIN933 M10X45 8.8 BIC;;SEPARADO;8;;;8;59,85;SEPARADO;ROFFER SAO PAULO LIMITADA;000000;;;
01866401003;006287;210004700;PF SXT DIN933 M8X50 8.8 BIC;;SEPARADO;8;;;8;49,3476;SEPARADO;MULT TEMPERA COAT TECNOLOGIA EM TRATAMENTO TERMICO E REVESTIMENTOS SUPERFICIAIS;000000;;;
01866401003;006287;210011700;PORCA DIN934 M10 CL6 BIC;;SEPARADO;18;;;18;24,546;SEPARADO;MULT TEMPERA COAT TECNOLOGIA EM TRATAMENTO TERMICO E REVESTIMENTOS SUPERFICIAIS;000000;;;
01866401003;006287;210012500;PORCA DIN934 M8 CL 6 BIC;;SEPARADO;8;;;8;0,2;SEPARADO;REI DAS MANGUEIRAS MAQUINAS E EQUIPAMENTOS LTDA-ME;000000;;;
01866401003;006287;210012800;ARR M10 DIN 125 BIC;;SEPARADO;36;;;36;0,2;SEPARADO;REI DAS MANGUEIRAS MAQUINAS E EQUIPAMENTOS LTDA-ME;000000;;;
01866401003;006287;210013200;ARR M8 DIN 127 BIC;;SEPARADO;16;;;16;0,2;SEPARADO;REI DAS MANGUEIRAS MAQUINAS E EQUIPAMENTOS LTDA-ME;000000;;;
01866401003;006287;210014300;ARR M8 DIN 125 BIC;;SEPARADO;16;;;16;0,2;SEPARADO;REI DAS MANGUEIRAS MAQUINAS E EQUIPAMENTOS LTDA-ME;000000;;;
01866401003;006287;210020300;PF DIN933 M10X25 8.8 BIC;;SEPARADO;10;;;10;20;SEPARADO;ROFFER SAO PAULO LIMITADA;000000;;;
01866401003;006287;210038100;"ABRC TIPO D 3/4"" C/ PARAFUSO";;FALTA;10;;;10;2,9;FALTA;MX MATERIAIS ELETRICOS LTDA;PEDIDO;0;;
01866401003;006287;210039400;BUCHA S10;;FALTA;4;;;4;0,2;FALTA;REI DAS MANGUEIRAS MAQUINAS E EQUIPAMENTOS LTDA-ME;PEDIDO;0;;
01866401003;006287;214019301;MANG ORTAC 250 RED 3/4;;RETIRADO;2;;;2;0;RETIRADO;0;000000;;;
01866401003;006287;214019400;MANG ORTAC 250 RED 3/8;;SEPARADO;2;;;2;0;SEPARADO;0;000000;;;
01866401003;006287;61801002201;ARR M10 DIN 127 BIC;;SEPARADO;16;;;16;0,15;SEPARADO;REI DAS MANGUEIRAS MAQUINAS E EQUIPAMENTOS LTDA-ME;000000;;;
01866401003;006287;61802008711;"BICO RM 3/4""NPT MANG 3/4"" BIC";;SEPARADO;2;;;2;28,5;SEPARADO;BULKS INDUSTRIA E COMERCIO LTDA;PEDIDO;0;;
01866401003;006287;61802013501;"NIPLE DUPLO 3/4"" NPT FERRO PT";;FALTA;2;;;2;7;FALTA;REI DAS MANGUEIRAS MAQUINAS E EQUIPAMENTOS LTDA-ME;PEDIDO;0;;
01866401003;006287;61802013701;"COTOVELO FF 3/4"" NPT FERRO PT";;FALTA;12;;;12;9,5;FALTA;REI DAS MANGUEIRAS MAQUINAS E EQUIPAMENTOS LTDA-ME;PEDIDO;0;;
01866401003;006287;61802015401;"BICO RM M14X1,5 MANG 3/4"" BIC";;FALTA;2;;;2;28,5;FALTA;BULKS INDUSTRIA E COMERCIO LTDA;PEDIDO;0;;
01866401003;006287;61802015501;"BICO RM 3/4"" NPT MANG 3/8"" BIC";;FALTA;3;;;3;28,5;FALTA;BULKS INDUSTRIA E COMERCIO LTDA;PEDIDO;0;;
01866401003;006287;61805000922;ABRACADEIRA FLEXIL D14-22 AC;;SEPARADO;14;;;14;3,8;SEPARADO;REI DAS MANGUEIRAS MAQUINAS E EQUIPAMENTOS LTDA-ME;000000;;;
01866401003;006287;61807001501;FITA ESPUMA PVC 20X10MM;;FALTA;4;;;4;0;FALTA;ESTOQUE;COT;0;;
01866401003;006287;61809000301;"VALV ESF BORBOLETA F/F 1/2""NPT";;SEPARADO;1;;;1;46,92;SEPARADO;HITOCOM MATERIAIS TECNICOS E SERVICOS LTDA;000000;;;
01866501001;006287;204354300;"FLEXIVEL FPT R24 2""";;FALTA;1;;;1;347,73;FALTA;SCAPSUL;PEDIDO;0,0325;;
01866501001;006287;204354400;JUNTA ESC DE160 X DI76;;FALTA;1;;;1;37,34;FALTA;SCAPSUL;PEDIDO;0,052;;
01866501001;006287;204569600;BASE CTZ FPT R24;;FALTA;1;;;1;250;FALTA;AÇO FORT;COT;0;;
01866501001;006287;204569700;SPT ALT WG AW10 BR160 CTZ;;FALTA;1;;;1;800;FALTA;AÇO FORT;COT;0;;
01866501001;006287;204569800;SPT QD CMDO BS R24 CTZ;;FALTA;1;;;1;650;FALTA;AÇO FORT;COT;0;;
01866501001;006287;209001400;PERFIL BRCH U 12X6MM 1912;;SEPARADO;0,3;;;0,3;0;SEPARADO;0;000000;;;
01866501001;006287;210012800;ARR M10 DIN 125 BIC;;SEPARADO;20;;;20;0,2;SEPARADO;REI DAS MANGUEIRAS MAQUINAS E EQUIPAMENTOS LTDA-ME;000000;;;
01866501001;006287;30702002801;BARRA ROSCADA 6MM;;FALTA;2;;;2;98,0875;FALTA;AÇO FORT;PEDIDO;0;;
01866501001;006287;31805000303;ABRACADEIRA CRON D17-27 AC;;FALTA;4;;;4;3,8;FALTA;REI DAS MANGUEIRAS MAQUINAS E EQUIPAMENTOS LTDA-ME;COT;0;;
01866501001;006287;31810006103;MANGUEIRA FLEXIVEL 16X26;;SEPARADO;0,6;;;0,6;80;SEPARADO;REI DAS MANGUEIRAS MAQUINAS E EQUIPAMENTOS LTDA-ME;000000;;;
01866501001;006287;60101008301;MOTOR FPT R24 F4;;FALTA;1;;;1;18876,96;FALTA;FPT INDUSTRIAL BRASIL LTDA.;014128;0;;
01866501001;006287;60201020201;GS WEG AW10 BR160S1-E1 MU F4;;FALTA;1;;;1;6178,28;FALTA;WEG;013888;0;;
01866501001;006287;60305001508;SPT PRE AQUEC ZEROSTART;;SEPARADO;1;;;1;250;SEPARADO;AÇO FORT;PEDIDO;0;;
01866501001;006287;60305003201;RESIST. PREAQUEC. 1000W 220V;;FALTA;1;;;1;1059,79;FALTA;SERVINTEL INTERNACIONAL LTDA;PEDIDO;0;;
01866501001;006287;60702000901;BATERIA 12V 70AH 500CCA MOURA;;SEPARADO;1;;;1;980;SEPARADO;JMS BATERIAS  LTDA;000000;;;
01866501001;006287;60702001608;SPT FIX BATERIA 100AH;;SEPARADO;1;;;1;47,63;SEPARADO;CMG SOLUCOES E SERVICOS LTDA;000000;;;
01866501001;006287;60702005608;SPT BAT 70AH SMART I;;FALTA;1;;;1;550;FALTA;AÇO FORT;COT;0;;
01866501001;006287;61101000501;SENSOR PR OLEO 3RHO 7704;;FALTA;1;;;1;199,12;FALTA;MX MATERIAIS ELETRICOS LTDA;PEDIDO;0;;
01866501001;006287;61303000401;AMT VIBRA-STOP COXIM FF M12;;FALTA;4;;;4;68,9;FALTA;VIB STOP;PEDIDO;0;;
01866501001;006287;61652004801;RL AUX 40A 12VCC DNI0102;;RETIRADO;2;;;2;7,14;RETIRADO;SNAP COMERCIO E DISTRIBUIDORA DE PRODUTOS ELETRONICOS LTDA.;000000;;;
01866501001;006287;61801002001;PF DIN912 M10X40 12.9 PT;;SEPARADO;12;;;12;5,58;SEPARADO;MULT TEMPERA COAT TECNOLOGIA EM TRATAMENTO TERMICO E REVESTIMENTOS SUPERFICIAIS;000000;;;
01866501001;006287;61801002101;"PF DIN912 3/8""UNFX1"" 12.9 PT";;SEPARADO;8;;;8;5,11;SEPARADO;MULT TEMPERA COAT TECNOLOGIA EM TRATAMENTO TERMICO E REVESTIMENTOS SUPERFICIAIS;000000;;;
01866501001;006287;61801002201;ARR M10 DIN 127 BIC;;SEPARADO;20;;;20;0,15;SEPARADO;REI DAS MANGUEIRAS MAQUINAS E EQUIPAMENTOS LTDA-ME;000000;;;
01866501001;006287;61802014701;ADP M/F 1/4 NPT X M10X1,0 BIC;;FALTA;1;;;1;28,5;FALTA;BULKS INDUSTRIA E COMERCIO LTDA;PEDIDO;0;;
01866501001;006287;61802014801;"BICO RM M12X1,5 MANG 5/8"" BIC";;FALTA;1;;;1;28,5;FALTA;BULKS INDUSTRIA E COMERCIO LTDA;PEDIDO;0;;
01866501001;006287;61802015301;"BICO RM 3/8""NPT MANG 5/8"" BIC";;FALTA;1;;;1;28,5;FALTA;BULKS INDUSTRIA E COMERCIO LTDA;PEDIDO;0;;
01866501001;006287;61807000301;ARR VED 10X16X1.5 AL;;SEPARADO;1;;;1;0;SEPARADO;0;000000;;;
01866501003;006287;101095500;MOD COMUNICACAO CM3-ETHERNET;;FALTA;1;;;1;1222,62;FALTA;SERVINTEL INTERNACIONAL LTDA;PEDIDO;0;;
01866501003;006287;103004300;CH REV 2 POLOS 10 WS2 10E Z11;;SEPARADO;1;;;1;470;SEPARADO;MX MATERIAIS ELETRICOS LTDA;000000;;;
01866501003;006287;103015200;CH IGNICAO UNIVERSAL 314008M91;;SEPARADO;1;;;1;104,97;SEPARADO;RDR AUTO PECAS LTDA;000000;;;
01866501003;006287;104007100;IDENT PLO 6.2MM 0828736 - UCT-;;FALTA;20;;;20;0;FALTA;ESTOQUE;COT;0;;
01866501003;006287;104013600;TRILHO ACO TS35 C038340.00;;SEPARADO;0,39;;;0,39;75;SEPARADO;ROMAR ACESSORIOS INDUSTRIAIS LTDA;000000;;;
01866501003;006287;104056200;DIST NYLON O3/8 150MM M6X15M;;SEPARADO;3;;;3;0;SEPARADO;0;000000;;;
01866501003;006287;105030900;CONT AUX CTTR CA4-10;;SEPARADO;2;;;2;10,89;SEPARADO;ABB ELETRIFICACAO LTDA;000000;;;
01866501003;006287;105031000;CONT AUX CTTR CA4-01;;SEPARADO;2;;;2;12,82;SEPARADO;ABB ELETRIFICACAO LTDA;000000;;;
01866501003;006287;106001500;DJ 1P 10A CURVA C 10KA S201;;SEPARADO;1;;;1;31,06;SEPARADO;ABB ELETRIFICACAO LTDA;000000;;;
01866501003;006287;106004200;DJ 1P 16A CURVA C 10KA S201;;FALTA;1;;;1;31,06;FALTA;ABB ELETRIFICACAO LTDA;PEDIDO;0,065;;
01866501003;006287;106207600;POSTE FINAL USK-2G2;;SEPARADO;2;;;2;0;SEPARADO;0;000000;;;
01866501003;006287;106229400;IDENTIFICACAO P/ POSTE USK-2G2;;RETIRADO;1;;;1;0;RETIRADO;0;000000;;;
01866501003;006287;107078500;CB COBRE NU 16MM2;;SEPARADO;0,5;;;0,5;10,2811;SEPARADO;COBREFLEX INDUSTRIA, DISTRIBUICAO E COMERCIO DE FIOS E CABOS EIRELI;000000;;;
01866501003;006287;109092400;ISOLADOR CIL 16X30 MM M6;;SEPARADO;2;;;2;9,06;SEPARADO;MX MATERIAIS ELETRICOS LTDA;000000;;;
01866501003;006287;115074900;TC 100/5A ST-30 SASSI;;SEPARADO;3;;;3;105,6;SEPARADO;SASSI MEDIDORES E TRANSFORMADORES EIRELI;000000;;;
01866501003;006287;204368500;PROT PLC CTT AF26 E DJ A0;;FALTA;1;;;1;825;FALTA;RB COMUNICAÇÃO;COT;0;;
01866501003;006287;204569900;PORTA DOCUMENTOS TASCO 71220;;FALTA;1;;;1;40,83;FALTA;TASCO LTDA;PEDIDO;0,0975;;
01866501003;006287;204570000;"GABINETE QCF 600X500X170		";;FALTA;1;;;1;1200;FALTA;AÇO FORT;COT;0;;
01866501003;006287;204570100;"TAMPA QCF USCA 5C/21D		";;FALTA;1;;;1;300;FALTA;AÇO FORT;COT;0;;
01866501003;006287;204570200;SPT DJ ABB A0/A1 QCF;;FALTA;1;;;1;250;FALTA;AÇO FORT;COT;0;;
01866501003;006287;209001400;PERFIL BRCH U 12X6MM 1912;;SEPARADO;1;;;1;0;SEPARADO;0;000000;;;
01866501003;006287;61405001201;DOBRADICA TASCO 91591;;FALTA;2;;;2;16,1;FALTA;TASCO LTDA;PEDIDO;0;;
01866501003;006287;61405002801;FECHO LINGUETA YALE;;SEPARADO;1;;;1;38,54;SEPARADO;TASCO LTDA;PEDIDO;0;;
01866501003;006287;61635033908;SPT TRILHO QCF/QTA;;FALTA;2;;;2;350;FALTA;AÇO FORT;COT;0;;
01866501003;006287;106327500;DCM 3P FX 63A CVS100B TMD;;SEPARADO;1;;;1;0;SEPARADO;0;000000;;;
01866501003;006287;61647042901;DCM 3P FX 40A A0C TMF;;SEPARADO;1;;;1;0;SEPARADO;0;000000;;;
01866501003;006287;61648042801;DJ 3P 10A SJ203 T-C10;;SEPARADO;2;;;2;48,61;SEPARADO;ABB ELETRIFICACAO LTDA;PEDIDO;0,065;;
01866501003;006287;61648042901;DJ 2P 10A SJ202 T-C10;;SEPARADO;1;;;1;35;SEPARADO;ABB ELETRIFICACAO LTDA;000000;;;
01866501003;006287;61651008701;CTTR 4P 45A AF26-40-00-13;;FALTA;2;;;2;250,11;FALTA;ABB ELETRIFICACAO LTDA;PEDIDO;0,0325;;
01866501003;006287;61651008801;INTTRV MEC CTTR VM4;;FALTA;1;;;1;25,76;FALTA;ABB ELETRIFICACAO LTDA;PEDIDO;0,0975;;
01866501003;006287;61652004801;RL AUX 40A 12VCC DNI0102;;RETIRADO;3;;;3;7,14;RETIRADO;SNAP COMERCIO E DISTRIBUIDORA DE PRODUTOS ELETRONICOS LTDA.;000000;;;
01866501003;006287;61654001901;MOD USCAMAQ05C INTELINANO AMF5;;RETIRADO;1;;;1;1027,72;RETIRADO;SERVINTEL INTERNACIONAL LTDA;PEDIDO;0;;
01866501003;006287;101033600;MOD USCAMAQ 8C IL4-AMF8;;FALTA;1;;;1;1027,72;FALTA;SERVINTEL INTERNACIONAL LTDA;000000;0;;
01866501003;006287;61655002601;CARREG BAT 12/24VCC KVA PRO;;FALTA;1;;;1;523,61;FALTA;KVA INDUSTRIA E COMERCIO LTDA;PEDIDO;0;;
01866501003;006287;61656003801;SUPORTE MODULAR BOTAO ABB;;FALTA;4;;;3;5,55;FALTA;ABB ELETRIFICACAO LTDA;PEDIDO;0,0975;;
01866501003;006287;61656003901;CONT NA BOTAO ABB LINHA MCB;;FALTA;3;;;3;9,33;FALTA;ABB ELETRIFICACAO LTDA;PEDIDO;0,0975;;
01866501003;006287;61656004001;CONT NF BOTAO ABB LINHA MCB;;FALTA;6;;;6;9,33;FALTA;ABB ELETRIFICACAO LTDA;PEDIDO;0,0975;;
01866501003;006287;61656004201;BLOCO LED BRANCO 230VCA ABB;;SEPARADO;2;;;2;63;SEPARADO;APS COMPONENTES ELETRICOS S/A;000000;;;
01866501003;006287;61656004501;CABECOTE CH SEL 2P FX ABB;;SEPARADO;1;;;1;59,13;SEPARADO;ABB ELETRIFICACAO LTDA;000000;;;
01866501003;006287;61656004701;CABECOTE BOTAO EMERGENCIA ABB;;SEPARADO;1;;;1;40,97;SEPARADO;ABB ELETRIFICACAO LTDA;PEDIDO;0,0975;;
01866501003;006287;61656004801;ADESIVO PARADA DE EMERGENCIA;;SEPARADO;1;;;1;25,7;SEPARADO;APS COMPONENTES ELETRICOS S/A;000000;;;
01866501003;006287;61656005401;CABECOTE BOTAO DUPLO LED ABB;;SEPARADO;2;;;2;39,17;SEPARADO;ABB ELETRIFICACAO LTDA;000000;;;
01866501003;006287;61659002901;TERMO RETRATIL BRANCO LARG 9MM;;SEPARADO;26,7;;;26,7;52,9634;SEPARADO;FRONTEC INDUSTRIA DE COMPONENTES DE FIXACAO LTDA;000000;;;
01866501003;006287;61660001201;TER ISOL ANEL 16MM² M8;;SEPARADO;1;;;1;16,1;SEPARADO;ROMAR ACESSORIOS INDUSTRIAIS LTDA;000000;;;
01866501003;006287;61660001301;TER ISOL ANEL 16MM² M10;;SEPARADO;1;;;1;16,39;SEPARADO;ROMAR ACESSORIOS INDUSTRIAIS LTDA;000000;;;
01866501003;006287;61660005901;BORNE DUPLO PUSH IN 4MM DDP4;;FALTA;5;;;5;1,38;FALTA;PRO AUTO;PEDIDO;0,0975;;
01866501003;006287;61660006101;BORNE PUSH IN DP2.5PG-XXP;;FALTA;1;;;1;1,9;FALTA;PRO AUTO;PEDIDO;0,0975;;
01866501003;006287;61660006301;JUMPER BORNE DUP 4MM DSD01403N;;FALTA;1;;;1;2,01;FALTA;PRO AUTO;PEDIDO;0,0975;;
01866501003;006287;61660006501;TAMPA P/ BORNE DUP 4MM DPP4C;;FALTA;1;;;1;1,38;FALTA;PRO AUTO;PEDIDO;0,0975;;
01866501003;006287;61660006601;TAMPA P/ BORNE 4MM DPES2.5C;;FALTA;1;;;1;2,06;FALTA;PRO AUTO;PEDIDO;0,0975;;
01866501004;006287;107043800;"BARRA COBRE 3/4"" X 1/4""";;SEPARADO;0,16;;;0,16;79,52;SEPARADO;ANGLO INDUSTRIA E COMERCIO DE METAIS LTDA;000000;;;
01866501005;006287;61652005401;BASE RELE CR-M 3C/O ABB;;SEPARADO;1;;;1;19,11;SEPARADO;ABB ELETRIFICACAO LTDA;COT;;;
01866501005;006287;61652005701;GRAMPO RELE CR-MH;;FALTA;1;;;1;2,19;FALTA;ABB ELETRIFICACAO LTDA;PEDIDO;0,0972;;
01866501005;006287;61652006701;"RL 3C/O 10A CR-M012DC3 12VCC		";;SEPARADO;1;;;1;35,41;SEPARADO;ABB ELETRIFICACAO LTDA;PEDIDO;0,0325;;
01866501005;006287;61652007701;SUPRESSOR DE SURTO CR-P/M62C;;FALTA;1;;;1;43,17;FALTA;ABB ELETRIFICACAO LTDA;PEDIDO;0,065;;
01866601002;006289;204000300;TQ VT 250L POLT 3/8;;FALTA;1;;;1;1370,12;FALTA;ACURATE;PEDIDO;0;;
01866601002;006289;204366000;"SPT NV KVA TQ EXT 2"" BSP";;FALTA;1;;;1;250;FALTA;AÇO FORT;COT;0;;
01866601002;006289;204377800;SPT BOMBA RECIRC/FILTRO;;FALTA;1;;;1;250;FALTA;AÇO FORT;COT;0;;
01866601002;006289;204377900;PERFILADO U INST SPT BOMBA;;FALTA;2;;;2;41,66;FALTA;MX MATERIAIS ELETRICOS LTDA;PEDIDO;0;;
01866601002;006289;204561000;PALLET DE CONT 2 TAMB 1,31X71X45;;FALTA;1;;;1;1139,55;FALTA;ACURATE;PEDIDO;0;;
01866601002;006289;204648800;FILTRO RACOR SEP 645-10M;;FALTA;1;;;1;457,8;FALTA;JS;PEDIDO;0;;
01866601002;006289;211004000;"BOMBA ELETRICA BREMEN 3/4"" 12V";;FALTA;1;;;1;348;FALTA;BREMEN;PEDIDO;0;;
01866601002;006289;60901002816;SILENCIOSO 29DBA - PK 1103;;SEPARADO;1;;;1;500,31;SEPARADO;SCAPSUL EQUIPAMENTOS RODOVIARIOS LTDA;000000;;;
01866601002;006289;60901003716;FLANGE ESC DE104 X DI64;;SEPARADO;2;;;2;68,59;SEPARADO;SCAPSUL EQUIPAMENTOS RODOVIARIOS LTDA;000000;;;
01866601002;006289;60901003801;JUNTA ESC  DE104 X DI64;;SEPARADO;2;;;2;33,84;SEPARADO;SCAPSUL EQUIPAMENTOS RODOVIARIOS LTDA;000000;;;
01866601002;006289;60901017416;OXICATALISADOR M3C PK 1103;;FALTA;1;;;1;3460,02;FALTA;SCAPSUL;PEDIDO;0;;
01866601002;006289;60901021801;JUNTA ESC DE160 X DI76;;FALTA;2;;;2;37,34;FALTA;SCAPSUL;PEDIDO;0,052;;
01866601002;006289;61101001301;SENS NV COMB ULTRAS K40LSR;;FALTA;1;;;1;503,31;FALTA;KVA INDUSTRIA E COMERCIO LTDA;PEDIDO;0;;
01866601003;006289;102023700;PERFILADO PERF 38X38X3000MM;;FALTA;1;;;1;107,35;FALTA;MX MATERIAIS ELETRICOS LTDA;PEDIDO;0;;
01866601003;006289;104194400;CHUMBADOR PARABOLT 1/2 X 3;;FALTA;4;;;4;5;FALTA;REI DAS MANGUEIRAS MAQUINAS E EQUIPAMENTOS LTDA-ME;PEDIDO;0;;
01866601003;006289;204266700;"TEE DE FERRO PRETO 3/4""";;FALTA;1;;;1;11;FALTA;REI DAS MANGUEIRAS MAQUINAS E EQUIPAMENTOS LTDA-ME;PEDIDO;0;;
01866601003;006289;204354400;JUNTA ESC DE160 X DI76;;FALTA;1;;;1;37,34;FALTA;SCAPSUL;PEDIDO;0,052;;
01866601003;006289;204370400;"TUBO ACO CARB PRETO 3"" - NBR 5580";;RETIRADO;1,7;;;0;102;RETIRADO;SANTA RITA INDUSTRIA E COMERCIO DE FERRAGENS LTDA;PEDIDO;0;;
01866601003;006289;204378000;DUTO DE CHAPA RAD MOT R24;;FALTA;1;;;1;896,34;FALTA;SCAPSUL;PEDIDO;0;;
01866601003;006289;204370500;"TUBO ACO CARB PRETO 2"" - NBR 5580                 ";;FALTA;1,7;;;1,7;102;FALTA;SANTA RITA INDUSTRIA E COMERCIO DE FERRAGENS LTDA;PEDIDO;0;;
01866601003;006289;201355800;"CURVA RL 90º Ø2"" C/COSTURA SCH 40                 ";;FALTA;1;;;1;102;FALTA;SANTA RITA INDUSTRIA E COMERCIO DE FERRAGENS LTDA;PEDIDO;0;;
01866601003;006289;204401500;FLANGE ESC DE104 X DI60                           ;;FALTA;2;;;2;102;FALTA;SANTA RITA INDUSTRIA E COMERCIO DE FERRAGENS LTDA;PEDIDO;0;;
01866601003;006289;204401600;FLANGE ESC DE160 X DI60                           ;;FALTA;1;;;1;102;FALTA;SANTA RITA INDUSTRIA E COMERCIO DE FERRAGENS LTDA;PEDIDO;0;;
01866601003;006289;204530800;"CURVA RL 90º Ø3"" C/COSTURA NBR 5580";;RETIRADO;1;;;1;331,2;RETIRADO;SCAPSUL;PEDIDO;0,065;;
01866601003;006289;204546100;"BICO RM 3/4"" BSP MANG 3/4"" BIC";;FALTA;2;;;2;28,5;FALTA;BULKS INDUSTRIA E COMERCIO LTDA;PEDIDO;0;;
01866601003;006289;204567100;"TUBO FERRO PRETO 3/4"" NBR5580 CL MEDIA - BARRA 6M";;FALTA;6;;;6;32,5;FALTA;JN ACOS LTDA;PEDIDO;0;;
01866601003;006289;204610200;"CANTONEIRA 1""X1/8""";;FALTA;1;;;6;15,17;FALTA;SANTA RITA INDUSTRIA E COMERCIO DE FERRAGENS LTDA;PEDIDO;0;;
01866601003;006289;204610600;"BARRA ROSCADA 5/16"" - 3MTS";;FALTA;1;;;1;26,56;FALTA;MX MATERIAIS ELETRICOS LTDA;PEDIDO;0;;
01866601003;006289;204610700;"PORCA SEXT SAE 1045 5/16""";;FALTA;6;;;6;0,2;FALTA;REI DAS MANGUEIRAS MAQUINAS E EQUIPAMENTOS LTDA-ME;PEDIDO;0;;
01866601003;006289;204610800;"ARRUELA LISA ZINCADA 5/16""";;FALTA;6;;;6;0,2;FALTA;REI DAS MANGUEIRAS MAQUINAS E EQUIPAMENTOS LTDA-ME;PEDIDO;0;;
01866601003;006289;204610900;"ARRUELA PRESSAO ZINC 5/16""";;FALTA;6;;;6;0,25;FALTA;REI DAS MANGUEIRAS MAQUINAS E EQUIPAMENTOS LTDA-ME;PEDIDO;0;;
01866601003;006289;204611000;"CHUMBADOR DROP-IN 5/16""";;FALTA;2;;;2;31,66;FALTA;MX MATERIAIS ELETRICOS LTDA;PEDIDO;0;;
01866601003;006289;210000400;PF DIN933 M10X45 8.8 BIC;;SEPARADO;8;;;8;59,85;SEPARADO;ROFFER SAO PAULO LIMITADA;000000;;;
01866601003;006289;210004700;PF SXT DIN933 M8X50 8.8 BIC;;SEPARADO;8;;;8;49,3476;SEPARADO;MULT TEMPERA COAT TECNOLOGIA EM TRATAMENTO TERMICO E REVESTIMENTOS SUPERFICIAIS;000000;;;
01866601003;006289;210011700;PORCA DIN934 M10 CL6 BIC;;SEPARADO;18;;;18;24,546;SEPARADO;MULT TEMPERA COAT TECNOLOGIA EM TRATAMENTO TERMICO E REVESTIMENTOS SUPERFICIAIS;000000;;;
01866601003;006289;210012500;PORCA DIN934 M8 CL 6 BIC;;SEPARADO;8;;;8;0,2;SEPARADO;REI DAS MANGUEIRAS MAQUINAS E EQUIPAMENTOS LTDA-ME;000000;;;
01866601003;006289;210012800;ARR M10 DIN 125 BIC;;SEPARADO;36;;;36;0,2;SEPARADO;REI DAS MANGUEIRAS MAQUINAS E EQUIPAMENTOS LTDA-ME;000000;;;
01866601003;006289;210013200;ARR M8 DIN 127 BIC;;SEPARADO;16;;;16;0,2;SEPARADO;REI DAS MANGUEIRAS MAQUINAS E EQUIPAMENTOS LTDA-ME;000000;;;
01866601003;006289;210014300;ARR M8 DIN 125 BIC;;SEPARADO;16;;;16;0,2;SEPARADO;REI DAS MANGUEIRAS MAQUINAS E EQUIPAMENTOS LTDA-ME;000000;;;
01866601003;006289;210020300;PF DIN933 M10X25 8.8 BIC;;SEPARADO;10;;;10;20;SEPARADO;ROFFER SAO PAULO LIMITADA;000000;;;
01866601003;006289;210038100;"ABRC TIPO D 3/4"" C/ PARAFUSO";;FALTA;10;;;10;2,9;FALTA;MX MATERIAIS ELETRICOS LTDA;PEDIDO;0;;
01866601003;006289;210039400;BUCHA S10;;FALTA;4;;;4;0,2;FALTA;REI DAS MANGUEIRAS MAQUINAS E EQUIPAMENTOS LTDA-ME;PEDIDO;0;;
01866601003;006289;214019301;MANG ORTAC 250 RED 3/4;;RETIRADO;2;;;2;0;RETIRADO;0;000000;;;
01866601003;006289;214019400;MANG ORTAC 250 RED 3/8;;SEPARADO;2;;;2;0;SEPARADO;0;000000;;;
01866601003;006289;61801002201;ARR M10 DIN 127 BIC;;SEPARADO;16;;;16;0,15;SEPARADO;REI DAS MANGUEIRAS MAQUINAS E EQUIPAMENTOS LTDA-ME;000000;;;
01866601003;006289;61802008711;"BICO RM 3/4""NPT MANG 3/4"" BIC";;SEPARADO;2;;;2;28,5;SEPARADO;BULKS INDUSTRIA E COMERCIO LTDA;PEDIDO;0;;
01866601003;006289;61802013501;"NIPLE DUPLO 3/4"" NPT FERRO PT";;FALTA;2;;;2;7;FALTA;REI DAS MANGUEIRAS MAQUINAS E EQUIPAMENTOS LTDA-ME;PEDIDO;0;;
01866601003;006289;61802013701;"COTOVELO FF 3/4"" NPT FERRO PT";;FALTA;12;;;12;9,5;FALTA;REI DAS MANGUEIRAS MAQUINAS E EQUIPAMENTOS LTDA-ME;PEDIDO;0;;
01866601003;006289;61802015401;"BICO RM M14X1,5 MANG 3/4"" BIC";;FALTA;2;;;2;28,5;FALTA;BULKS INDUSTRIA E COMERCIO LTDA;PEDIDO;0;;
01866601003;006289;61802015501;"BICO RM 3/4"" NPT MANG 3/8"" BIC";;FALTA;3;;;3;28,5;FALTA;BULKS INDUSTRIA E COMERCIO LTDA;PEDIDO;0;;
01866601003;006289;61805000922;ABRACADEIRA FLEXIL D14-22 AC;;SEPARADO;14;;;14;3,8;SEPARADO;REI DAS MANGUEIRAS MAQUINAS E EQUIPAMENTOS LTDA-ME;000000;;;
01866601003;006289;61807001501;FITA ESPUMA PVC 20X10MM;;FALTA;4;;;4;0;FALTA;ESTOQUE;COT;0;;
01866601003;006289;61809000301;"VALV ESF BORBOLETA F/F 1/2""NPT";;SEPARADO;1;;;1;46,92;SEPARADO;HITOCOM MATERIAIS TECNICOS E SERVICOS LTDA;000000;;;
01866701001;006289;204354300;"FLEXIVEL FPT R24 2""";;FALTA;1;;;1;347,73;FALTA;SCAPSUL;PEDIDO;0,0325;;
01866701001;006289;204354400;JUNTA ESC DE160 X DI76;;FALTA;1;;;1;37,34;FALTA;SCAPSUL;PEDIDO;0,052;;
01866701001;006289;204569600;BASE CTZ FPT R24;;FALTA;1;;;1;250;FALTA;AÇO FORT;COT;0;;
01866701001;006289;204569700;SPT ALT WG AW10 BR160 CTZ;;FALTA;1;;;1;800;FALTA;AÇO FORT;COT;0;;
01866701001;006289;204569800;SPT QD CMDO BS R24 CTZ;;FALTA;1;;;1;650;FALTA;AÇO FORT;COT;0;;
01866701001;006289;209001400;PERFIL BRCH U 12X6MM 1912;;SEPARADO;0,3;;;0,3;0;SEPARADO;0;000000;;;
01866701001;006289;210012800;ARR M10 DIN 125 BIC;;SEPARADO;20;;;20;0,2;SEPARADO;REI DAS MANGUEIRAS MAQUINAS E EQUIPAMENTOS LTDA-ME;000000;;;
01866701001;006289;30702002801;BARRA ROSCADA 6MM;;FALTA;2;;;2;98,0875;FALTA;AÇO FORT;PEDIDO;0;;
01866701001;006289;31805000303;ABRACADEIRA CRON D17-27 AC;;FALTA;4;;;4;3,8;FALTA;REI DAS MANGUEIRAS MAQUINAS E EQUIPAMENTOS LTDA-ME;COT;0;;
01866701001;006289;31810006103;MANGUEIRA FLEXIVEL 16X26;;SEPARADO;0,6;;;0,6;80;SEPARADO;REI DAS MANGUEIRAS MAQUINAS E EQUIPAMENTOS LTDA-ME;000000;;;
01866701001;006289;60101008301;MOTOR FPT R24 F4;;FALTA;1;;;1;18876,96;FALTA;FPT INDUSTRIAL BRASIL LTDA.;014128;0;;
01866701001;006289;60201020201;GS WEG AW10 BR160S1-E1 MU F4;;FALTA;1;;;1;6178,28;FALTA;WEG;013899;0;;
01866701001;006289;60305001508;SPT PRE AQUEC ZEROSTART;;SEPARADO;1;;;1;250;SEPARADO;AÇO FORT;PEDIDO;0;;
01866701001;006289;60305003201;RESIST. PREAQUEC. 1000W 220V;;FALTA;1;;;1;1059,79;FALTA;SERVINTEL INTERNACIONAL LTDA;PEDIDO;0;;
01866701001;006289;60702000901;BATERIA 12V 70AH 500CCA MOURA;;FALTA;1;;;1;670;FALTA;ATACADÃO DAS BATERIAS;PEDIDO;0;;
01866701001;006289;60702001608;SPT FIX BATERIA 100AH;;FALTA;1;;;1;43,365;FALTA;AÇO FORT;PEDIDO;0;;
01866701001;006289;60702005608;SPT BAT 70AH SMART I;;FALTA;1;;;1;550;FALTA;AÇO FORT;COT;0;;
01866701001;006289;61101000501;SENSOR PR OLEO 3RHO 7704;;FALTA;1;;;1;199,12;FALTA;MX MATERIAIS ELETRICOS LTDA;PEDIDO;0;;
01866701001;006289;61303000401;AMT VIBRA-STOP COXIM FF M12;;FALTA;4;;;4;68,9;FALTA;VIB STOP;PEDIDO;0;;
01866701001;006289;61652004801;RL AUX 40A 12VCC DNI0102;;RETIRADO;2;;;2;7,14;RETIRADO;SNAP COMERCIO E DISTRIBUIDORA DE PRODUTOS ELETRONICOS LTDA.;PEDIDO;0;;
01866701001;006289;61801002001;PF DIN912 M10X40 12.9 PT;;SEPARADO;12;;;12;5,58;SEPARADO;MULT TEMPERA COAT TECNOLOGIA EM TRATAMENTO TERMICO E REVESTIMENTOS SUPERFICIAIS;000000;;;
01866701001;006289;61801002101;"PF DIN912 3/8""UNFX1"" 12.9 PT";;SEPARADO;8;;;8;5,11;SEPARADO;MULT TEMPERA COAT TECNOLOGIA EM TRATAMENTO TERMICO E REVESTIMENTOS SUPERFICIAIS;000000;;;
01866701001;006289;61801002201;ARR M10 DIN 127 BIC;;SEPARADO;20;;;20;0,15;SEPARADO;REI DAS MANGUEIRAS MAQUINAS E EQUIPAMENTOS LTDA-ME;000000;;;
01866701001;006289;61802014701;ADP M/F 1/4 NPT X M10X1,0 BIC;;FALTA;1;;;1;28,5;FALTA;BULKS INDUSTRIA E COMERCIO LTDA;PEDIDO;0;;
01866701001;006289;61802014801;"BICO RM M12X1,5 MANG 5/8"" BIC";;FALTA;1;;;1;28,5;FALTA;BULKS INDUSTRIA E COMERCIO LTDA;PEDIDO;0;;
01866701001;006289;61802015301;"BICO RM 3/8""NPT MANG 5/8"" BIC";;FALTA;1;;;1;28,5;FALTA;BULKS INDUSTRIA E COMERCIO LTDA;PEDIDO;0;;
01866701001;006289;61807000301;ARR VED 10X16X1.5 AL;;SEPARADO;1;;;1;0;SEPARADO;0;000000;;;
01866701003;006289;101095500;MOD COMUNICACAO CM3-ETHERNET;;FALTA;1;;;1;1222,62;FALTA;SERVINTEL INTERNACIONAL LTDA;PEDIDO;0;;
01866701003;006289;103004300;CH REV 2 POLOS 10 WS2 10E Z11;;SEPARADO;1;;;1;470;SEPARADO;MX MATERIAIS ELETRICOS LTDA;000000;;;
01866701003;006289;103015200;CH IGNICAO UNIVERSAL 314008M91;;SEPARADO;1;;;1;104,97;SEPARADO;RDR AUTO PECAS LTDA;000000;;;
01866701003;006289;104007100;IDENT PLO 6.2MM 0828736 - UCT-;;FALTA;20;;;20;0;FALTA;ESTOQUE;COT;0;;
01866701003;006289;104013600;TRILHO ACO TS35 C038340.00;;SEPARADO;0,39;;;0,39;75;SEPARADO;ROMAR ACESSORIOS INDUSTRIAIS LTDA;000000;;;
01866701003;006289;104056200;DIST NYLON O3/8 150MM M6X15M;;SEPARADO;3;;;3;0;SEPARADO;0;000000;;;
01866701003;006289;105030900;CONT AUX CTTR CA4-10;;SEPARADO;2;;;2;10,89;SEPARADO;ABB ELETRIFICACAO LTDA;000000;;;
01866701003;006289;105031000;CONT AUX CTTR CA4-01;;SEPARADO;2;;;2;12,82;SEPARADO;ABB ELETRIFICACAO LTDA;000000;;;
01866701003;006289;106001500;DJ 1P 10A CURVA C 10KA S201;;SEPARADO;1;;;1;31,06;SEPARADO;ABB ELETRIFICACAO LTDA;000000;;;
01866701003;006289;106004200;DJ 1P 16A CURVA C 10KA S201;;FALTA;1;;;1;31,06;FALTA;ABB ELETRIFICACAO LTDA;PEDIDO;0,065;;
01866701003;006289;106207600;POSTE FINAL USK-2G2;;SEPARADO;2;;;2;0;SEPARADO;0;000000;;;
01866701003;006289;106229400;IDENTIFICACAO P/ POSTE USK-2G2;;RETIRADO;1;;;1;0;RETIRADO;0;000000;;;
01866701003;006289;107078500;CB COBRE NU 16MM2;;SEPARADO;0,5;;;0,5;10,2811;SEPARADO;COBREFLEX INDUSTRIA, DISTRIBUICAO E COMERCIO DE FIOS E CABOS EIRELI;000000;;;
01866701003;006289;109092400;ISOLADOR CIL 16X30 MM M6;;SEPARADO;2;;;2;9,06;SEPARADO;MX MATERIAIS ELETRICOS LTDA;000000;;;
01866701003;006289;115074900;TC 100/5A ST-30 SASSI;;SEPARADO;3;;;3;105,6;SEPARADO;SASSI MEDIDORES E TRANSFORMADORES EIRELI;000000;;;
01866701003;006289;204368500;PROT PLC CTT AF26 E DJ A0;;FALTA;1;;;1;825;FALTA;RB COMUNICAÇÃO;COT;0;;
01866701003;006289;204569900;PORTA DOCUMENTOS TASCO 71220;;FALTA;1;;;1;40,83;FALTA;TASCO LTDA;PEDIDO;0,0975;;
01866701003;006289;204570000;"GABINETE QCF 600X500X170		";;FALTA;1;;;1;1200;FALTA;AÇO FORT;COT;0;;
01866701003;006289;204570100;"TAMPA QCF USCA 5C/21D		";;FALTA;1;;;1;300;FALTA;AÇO FORT;COT;0;;
01866701003;006289;204570200;SPT DJ ABB A0/A1 QCF;;FALTA;1;;;1;250;FALTA;AÇO FORT;COT;0;;
01866701003;006289;209001400;PERFIL BRCH U 12X6MM 1912;;SEPARADO;1;;;1;0;SEPARADO;0;000000;;;
01866701003;006289;61405001201;DOBRADICA TASCO 91591;;FALTA;2;;;2;16,1;FALTA;TASCO LTDA;PEDIDO;0;;
01866701003;006289;61405002801;FECHO LINGUETA YALE;;SEPARADO;1;;;1;38,54;SEPARADO;TASCO LTDA;PEDIDO;0;;
01866701003;006289;61635033908;SPT TRILHO QCF/QTA;;FALTA;2;;;2;350;FALTA;AÇO FORT;COT;0;;
01866701003;006289;106327500;DCM 3P FX 63A CVS100B TMD;;SEPARADO;1;;;1;0;SEPARADO;0;000000;;;
01866701003;006289;61647042901;DCM 3P FX 40A A0C TMF;;SEPARADO;1;;;1;0;SEPARADO;0;000000;;;
01866701003;006289;61648042801;DJ 3P 10A SJ203 T-C10;;SEPARADO;2;;;2;48,61;SEPARADO;ABB ELETRIFICACAO LTDA;PEDIDO;0,065;;
01866701003;006289;61648042901;DJ 2P 10A SJ202 T-C10;;SEPARADO;1;;;1;35;SEPARADO;ABB ELETRIFICACAO LTDA;000000;;;
01866701003;006289;61651008701;CTTR 4P 45A AF26-40-00-13;;FALTA;2;;;2;250,11;FALTA;ABB ELETRIFICACAO LTDA;PEDIDO;0,0325;;
01866701003;006289;61651008801;INTTRV MEC CTTR VM4;;FALTA;1;;;1;25,76;FALTA;ABB ELETRIFICACAO LTDA;PEDIDO;0,0975;;
01866701003;006289;61652004801;RL AUX 40A 12VCC DNI0102;;RETIRADO;3;;;3;7,14;RETIRADO;SNAP COMERCIO E DISTRIBUIDORA DE PRODUTOS ELETRONICOS LTDA.;000000;;;
01866701003;006289;61654001901;MOD USCAMAQ05C INTELINANO AMF5;;RETIRADO;1;;;1;1027,72;RETIRADO;SERVINTEL INTERNACIONAL LTDA;PEDIDO;0;;
01866701003;006289;101033600;MOD USCAMAQ 8C IL4-AMF8;;FALTA;1;;;1;1027,72;FALTA;SERVINTEL INTERNACIONAL LTDA;000000;0;;
01866701003;006289;61655002601;CARREG BAT 12/24VCC KVA PRO;;FALTA;1;;;1;523,61;FALTA;KVA INDUSTRIA E COMERCIO LTDA;PEDIDO;0;;
01866701003;006289;61656003801;SUPORTE MODULAR BOTAO ABB;;SEPARADO;4;;;4;5,91;SEPARADO;ABB ELETRIFICACAO LTDA;000000;;;
01866701003;006289;61656003901;CONT NA BOTAO ABB LINHA MCB;;FALTA;3;;;3;9,33;FALTA;ABB ELETRIFICACAO LTDA;PEDIDO;0,0975;;
01866701003;006289;61656004001;CONT NF BOTAO ABB LINHA MCB;;FALTA;6;;;6;9,33;FALTA;ABB ELETRIFICACAO LTDA;PEDIDO;0,0975;;
01866701003;006289;61656004201;BLOCO LED BRANCO 230VCA ABB;;SEPARADO;2;;;2;63;SEPARADO;APS COMPONENTES ELETRICOS S/A;000000;;;
01866701003;006289;61656004501;CABECOTE CH SEL 2P FX ABB;;SEPARADO;1;;;1;59,13;SEPARADO;ABB ELETRIFICACAO LTDA;000000;;;
01866701003;006289;61656004701;CABECOTE BOTAO EMERGENCIA ABB;;FALTA;1;;;1;40,97;FALTA;ABB ELETRIFICACAO LTDA;PEDIDO;0,0975;;
01866701003;006289;61656004801;ADESIVO PARADA DE EMERGENCIA;;SEPARADO;1;;;1;25,7;SEPARADO;APS COMPONENTES ELETRICOS S/A;000000;;;
01866701003;006289;61656005401;CABECOTE BOTAO DUPLO LED ABB;;SEPARADO;2;;;2;39,17;SEPARADO;ABB ELETRIFICACAO LTDA;000000;;;
01866701003;006289;61659002901;TERMO RETRATIL BRANCO LARG 9MM;;SEPARADO;26,7;;;26,7;52,9634;SEPARADO;FRONTEC INDUSTRIA DE COMPONENTES DE FIXACAO LTDA;000000;;;
01866701003;006289;61660001201;TER ISOL ANEL 16MM² M8;;SEPARADO;1;;;1;16,1;SEPARADO;ROMAR ACESSORIOS INDUSTRIAIS LTDA;000000;;;
01866701003;006289;61660001301;TER ISOL ANEL 16MM² M10;;SEPARADO;1;;;1;16,39;SEPARADO;ROMAR ACESSORIOS INDUSTRIAIS LTDA;000000;;;
01866701003;006289;61660005901;BORNE DUPLO PUSH IN 4MM DDP4;;FALTA;5;;;5;1,38;FALTA;PRO AUTO;PEDIDO;0,0975;;
01866701003;006289;61660006101;BORNE PUSH IN DP2.5PG-XXP;;FALTA;1;;;1;1,9;FALTA;PRO AUTO;PEDIDO;0,0975;;
01866701003;006289;61660006301;JUMPER BORNE DUP 4MM DSD01403N;;FALTA;1;;;1;2,01;FALTA;PRO AUTO;PEDIDO;0,0975;;
01866701003;006289;61660006501;TAMPA P/ BORNE DUP 4MM DPP4C;;FALTA;1;;;1;1,38;FALTA;PRO AUTO;PEDIDO;0,0975;;
01866701003;006289;61660006601;TAMPA P/ BORNE 4MM DPES2.5C;;FALTA;1;;;1;2,06;FALTA;PRO AUTO;PEDIDO;0,0975;;
01866701004;006289;107043800;"BARRA COBRE 3/4"" X 1/4""";;SEPARADO;0,16;;;0,16;79,52;SEPARADO;ANGLO INDUSTRIA E COMERCIO DE METAIS LTDA;000000;;;
01866701005;006289;61652005401;BASE RELE CR-M 3C/O ABB;;FALTA;1;;;1;17,41;FALTA;ABB ELETRIFICACAO LTDA;PEDIDO;0,0975;;
01866701005;006289;61652005701;GRAMPO RELE CR-MH;;FALTA;1;;;1;2,19;FALTA;ABB ELETRIFICACAO LTDA;PEDIDO;0,0972;;
01866701005;006289;61652006701;"RL 3C/O 10A CR-M012DC3 12VCC		";;SEPARADO;1;;;1;35,41;SEPARADO;ABB ELETRIFICACAO LTDA;PEDIDO;0,0325;;
01866701005;006289;61652007701;SUPRESSOR DE SURTO CR-P/M62C;;FALTA;1;;;1;43,17;FALTA;ABB ELETRIFICACAO LTDA;PEDIDO;0,065;;
01866901002;006291;204000300;TQ VT 250L POLT 3/8;;FALTA;1;;;1;1370,12;FALTA;ACURATE;PEDIDO;0;;
01866901002;006291;204366000;"SPT NV KVA TQ EXT 2"" BSP";;FALTA;1;;;1;200;FALTA;AÇO FORT;COT;;;
01866901002;006291;204377800;SPT BOMBA RECIRC/FILTRO;;FALTA;1;;;1;350;FALTA;AÇO FORT;COT;;;
01866901002;006291;204377900;PERFILADO U INST SPT BOMBA;;FALTA;2;;;2;41,66;FALTA;MX MATERIAIS ELETRICOS LTDA;COT;0;;
01866901002;006291;204561000;PALLET DE CONT 2 TAMB 1,31X71X45;;FALTA;1;;;1;1139,55;FALTA;ACURATE;COT;0;;
01866901002;006291;204648800;FILTRO RACOR SEP 645-10M;;FALTA;1;;;1;457,8;FALTA;JS;COT;0;;
01866901002;006291;211004000;"BOMBA ELETRICA BREMEN 3/4"" 12V";;FALTA;1;;;1;348;FALTA;BREMEN;PEDIDO;0;;
01866901002;006291;60901002816;SILENCIOSO 29DBA - PK 1103;;FALTA;1;;;1;558,44;FALTA;SCAPSUL;COT;0,065;;
01866901002;006291;60901003716;FLANGE ESC DE104 X DI64;;SEPARADO;2;;;2;68,59;SEPARADO;SCAPSUL EQUIPAMENTOS RODOVIARIOS LTDA;000000;;;
01866901002;006291;60901003801;JUNTA ESC  DE104 X DI64;;SEPARADO;2;;;2;33,84;SEPARADO;SCAPSUL EQUIPAMENTOS RODOVIARIOS LTDA;000000;;;
01866901002;006291;60901017416;OXICATALISADOR M3C PK 1103;;FALTA;1;;;1;3460,02;FALTA;SCAPSUL;COT;0;;
01866901002;006291;60901021801;JUNTA ESC DE160 X DI76;;FALTA;2;;;2;37,34;FALTA;SCAPSUL;COT;0,052;;
01866901002;006291;61101001301;SENS NV COMB ULTRAS K40LSR;;FALTA;1;;;1;503,31;FALTA;KVA INDUSTRIA E COMERCIO LTDA;PEDIDO;0;;
01866901003;006291;102023700;PERFILADO PERF 38X38X3000MM;;FALTA;1;;;1;107,35;FALTA;MX MATERIAIS ELETRICOS LTDA;COT;0;;
01866901003;006291;104194400;CHUMBADOR PARABOLT 1/2 X 3;;FALTA;4;;;4;5;FALTA;REI DAS MANGUEIRAS MAQUINAS E EQUIPAMENTOS LTDA-ME;COT;0;;
01866901003;006291;204266700;"TEE DE FERRO PRETO 3/4""";;FALTA;1;;;1;11;FALTA;REI DAS MANGUEIRAS MAQUINAS E EQUIPAMENTOS LTDA-ME;COT;0;;
01866901003;006291;204354400;JUNTA ESC DE160 X DI76;;FALTA;1;;;1;37,34;FALTA;SCAPSUL;COT;0,052;;
01866901003;006291;204370400;"TUBO ACO CARB PRETO 3"" - NBR 5580";;RETIRADO;1,7;;;1,7;102;RETIRADO;SANTA RITA INDUSTRIA E COMERCIO DE FERRAGENS LTDA;COT;0;;
01866901003;006291;204378000;DUTO DE CHAPA RAD MOT R24;;FALTA;1;;;1;896,34;FALTA;SCAPSUL;COT;0;;
01866901003;006291;204530800;"CURVA RL 90º Ø3"" C/COSTURA NBR 5580";;RETIRADO;1;;;1;331,2;RETIRADO;SCAPSUL;COT;0,065;;
01866901003;006291;204546100;"BICO RM 3/4"" BSP MANG 3/4"" BIC";;FALTA;2;;;2;28,5;FALTA;BULKS INDUSTRIA E COMERCIO LTDA;COT;0;;
01866901003;006291;204567100;"TUBO FERRO PRETO 3/4"" NBR5580 CL MEDIA - BARRA 6M";;FALTA;6;;;6;32,5;FALTA;JN ACOS LTDA;COT;0;;
01866901003;006291;204610200;"CANTONEIRA 1""X1/8""";;FALTA;1;;;1;15,17;FALTA;SANTA RITA INDUSTRIA E COMERCIO DE FERRAGENS LTDA;PEDIDO;0;;
01866901003;006291;204610600;"BARRA ROSCADA 5/16"" - 3MTS";;FALTA;1;;;1;26,56;FALTA;MX MATERIAIS ELETRICOS LTDA;PEDIDO;0;;
01866901003;006291;204610700;"PORCA SEXT SAE 1045 5/16""";;FALTA;6;;;6;0,2;FALTA;REI DAS MANGUEIRAS MAQUINAS E EQUIPAMENTOS LTDA-ME;COT;0;;
01866901003;006291;204610800;"ARRUELA LISA ZINCADA 5/16""";;FALTA;6;;;6;0,2;FALTA;REI DAS MANGUEIRAS MAQUINAS E EQUIPAMENTOS LTDA-ME;COT;0;;
01866901003;006291;204610900;"ARRUELA PRESSAO ZINC 5/16""";;FALTA;6;;;6;0,25;FALTA;REI DAS MANGUEIRAS MAQUINAS E EQUIPAMENTOS LTDA-ME;COT;0;;
01866901003;006291;204611000;"CHUMBADOR DROP-IN 5/16""";;FALTA;2;;;2;31,66;FALTA;MX MATERIAIS ELETRICOS LTDA;COT;0;;
01866901003;006291;210000400;PF DIN933 M10X45 8.8 BIC;;SEPARADO;8;;;8;59,85;SEPARADO;ROFFER SAO PAULO LIMITADA;000000;;;
01866901003;006291;210004700;PF SXT DIN933 M8X50 8.8 BIC;;SEPARADO;8;;;8;49,3476;SEPARADO;MULT TEMPERA COAT TECNOLOGIA EM TRATAMENTO TERMICO E REVESTIMENTOS SUPERFICIAIS;000000;;;
01866901003;006291;210011700;PORCA DIN934 M10 CL6 BIC;;SEPARADO;18;;;18;24,546;SEPARADO;MULT TEMPERA COAT TECNOLOGIA EM TRATAMENTO TERMICO E REVESTIMENTOS SUPERFICIAIS;000000;;;
01866901003;006291;210012500;PORCA DIN934 M8 CL 6 BIC;;SEPARADO;8;;;8;0,2;SEPARADO;REI DAS MANGUEIRAS MAQUINAS E EQUIPAMENTOS LTDA-ME;000000;;;
01866901003;006291;210012800;ARR M10 DIN 125 BIC;;SEPARADO;36;;;36;0,2;SEPARADO;REI DAS MANGUEIRAS MAQUINAS E EQUIPAMENTOS LTDA-ME;000000;;;
01866901003;006291;210013200;ARR M8 DIN 127 BIC;;SEPARADO;16;;;16;0,2;SEPARADO;REI DAS MANGUEIRAS MAQUINAS E EQUIPAMENTOS LTDA-ME;000000;;;
01866901003;006291;210014300;ARR M8 DIN 125 BIC;;SEPARADO;16;;;16;0,2;SEPARADO;REI DAS MANGUEIRAS MAQUINAS E EQUIPAMENTOS LTDA-ME;000000;;;
01866901003;006291;210020300;PF DIN933 M10X25 8.8 BIC;;SEPARADO;10;;;10;20;SEPARADO;ROFFER SAO PAULO LIMITADA;000000;;;
01866901003;006291;210038100;"ABRC TIPO D 3/4"" C/ PARAFUSO";;FALTA;10;;;10;2,9;FALTA;MX MATERIAIS ELETRICOS LTDA;COT;0;;
01866901003;006291;210039400;BUCHA S10;;FALTA;4;;;4;0,2;FALTA;REI DAS MANGUEIRAS MAQUINAS E EQUIPAMENTOS LTDA-ME;COT;0;;
01866901003;006291;214019301;MANG ORTAC 250 RED 3/4;;RETIRADO;2;;;2;0;RETIRADO;0;000000;;;
01866901003;006291;214019400;MANG ORTAC 250 RED 3/8;;SEPARADO;2;;;2;0;SEPARADO;0;000000;;;
01866901003;006291;61801002201;ARR M10 DIN 127 BIC;;SEPARADO;16;;;16;0,15;SEPARADO;REI DAS MANGUEIRAS MAQUINAS E EQUIPAMENTOS LTDA-ME;000000;;;
01866901003;006291;61802008711;"BICO RM 3/4""NPT MANG 3/4"" BIC";;FALTA;2;;;2;28,5;FALTA;BULKS INDUSTRIA E COMERCIO LTDA;COT;0;;
01866901003;006291;61802013501;"NIPLE DUPLO 3/4"" NPT FERRO PT";;FALTA;2;;;2;7;FALTA;REI DAS MANGUEIRAS MAQUINAS E EQUIPAMENTOS LTDA-ME;COT;0;;
01866901003;006291;61802013701;"COTOVELO FF 3/4"" NPT FERRO PT";;FALTA;12;;;12;9,5;FALTA;REI DAS MANGUEIRAS MAQUINAS E EQUIPAMENTOS LTDA-ME;COT;0;;
01866901003;006291;61802015401;"BICO RM M14X1,5 MANG 3/4"" BIC";;FALTA;2;;;2;28,5;FALTA;BULKS INDUSTRIA E COMERCIO LTDA;COT;0;;
01866901003;006291;61802015501;"BICO RM 3/4"" NPT MANG 3/8"" BIC";;FALTA;3;;;3;28,5;FALTA;BULKS INDUSTRIA E COMERCIO LTDA;COT;0;;
01866901003;006291;61805000922;ABRACADEIRA FLEXIL D14-22 AC;;SEPARADO;14;;;14;3,8;SEPARADO;REI DAS MANGUEIRAS MAQUINAS E EQUIPAMENTOS LTDA-ME;000000;;;
01866901003;006291;61807001501;FITA ESPUMA PVC 20X10MM;;FALTA;4;;;4;0;FALTA;ESTOQUE;COT;;;
01866901003;006291;61809000301;"VALV ESF BORBOLETA F/F 1/2""NPT";;SEPARADO;1;;;1;46,92;SEPARADO;HITOCOM MATERIAIS TECNICOS E SERVICOS LTDA;000000;;;
01867001001;006291;204354300;"FLEXIVEL FPT R24 2""";;FALTA;1;;;1;347,73;FALTA;SCAPSUL;COT;0,0325;;
01867001001;006291;204354400;JUNTA ESC DE160 X DI76;;FALTA;1;;;1;37,34;FALTA;SCAPSUL;COT;0,052;;
01867001001;006291;204569600;BASE CTZ FPT R24;;FALTA;1;;;1;2300;FALTA;AÇO FORT;COT;;;
01867001001;006291;204569700;SPT ALT WG AW10 BR160 CTZ;;FALTA;1;;;1;1000;FALTA;AÇO FORT;COT;;;
01867001001;006291;204569800;SPT QD CMDO BS R24 CTZ;;FALTA;1;;;1;650;FALTA;AÇO FORT;COT;;;
01867001001;006291;209001400;PERFIL BRCH U 12X6MM 1912;;SEPARADO;0,3;;;0,3;0;SEPARADO;0;000000;;;
01867001001;006291;210012800;ARR M10 DIN 125 BIC;;SEPARADO;20;;;20;0,2;SEPARADO;REI DAS MANGUEIRAS MAQUINAS E EQUIPAMENTOS LTDA-ME;000000;;;
01867001001;006291;30702002801;BARRA ROSCADA 6MM;;FALTA;2;;;2;58;FALTA;AÇO FORT;COT;;;
01867001001;006291;31805000303;ABRACADEIRA CRON D17-27 AC;;RETIRADO;4;;;4;24,0484;RETIRADO;METALURGICA SUPRENS LTDA;000000;;;
01867001001;006291;31810006103;MANGUEIRA FLEXIVEL 16X26;;SEPARADO;0,6;;;0,6;80;SEPARADO;REI DAS MANGUEIRAS MAQUINAS E EQUIPAMENTOS LTDA-ME;000000;;;
01867001001;006291;60101008301;MOTOR FPT R24 F4;;FALTA;1;;;1;18876,96;FALTA;FPT INDUSTRIAL BRASIL LTDA.;014128;0;;
01867001001;006291;60201020201;GS WEG AW10 BR160S1-E1 MU F4;;FALTA;1;;;1;6178,28;FALTA;WEG EQUIPAMENTOS ELETRICOS S/A;000000;0;;
01867001001;006291;60305001508;SPT PRE AQUEC ZEROSTART;;FALTA;1;;;1;52;FALTA;AÇO FORT;COT;;;
01867001001;006291;60305003201;RESIST. PREAQUEC. 1000W 220V;;FALTA;1;;;1;1059,79;FALTA;SERVINTEL INTERNACIONAL LTDA;PEDIDO;0;;
01867001001;006291;60702000901;BATERIA 12V 70AH 500CCA MOURA;;FALTA;1;;;1;670;FALTA;ATACADÃO DAS BATERIAS;PEDIDO;0;;
01867001001;006291;60702001608;SPT FIX BATERIA 100AH;;FALTA;1;;;1;87,63;FALTA;AÇO FORT;COT;;;
01867001001;006291;60702005608;SPT BAT 70AH SMART I;;FALTA;1;;;1;550;FALTA;AÇO FORT;COT;;;
01867001001;006291;61101000501;SENSOR PR OLEO 3RHO 7704;;FALTA;1;;;1;199,12;FALTA;MX MATERIAIS ELETRICOS LTDA;COT;0;;
01867001001;006291;61303000401;AMT VIBRA-STOP COXIM FF M12;;FALTA;4;;;4;68,9;FALTA;VIB STOP;PEDIDO;0;;
01867001001;006291;61652004801;RL AUX 40A 12VCC DNI0102;;SEPARADO;2;;;2;7,14;SEPARADO;SNAP COMERCIO E DISTRIBUIDORA DE PRODUTOS ELETRONICOS LTDA.;000000;;;
01867001001;006291;61801002001;PF DIN912 M10X40 12.9 PT;;SEPARADO;12;;;12;5,58;SEPARADO;MULT TEMPERA COAT TECNOLOGIA EM TRATAMENTO TERMICO E REVESTIMENTOS SUPERFICIAIS;000000;;;
01867001001;006291;61801002101;"PF DIN912 3/8""UNFX1"" 12.9 PT";;SEPARADO;8;;;8;5,11;SEPARADO;MULT TEMPERA COAT TECNOLOGIA EM TRATAMENTO TERMICO E REVESTIMENTOS SUPERFICIAIS;000000;;;
01867001001;006291;61801002201;ARR M10 DIN 127 BIC;;SEPARADO;20;;;20;0,15;SEPARADO;REI DAS MANGUEIRAS MAQUINAS E EQUIPAMENTOS LTDA-ME;000000;;;
01867001001;006291;61802014701;ADP M/F 1/4 NPT X M10X1,0 BIC;;FALTA;1;;;1;28,5;FALTA;BULKS INDUSTRIA E COMERCIO LTDA;COT;0;;
01867001001;006291;61802014801;"BICO RM M12X1,5 MANG 5/8"" BIC";;FALTA;1;;;1;28,5;FALTA;BULKS INDUSTRIA E COMERCIO LTDA;COT;0;;
01867001001;006291;61802015301;"BICO RM 3/8""NPT MANG 5/8"" BIC";;FALTA;1;;;1;28,5;FALTA;BULKS INDUSTRIA E COMERCIO LTDA;COT;0;;
01867001001;006291;61807000301;ARR VED 10X16X1.5 AL;;SEPARADO;1;;;1;0;SEPARADO;0;000000;;;
01867001003;006291;101095500;MOD COMUNICACAO CM3-ETHERNET;;FALTA;1;;;1;1222,62;FALTA;SERVINTEL INTERNACIONAL LTDA;PEDIDO;0;;
01867001003;006291;103004300;CH REV 2 POLOS 10 WS2 10E Z11;;FALTA;1;;;1;422,9;FALTA;MX MATERIAIS ELETRICOS LTDA;COT;0;;
01867001003;006291;103015200;CH IGNICAO UNIVERSAL 314008M91;;SEPARADO;1;;;1;104,97;SEPARADO;RDR AUTO PECAS LTDA;000000;;;
01867001003;006291;104007100;IDENT PLO 6.2MM 0828736 - UCT-;;FALTA;20;;;20;0;FALTA;ESTOQUE;COT;;;
01867001003;006291;104013600;TRILHO ACO TS35 C038340.00;;SEPARADO;0,39;;;0,39;75;SEPARADO;ROMAR ACESSORIOS INDUSTRIAIS LTDA;000000;;;
01867001003;006291;104056200;DIST NYLON O3/8 150MM M6X15M;;SEPARADO;3;;;3;0;SEPARADO;0;000000;;;
01867001003;006291;105030900;CONT AUX CTTR CA4-10;;SEPARADO;2;;;2;10,89;SEPARADO;ABB ELETRIFICACAO LTDA;000000;;;
01867001003;006291;105031000;CONT AUX CTTR CA4-01;;SEPARADO;2;;;2;12,82;SEPARADO;ABB ELETRIFICACAO LTDA;000000;;;
01867001003;006291;106001500;DJ 1P 10A CURVA C 10KA S201;;SEPARADO;1;;;1;31,06;SEPARADO;ABB ELETRIFICACAO LTDA;000000;;;
01867001003;006291;106004200;DJ 1P 16A CURVA C 10KA S201;;FALTA;1;;;1;31,06;FALTA;ABB ELETRIFICACAO LTDA;COT;0,065;;
01867001003;006291;106207600;POSTE FINAL USK-2G2;;SEPARADO;2;;;2;0;SEPARADO;0;000000;;;
01867001003;006291;106229400;IDENTIFICACAO P/ POSTE USK-2G2;;RETIRADO;1;;;1;0;RETIRADO;0;000000;;;
01867001003;006291;107078500;CB COBRE NU 16MM2;;SEPARADO;0,5;;;0,5;10,2811;SEPARADO;COBREFLEX INDUSTRIA, DISTRIBUICAO E COMERCIO DE FIOS E CABOS EIRELI;000000;;;
01867001003;006291;109092400;ISOLADOR CIL 16X30 MM M6;;SEPARADO;2;;;2;9,06;SEPARADO;MX MATERIAIS ELETRICOS LTDA;000000;;;
01867001003;006291;115074900;TC 100/5A ST-30 SASSI;;FALTA;3;;;3;90;FALTA;SASSI;COT;0,065;;
01867001003;006291;204368500;PROT PLC CTT AF26 E DJ A0;;FALTA;1;;;1;825;FALTA;RB COMUNICAÇÃO;COT;0;;
01867001003;006291;204569900;PORTA DOCUMENTOS TASCO 71220;;FALTA;1;;;1;40,83;FALTA;TASCO LTDA;COT;0,0975;;
01867001003;006291;204570000;"GABINETE QCF 600X500X170		";;FALTA;1;;;1;1200;FALTA;AÇO FORT;COT;;;
01867001003;006291;204570100;"TAMPA QCF USCA 5C/21D		";;FALTA;1;;;1;300;FALTA;AÇO FORT;COT;;;
01867001003;006291;204570200;SPT DJ ABB A0/A1 QCF;;FALTA;1;;;1;250;FALTA;AÇO FORT;COT;;;
01867001003;006291;209001400;PERFIL BRCH U 12X6MM 1912;;SEPARADO;1;;;1;0;SEPARADO;0;000000;;;
01867001003;006291;61405001201;DOBRADICA TASCO 91591;;FALTA;2;;;2;16,1;FALTA;TASCO LTDA;PEDIDO;0;;
01867001003;006291;61405002801;FECHO LINGUETA YALE;;SEPARADO;1;;;1;38,54;SEPARADO;TASCO LTDA;PEDIDO;0;;
01867001003;006291;61635033908;SPT TRILHO QCF/QTA;;FALTA;2;;;2;0,61;FALTA;AÇO FORT;COT;;;
01867001003;006291;106327500;DCM 3P FX 63A CVS100B TMD;;SEPARADO;1;;;1;0;SEPARADO;0;000000;;;
01867001003;006291;61647042901;DCM 3P FX 40A A0C TMF;;SEPARADO;1;;;1;0;SEPARADO;0;000000;;;
01867001003;006291;61648042801;DJ 3P 10A SJ203 T-C10;;FALTA;2;;;2;48,61;FALTA;ABB ELETRIFICACAO LTDA;COT;0,065;;
01867001003;006291;61648042901;DJ 2P 10A SJ202 T-C10;;SEPARADO;1;;;1;35;SEPARADO;ABB ELETRIFICACAO LTDA;000000;;;
01867001003;006291;61651008701;CTTR 4P 45A AF26-40-00-13;;FALTA;2;;;2;250,11;FALTA;ABB ELETRIFICACAO LTDA;COT;0,0325;;
01867001003;006291;61651008801;INTTRV MEC CTTR VM4;;FALTA;1;;;1;25,76;FALTA;ABB ELETRIFICACAO LTDA;COT;0,0975;;
01867001003;006291;61652004801;RL AUX 40A 12VCC DNI0102;;SEPARADO;3;;;3;7,14;SEPARADO;SNAP COMERCIO E DISTRIBUIDORA DE PRODUTOS ELETRONICOS LTDA.;000000;;;
01867001003;006291;61654001901;MOD USCAMAQ05C INTELINANO AMF5;;RETIRADO;1;;;1;1027,72;RETIRADO;SERVINTEL INTERNACIONAL LTDA;PEDIDO;0;;
01867001003;006291;101033600;MOD USCAMAQ 8C IL4-AMF8;;FALTA;1;;;1;1027,72;FALTA;SERVINTEL INTERNACIONAL LTDA;000000;0;;
01867001003;006291;61655002601;CARREG BAT 12/24VCC KVA PRO;;FALTA;1;;;1;523,61;FALTA;KVA INDUSTRIA E COMERCIO LTDA;PEDIDO;0;;
01867001003;006291;61656003801;SUPORTE MODULAR BOTAO ABB;;FALTA;4;;;4;5,55;FALTA;ABB ELETRIFICACAO LTDA;COT;0,0975;;
01867001003;006291;61656003901;CONT NA BOTAO ABB LINHA MCB;;FALTA;3;;;3;9,33;FALTA;ABB ELETRIFICACAO LTDA;COT;0,0975;;
01867001003;006291;61656004001;CONT NF BOTAO ABB LINHA MCB;;FALTA;6;;;6;9,33;FALTA;ABB ELETRIFICACAO LTDA;COT;0,0975;;
01867001003;006291;61656004201;BLOCO LED BRANCO 230VCA ABB;;SEPARADO;2;;;2;63;SEPARADO;APS COMPONENTES ELETRICOS S/A;000000;;;
01867001003;006291;61656004501;CABECOTE CH SEL 2P FX ABB;;SEPARADO;1;;;1;59,13;SEPARADO;ABB ELETRIFICACAO LTDA;000000;;;
01867001003;006291;61656004701;CABECOTE BOTAO EMERGENCIA ABB;;FALTA;1;;;1;40,97;FALTA;ABB ELETRIFICACAO LTDA;COT;0,0975;;
01867001003;006291;61656004801;ADESIVO PARADA DE EMERGENCIA;;SEPARADO;1;;;1;25,7;SEPARADO;APS COMPONENTES ELETRICOS S/A;000000;;;
01867001003;006291;61656005401;CABECOTE BOTAO DUPLO LED ABB;;SEPARADO;2;;;2;39,17;SEPARADO;ABB ELETRIFICACAO LTDA;000000;;;
01867001003;006291;61659002901;TERMO RETRATIL BRANCO LARG 9MM;;SEPARADO;26,7;;;26,7;52,9634;SEPARADO;FRONTEC INDUSTRIA DE COMPONENTES DE FIXACAO LTDA;000000;;;
01867001003;006291;61660001201;TER ISOL ANEL 16MM² M8;;SEPARADO;1;;;1;16,1;SEPARADO;ROMAR ACESSORIOS INDUSTRIAIS LTDA;000000;;;
01867001003;006291;61660001301;TER ISOL ANEL 16MM² M10;;SEPARADO;1;;;1;16,39;SEPARADO;ROMAR ACESSORIOS INDUSTRIAIS LTDA;000000;;;
01867001003;006291;61660005901;BORNE DUPLO PUSH IN 4MM DDP4;;FALTA;5;;;5;1,38;FALTA;PRO AUTO;COT;0,0975;;
01867001003;006291;61660006101;BORNE PUSH IN DP2.5PG-XXP;;FALTA;1;;;1;1,9;FALTA;PRO AUTO;COT;0,0975;;
01867001003;006291;61660006301;JUMPER BORNE DUP 4MM DSD01403N;;FALTA;1;;;1;2,01;FALTA;PRO AUTO;COT;0,0975;;
01867001003;006291;61660006501;TAMPA P/ BORNE DUP 4MM DPP4C;;FALTA;1;;;1;1,38;FALTA;PRO AUTO;COT;0,0975;;
01867001003;006291;61660006601;TAMPA P/ BORNE 4MM DPES2.5C;;FALTA;1;;;1;2,06;FALTA;PRO AUTO;COT;0,0975;;
01867001004;006291;107043800;"BARRA COBRE 3/4"" X 1/4""";;SEPARADO;0,16;;;0,16;79,52;SEPARADO;ANGLO INDUSTRIA E COMERCIO DE METAIS LTDA;000000;;;
01867001005;006291;61652005401;BASE RELE CR-M 3C/O ABB;;FALTA;1;;;1;17,41;FALTA;ABB ELETRIFICACAO LTDA;COT;0,0975;;
01867001005;006291;61652005701;GRAMPO RELE CR-MH;;FALTA;1;;;1;2,19;FALTA;ABB ELETRIFICACAO LTDA;COT;0,0972;;
01867001005;006291;61652006701;"RL 3C/O 10A CR-M012DC3 12VCC		";;FALTA;1;;;1;35,41;FALTA;ABB ELETRIFICACAO LTDA;COT;0,0325;;
01867001005;006291;61652007701;SUPRESSOR DE SURTO CR-P/M62C;;FALTA;1;;;1;43,17;FALTA;ABB ELETRIFICACAO LTDA;COT;0,065;;
01867101002;006293;204000300;TQ VT 250L POLT 3/8;;FALTA;1;;;1;1370,12;FALTA;ACURATE;PEDIDO;0;;
01867101002;006293;204366000;"SPT NV KVA TQ EXT 2"" BSP";;FALTA;1;;;1;200;FALTA;AÇO FORT;COT;;;
01867101002;006293;204377800;SPT BOMBA RECIRC/FILTRO;;FALTA;1;;;1;350;FALTA;AÇO FORT;COT;;;
01867101002;006293;204377900;PERFILADO U INST SPT BOMBA;;FALTA;2;;;2;41,66;FALTA;MX MATERIAIS ELETRICOS LTDA;COT;0;;
01867101002;006293;204561000;PALLET DE CONT 2 TAMB 1,31X71X45;;FALTA;1;;;1;1139,55;FALTA;ACURATE;COT;0;;
01867101002;006293;204648800;FILTRO RACOR SEP 645-10M;;FALTA;1;;;1;457,8;FALTA;JS;COT;0;;
01867101002;006293;211004000;"BOMBA ELETRICA BREMEN 3/4"" 12V";;FALTA;1;;;1;348;FALTA;BREMEN;PEDIDO;0;;
01867101002;006293;60901002816;SILENCIOSO 29DBA - PK 1103;;FALTA;1;;;1;558,44;FALTA;SCAPSUL;COT;0,065;;
01867101002;006293;60901003716;FLANGE ESC DE104 X DI64;;SEPARADO;2;;;2;68,59;SEPARADO;SCAPSUL EQUIPAMENTOS RODOVIARIOS LTDA;000000;;;
01867101002;006293;60901003801;JUNTA ESC  DE104 X DI64;;SEPARADO;2;;;2;33,84;SEPARADO;SCAPSUL EQUIPAMENTOS RODOVIARIOS LTDA;000000;;;
01867101002;006293;60901017416;OXICATALISADOR M3C PK 1103;;FALTA;1;;;1;3460,02;FALTA;SCAPSUL;COT;0;;
01867101002;006293;60901021801;JUNTA ESC DE160 X DI76;;FALTA;2;;;2;37,34;FALTA;SCAPSUL;COT;0,052;;
01867101002;006293;61101001301;SENS NV COMB ULTRAS K40LSR;;FALTA;1;;;1;503,31;FALTA;KVA INDUSTRIA E COMERCIO LTDA;PEDIDO;0;;
01867101003;006293;102023700;PERFILADO PERF 38X38X3000MM;;FALTA;1;;;1;107,35;FALTA;MX MATERIAIS ELETRICOS LTDA;COT;0;;
01867101003;006293;104194400;CHUMBADOR PARABOLT 1/2 X 3;;FALTA;4;;;4;5;FALTA;REI DAS MANGUEIRAS MAQUINAS E EQUIPAMENTOS LTDA-ME;COT;0;;
01867101003;006293;204266700;"TEE DE FERRO PRETO 3/4""";;FALTA;1;;;1;11;FALTA;REI DAS MANGUEIRAS MAQUINAS E EQUIPAMENTOS LTDA-ME;COT;0;;
01867101003;006293;204354400;JUNTA ESC DE160 X DI76;;FALTA;1;;;1;37,34;FALTA;SCAPSUL;COT;0,052;;
01867101003;006293;204370400;"TUBO ACO CARB PRETO 3"" - NBR 5580";;RETIRADO;1,7;;;1,7;102;RETIRADO;SANTA RITA INDUSTRIA E COMERCIO DE FERRAGENS LTDA;COT;0;;
01867101003;006293;204378000;DUTO DE CHAPA RAD MOT R24;;FALTA;1;;;1;896,34;FALTA;SCAPSUL;COT;0;;
01867101003;006293;204530800;"CURVA RL 90º Ø3"" C/COSTURA NBR 5580";;RETIRADO;1;;;1;331,2;RETIRADO;SCAPSUL;COT;0,065;;
01867101003;006293;204546100;"BICO RM 3/4"" BSP MANG 3/4"" BIC";;FALTA;2;;;2;28,5;FALTA;BULKS INDUSTRIA E COMERCIO LTDA;COT;0;;
01867101003;006293;204567100;"TUBO FERRO PRETO 3/4"" NBR5580 CL MEDIA - BARRA 6M";;FALTA;6;;;6;32,5;FALTA;JN ACOS LTDA;COT;0;;
01867101003;006293;204610200;"CANTONEIRA 1""X1/8""";;FALTA;1;;;1;15,17;FALTA;SANTA RITA INDUSTRIA E COMERCIO DE FERRAGENS LTDA;PEDIDO;0;;
01867101003;006293;204610600;"BARRA ROSCADA 5/16"" - 3MTS";;FALTA;1;;;1;26,56;FALTA;MX MATERIAIS ELETRICOS LTDA;PEDIDO;0;;
01867101003;006293;204610700;"PORCA SEXT SAE 1045 5/16""";;FALTA;6;;;6;0,2;FALTA;REI DAS MANGUEIRAS MAQUINAS E EQUIPAMENTOS LTDA-ME;COT;0;;
01867101003;006293;204610800;"ARRUELA LISA ZINCADA 5/16""";;FALTA;6;;;6;0,2;FALTA;REI DAS MANGUEIRAS MAQUINAS E EQUIPAMENTOS LTDA-ME;COT;0;;
01867101003;006293;204610900;"ARRUELA PRESSAO ZINC 5/16""";;FALTA;6;;;6;0,25;FALTA;REI DAS MANGUEIRAS MAQUINAS E EQUIPAMENTOS LTDA-ME;COT;0;;
01867101003;006293;204611000;"CHUMBADOR DROP-IN 5/16""";;FALTA;2;;;2;31,66;FALTA;MX MATERIAIS ELETRICOS LTDA;COT;0;;
01867101003;006293;210000400;PF DIN933 M10X45 8.8 BIC;;SEPARADO;8;;;8;59,85;SEPARADO;ROFFER SAO PAULO LIMITADA;000000;;;
01867101003;006293;210004700;PF SXT DIN933 M8X50 8.8 BIC;;SEPARADO;8;;;8;49,3476;SEPARADO;MULT TEMPERA COAT TECNOLOGIA EM TRATAMENTO TERMICO E REVESTIMENTOS SUPERFICIAIS;000000;;;
01867101003;006293;210011700;PORCA DIN934 M10 CL6 BIC;;SEPARADO;18;;;18;24,546;SEPARADO;MULT TEMPERA COAT TECNOLOGIA EM TRATAMENTO TERMICO E REVESTIMENTOS SUPERFICIAIS;000000;;;
01867101003;006293;210012500;PORCA DIN934 M8 CL 6 BIC;;SEPARADO;8;;;8;0,2;SEPARADO;REI DAS MANGUEIRAS MAQUINAS E EQUIPAMENTOS LTDA-ME;000000;;;
01867101003;006293;210012800;ARR M10 DIN 125 BIC;;FALTA;36;;;36;0,25;FALTA;REI DAS MANGUEIRAS MAQUINAS E EQUIPAMENTOS LTDA-ME;COT;0;;
01867101003;006293;210013200;ARR M8 DIN 127 BIC;;SEPARADO;16;;;16;0,2;SEPARADO;REI DAS MANGUEIRAS MAQUINAS E EQUIPAMENTOS LTDA-ME;000000;;;
01867101003;006293;210014300;ARR M8 DIN 125 BIC;;SEPARADO;16;;;16;0,2;SEPARADO;REI DAS MANGUEIRAS MAQUINAS E EQUIPAMENTOS LTDA-ME;000000;;;
01867101003;006293;210020300;PF DIN933 M10X25 8.8 BIC;;SEPARADO;10;;;10;20;SEPARADO;ROFFER SAO PAULO LIMITADA;000000;;;
01867101003;006293;210038100;"ABRC TIPO D 3/4"" C/ PARAFUSO";;FALTA;10;;;10;2,9;FALTA;MX MATERIAIS ELETRICOS LTDA;COT;0;;
01867101003;006293;210039400;BUCHA S10;;FALTA;4;;;4;0,2;FALTA;REI DAS MANGUEIRAS MAQUINAS E EQUIPAMENTOS LTDA-ME;COT;0;;
01867101003;006293;214019301;MANG ORTAC 250 RED 3/4;;RETIRADO;2;;;2;0;RETIRADO;0;000000;;;
01867101003;006293;214019400;MANG ORTAC 250 RED 3/8;;SEPARADO;2;;;2;0;SEPARADO;0;000000;;;
01867101003;006293;61801002201;ARR M10 DIN 127 BIC;;SEPARADO;16;;;16;0,15;SEPARADO;REI DAS MANGUEIRAS MAQUINAS E EQUIPAMENTOS LTDA-ME;000000;;;
01867101003;006293;61802008711;"BICO RM 3/4""NPT MANG 3/4"" BIC";;FALTA;2;;;2;28,5;FALTA;BULKS INDUSTRIA E COMERCIO LTDA;COT;0;;
01867101003;006293;61802013501;"NIPLE DUPLO 3/4"" NPT FERRO PT";;FALTA;2;;;2;7;FALTA;REI DAS MANGUEIRAS MAQUINAS E EQUIPAMENTOS LTDA-ME;COT;0;;
01867101003;006293;61802013701;"COTOVELO FF 3/4"" NPT FERRO PT";;FALTA;12;;;12;9,5;FALTA;REI DAS MANGUEIRAS MAQUINAS E EQUIPAMENTOS LTDA-ME;COT;0;;
01867101003;006293;61802015401;"BICO RM M14X1,5 MANG 3/4"" BIC";;FALTA;2;;;2;28,5;FALTA;BULKS INDUSTRIA E COMERCIO LTDA;COT;0;;
01867101003;006293;61802015501;"BICO RM 3/4"" NPT MANG 3/8"" BIC";;FALTA;3;;;3;28,5;FALTA;BULKS INDUSTRIA E COMERCIO LTDA;COT;0;;
01867101003;006293;61805000922;ABRACADEIRA FLEXIL D14-22 AC;;SEPARADO;14;;;14;3,8;SEPARADO;REI DAS MANGUEIRAS MAQUINAS E EQUIPAMENTOS LTDA-ME;000000;;;
01867101003;006293;61807001501;FITA ESPUMA PVC 20X10MM;;FALTA;4;;;4;0;FALTA;ESTOQUE;COT;;;
01867101003;006293;61809000301;"VALV ESF BORBOLETA F/F 1/2""NPT";;SEPARADO;1;;;1;46,92;SEPARADO;HITOCOM MATERIAIS TECNICOS E SERVICOS LTDA;000000;;;
01867201001;006293;204354300;"FLEXIVEL FPT R24 2""";;FALTA;1;;;1;347,73;FALTA;SCAPSUL;COT;0,0325;;
01867201001;006293;204354400;JUNTA ESC DE160 X DI76;;FALTA;1;;;1;37,34;FALTA;SCAPSUL;COT;0,052;;
01867201001;006293;204569600;BASE CTZ FPT R24;;FALTA;1;;;1;2300;FALTA;AÇO FORT;COT;;;
01867201001;006293;204569700;SPT ALT WG AW10 BR160 CTZ;;FALTA;1;;;1;1000;FALTA;AÇO FORT;COT;;;
01867201001;006293;204569800;SPT QD CMDO BS R24 CTZ;;FALTA;1;;;1;650;FALTA;AÇO FORT;COT;;;
01867201001;006293;209001400;PERFIL BRCH U 12X6MM 1912;;SEPARADO;0,3;;;0,3;0;SEPARADO;0;000000;;;
01867201001;006293;210012800;ARR M10 DIN 125 BIC;;SEPARADO;20;;;20;0,2;SEPARADO;REI DAS MANGUEIRAS MAQUINAS E EQUIPAMENTOS LTDA-ME;000000;;;
01867201001;006293;30702002801;BARRA ROSCADA 6MM;;FALTA;2;;;2;58;FALTA;AÇO FORT;COT;;;
01867201001;006293;31805000303;ABRACADEIRA CRON D17-27 AC;;FALTA;4;;;4;3,8;FALTA;REI DAS MANGUEIRAS MAQUINAS E EQUIPAMENTOS LTDA-ME;COT;;;
01867201001;006293;31810006103;MANGUEIRA FLEXIVEL 16X26;;SEPARADO;0,6;;;0,6;80;SEPARADO;REI DAS MANGUEIRAS MAQUINAS E EQUIPAMENTOS LTDA-ME;000000;;;
01867201001;006293;60101008301;MOTOR FPT R24 F4;;FALTA;1;;;1;18876,96;FALTA;FPT INDUSTRIAL BRASIL LTDA.;014128;0;;
01867201001;006293;60201020201;GS WEG AW10 BR160S1-E1 MU F4;;FALTA;1;;;1;6178,28;FALTA;WEG EQUIPAMENTOS ELETRICOS S/A;000000;0;;
01867201001;006293;60305001508;SPT PRE AQUEC ZEROSTART;;FALTA;1;;;1;52;FALTA;AÇO FORT;COT;;;
01867201001;006293;60305003201;RESIST. PREAQUEC. 1000W 220V;;FALTA;1;;;1;1059,79;FALTA;SERVINTEL INTERNACIONAL LTDA;PEDIDO;0;;
01867201001;006293;60702000901;BATERIA 12V 70AH 500CCA MOURA;;FALTA;1;;;1;670;FALTA;ATACADÃO DAS BATERIAS;PEDIDO;0;;
01867201001;006293;60702001608;SPT FIX BATERIA 100AH;;FALTA;1;;;1;87,63;FALTA;AÇO FORT;COT;;;
01867201001;006293;60702005608;SPT BAT 70AH SMART I;;FALTA;1;;;1;550;FALTA;AÇO FORT;COT;;;
01867201001;006293;61101000501;SENSOR PR OLEO 3RHO 7704;;FALTA;1;;;1;199,12;FALTA;MX MATERIAIS ELETRICOS LTDA;COT;0;;
01867201001;006293;61303000401;AMT VIBRA-STOP COXIM FF M12;;FALTA;4;;;4;68,9;FALTA;VIB STOP;PEDIDO;0;;
01867201001;006293;61652004801;RL AUX 40A 12VCC DNI0102;;RETIRADO;2;;;2;7,14;RETIRADO;SNAP COMERCIO E DISTRIBUIDORA DE PRODUTOS ELETRONICOS LTDA.;000000;;;
01867201001;006293;61801002001;PF DIN912 M10X40 12.9 PT;;SEPARADO;12;;;12;5,58;SEPARADO;MULT TEMPERA COAT TECNOLOGIA EM TRATAMENTO TERMICO E REVESTIMENTOS SUPERFICIAIS;000000;;;
01867201001;006293;61801002101;"PF DIN912 3/8""UNFX1"" 12.9 PT";;SEPARADO;8;;;8;5,11;SEPARADO;MULT TEMPERA COAT TECNOLOGIA EM TRATAMENTO TERMICO E REVESTIMENTOS SUPERFICIAIS;000000;;;
01867201001;006293;61801002201;ARR M10 DIN 127 BIC;;SEPARADO;20;;;20;0,15;SEPARADO;REI DAS MANGUEIRAS MAQUINAS E EQUIPAMENTOS LTDA-ME;000000;;;
01867201001;006293;61802014701;ADP M/F 1/4 NPT X M10X1,0 BIC;;FALTA;1;;;1;28,5;FALTA;BULKS INDUSTRIA E COMERCIO LTDA;COT;0;;
01867201001;006293;61802014801;"BICO RM M12X1,5 MANG 5/8"" BIC";;FALTA;1;;;1;28,5;FALTA;BULKS INDUSTRIA E COMERCIO LTDA;COT;0;;
01867201001;006293;61802015301;"BICO RM 3/8""NPT MANG 5/8"" BIC";;FALTA;1;;;1;28,5;FALTA;BULKS INDUSTRIA E COMERCIO LTDA;COT;0;;
01867201001;006293;61807000301;ARR VED 10X16X1.5 AL;;SEPARADO;1;;;1;0;SEPARADO;0;000000;;;
01867201003;006293;101095500;MOD COMUNICACAO CM3-ETHERNET;;FALTA;1;;;1;1222,62;FALTA;SERVINTEL INTERNACIONAL LTDA;PEDIDO;0;;
01867201003;006293;103004300;CH REV 2 POLOS 10 WS2 10E Z11;;FALTA;1;;;1;422,9;FALTA;MX MATERIAIS ELETRICOS LTDA;COT;0;;
01867201003;006293;103015200;CH IGNICAO UNIVERSAL 314008M91;;SEPARADO;1;;;1;104,97;SEPARADO;RDR AUTO PECAS LTDA;000000;;;
01867201003;006293;104007100;IDENT PLO 6.2MM 0828736 - UCT-;;FALTA;20;;;20;0;FALTA;ESTOQUE;COT;;;
01867201003;006293;104013600;TRILHO ACO TS35 C038340.00;;SEPARADO;0,39;;;0,39;75;SEPARADO;ROMAR ACESSORIOS INDUSTRIAIS LTDA;000000;;;
01867201003;006293;104056200;DIST NYLON O3/8 150MM M6X15M;;SEPARADO;3;;;3;0;SEPARADO;0;000000;;;
01867201003;006293;105030900;CONT AUX CTTR CA4-10;;FALTA;2;;;2;10,89;FALTA;ABB ELETRIFICACAO LTDA;000000;;;
01867201003;006293;105031000;CONT AUX CTTR CA4-01;;SEPARADO;2;;;2;12,82;SEPARADO;ABB ELETRIFICACAO LTDA;000000;;;
01867201003;006293;106001500;DJ 1P 10A CURVA C 10KA S201;;SEPARADO;1;;;1;31,06;SEPARADO;ABB ELETRIFICACAO LTDA;000000;;;
01867201003;006293;106004200;DJ 1P 16A CURVA C 10KA S201;;FALTA;1;;;1;31,06;FALTA;ABB ELETRIFICACAO LTDA;COT;0,065;;
01867201003;006293;106207600;POSTE FINAL USK-2G2;;SEPARADO;2;;;2;0;SEPARADO;0;000000;;;
01867201003;006293;106229400;IDENTIFICACAO P/ POSTE USK-2G2;;RETIRADO;1;;;1;0;RETIRADO;0;000000;;;
01867201003;006293;107078500;CB COBRE NU 16MM2;;SEPARADO;0,5;;;0,5;10,2811;SEPARADO;COBREFLEX INDUSTRIA, DISTRIBUICAO E COMERCIO DE FIOS E CABOS EIRELI;000000;;;
01867201003;006293;109092400;ISOLADOR CIL 16X30 MM M6;;SEPARADO;2;;;2;9,06;SEPARADO;MX MATERIAIS ELETRICOS LTDA;000000;;;
01867201003;006293;115074900;TC 100/5A ST-30 SASSI;;SEPARADO;3;;;3;105,6;SEPARADO;SASSI MEDIDORES E TRANSFORMADORES EIRELI;000000;;;
01867201003;006293;204368500;PROT PLC CTT AF26 E DJ A0;;FALTA;1;;;1;825;FALTA;RB COMUNICAÇÃO;COT;0;;
01867201003;006293;204569900;PORTA DOCUMENTOS TASCO 71220;;FALTA;1;;;1;40,83;FALTA;TASCO LTDA;COT;0,0975;;
01867201003;006293;204570000;"GABINETE QCF 600X500X170		";;FALTA;1;;;1;1200;FALTA;AÇO FORT;COT;;;
01867201003;006293;204570100;"TAMPA QCF USCA 5C/21D		";;FALTA;1;;;1;300;FALTA;AÇO FORT;COT;;;
01867201003;006293;204570200;SPT DJ ABB A0/A1 QCF;;FALTA;1;;;1;250;FALTA;AÇO FORT;COT;;;
01867201003;006293;209001400;PERFIL BRCH U 12X6MM 1912;;SEPARADO;1;;;1;0;SEPARADO;0;000000;;;
01867201003;006293;61405001201;DOBRADICA TASCO 91591;;FALTA;2;;;2;16,1;FALTA;TASCO LTDA;PEDIDO;0;;
01867201003;006293;61405002801;FECHO LINGUETA YALE;;SEPARADO;1;;;1;38,54;SEPARADO;TASCO LTDA;PEDIDO;0;;
01867201003;006293;61635033908;SPT TRILHO QCF/QTA;;FALTA;2;;;2;0,61;FALTA;AÇO FORT;COT;;;
01867201003;006293;106327500;DCM 3P FX 63A CVS100B TMD;;SEPARADO;1;;;1;0;SEPARADO;0;000000;;;
01867201003;006293;61647042901;DCM 3P FX 40A A0C TMF;;SEPARADO;1;;;1;0;SEPARADO;0;000000;;;
01867201003;006293;61648042801;DJ 3P 10A SJ203 T-C10;;FALTA;2;;;2;48,61;FALTA;ABB ELETRIFICACAO LTDA;COT;0,065;;
01867201003;006293;61648042901;DJ 2P 10A SJ202 T-C10;;SEPARADO;1;;;1;35;SEPARADO;ABB ELETRIFICACAO LTDA;000000;;;
01867201003;006293;61651008701;CTTR 4P 45A AF26-40-00-13;;FALTA;2;;;2;250,11;FALTA;ABB ELETRIFICACAO LTDA;COT;0,0325;;
01867201003;006293;61651008801;INTTRV MEC CTTR VM4;;FALTA;1;;;1;25,76;FALTA;ABB ELETRIFICACAO LTDA;COT;0,0975;;
01867201003;006293;61652004801;RL AUX 40A 12VCC DNI0102;;RETIRADO;3;;;3;7,14;RETIRADO;SNAP COMERCIO E DISTRIBUIDORA DE PRODUTOS ELETRONICOS LTDA.;000000;;;
01867201003;006293;61654001901;MOD USCAMAQ05C INTELINANO AMF5;;RETIRADO;1;;;1;1027,72;RETIRADO;SERVINTEL INTERNACIONAL LTDA;PEDIDO;0;;
01867201003;006293;101033600;MOD USCAMAQ 8C IL4-AMF8;;FALTA;1;;;1;1027,72;FALTA;SERVINTEL INTERNACIONAL LTDA;000000;0;;
01867201003;006293;61655002601;CARREG BAT 12/24VCC KVA PRO;;FALTA;1;;;1;523,61;FALTA;KVA INDUSTRIA E COMERCIO LTDA;PEDIDO;0;;
01867201003;006293;61656003801;SUPORTE MODULAR BOTAO ABB;;FALTA;4;;;4;5,55;FALTA;ABB ELETRIFICACAO LTDA;COT;0,0975;;
01867201003;006293;61656003901;CONT NA BOTAO ABB LINHA MCB;;FALTA;3;;;3;9,33;FALTA;ABB ELETRIFICACAO LTDA;COT;0,0975;;
01867201003;006293;61656004001;CONT NF BOTAO ABB LINHA MCB;;FALTA;6;;;6;9,33;FALTA;ABB ELETRIFICACAO LTDA;COT;0,0975;;
01867201003;006293;61656004201;BLOCO LED BRANCO 230VCA ABB;;SEPARADO;2;;;2;63;SEPARADO;APS COMPONENTES ELETRICOS S/A;000000;;;
01867201003;006293;61656004501;CABECOTE CH SEL 2P FX ABB;;SEPARADO;1;;;1;59,13;SEPARADO;ABB ELETRIFICACAO LTDA;000000;;;
01867201003;006293;61656004701;CABECOTE BOTAO EMERGENCIA ABB;;FALTA;1;;;1;40,97;FALTA;ABB ELETRIFICACAO LTDA;COT;0,0975;;
01867201003;006293;61656004801;ADESIVO PARADA DE EMERGENCIA;;SEPARADO;1;;;1;25,7;SEPARADO;APS COMPONENTES ELETRICOS S/A;000000;;;
01867201003;006293;61656005401;CABECOTE BOTAO DUPLO LED ABB;;SEPARADO;2;;;2;39,17;SEPARADO;ABB ELETRIFICACAO LTDA;000000;;;
01867201003;006293;61659002901;TERMO RETRATIL BRANCO LARG 9MM;;SEPARADO;26,7;;;26,7;52,9634;SEPARADO;FRONTEC INDUSTRIA DE COMPONENTES DE FIXACAO LTDA;000000;;;
01867201003;006293;61660001201;TER ISOL ANEL 16MM² M8;;SEPARADO;1;;;1;16,1;SEPARADO;ROMAR ACESSORIOS INDUSTRIAIS LTDA;000000;;;
01867201003;006293;61660001301;TER ISOL ANEL 16MM² M10;;SEPARADO;1;;;1;16,39;SEPARADO;ROMAR ACESSORIOS INDUSTRIAIS LTDA;000000;;;
01867201003;006293;61660005901;BORNE DUPLO PUSH IN 4MM DDP4;;FALTA;5;;;5;1,38;FALTA;PRO AUTO;COT;0,0975;;
01867201003;006293;61660006101;BORNE PUSH IN DP2.5PG-XXP;;FALTA;1;;;1;1,9;FALTA;PRO AUTO;COT;0,0975;;
01867201003;006293;61660006301;JUMPER BORNE DUP 4MM DSD01403N;;FALTA;1;;;1;2,01;FALTA;PRO AUTO;COT;0,0975;;
01867201003;006293;61660006501;TAMPA P/ BORNE DUP 4MM DPP4C;;FALTA;1;;;1;1,38;FALTA;PRO AUTO;COT;0,0975;;
01867201003;006293;61660006601;TAMPA P/ BORNE 4MM DPES2.5C;;FALTA;1;;;1;2,06;FALTA;PRO AUTO;COT;0,0975;;
01867201004;006293;107043800;"BARRA COBRE 3/4"" X 1/4""";;SEPARADO;0,16;;;0,16;79,52;SEPARADO;ANGLO INDUSTRIA E COMERCIO DE METAIS LTDA;000000;;;
01867201005;006293;61652005401;BASE RELE CR-M 3C/O ABB;;FALTA;1;;;1;17,41;FALTA;ABB ELETRIFICACAO LTDA;COT;0,0975;;
01867201005;006293;61652005701;GRAMPO RELE CR-MH;;FALTA;1;;;1;2,19;FALTA;ABB ELETRIFICACAO LTDA;COT;0,0972;;
01867201005;006293;61652006701;"RL 3C/O 10A CR-M012DC3 12VCC		";;FALTA;1;;;1;35,41;FALTA;ABB ELETRIFICACAO LTDA;COT;0,0325;;
01867201005;006293;61652007701;SUPRESSOR DE SURTO CR-P/M62C;;FALTA;1;;;1;43,17;FALTA;ABB ELETRIFICACAO LTDA;COT;0,065;;
01867301002;006295;204000300;TQ VT 250L POLT 3/8;;FALTA;1;;;1;1370,12;FALTA;ACURATE;PEDIDO;0;;
01867301002;006295;204366000;"SPT NV KVA TQ EXT 2"" BSP";;FALTA;1;;;1;200;FALTA;AÇO FORT;COT;;;
01867301002;006295;204377800;SPT BOMBA RECIRC/FILTRO;;FALTA;1;;;1;350;FALTA;AÇO FORT;COT;;;
01867301002;006295;204377900;PERFILADO U INST SPT BOMBA;;FALTA;2;;;2;41,66;FALTA;MX MATERIAIS ELETRICOS LTDA;COT;0;;
01867301002;006295;204561000;PALLET DE CONT 2 TAMB 1,31X71X45;;FALTA;1;;;1;1139,55;FALTA;ACURATE;COT;0;;
01867301002;006295;204648800;FILTRO RACOR SEP 645-10M;;FALTA;1;;;1;457,8;FALTA;JS;COT;0;;
01867301002;006295;211004000;"BOMBA ELETRICA BREMEN 3/4"" 12V";;FALTA;1;;;1;348;FALTA;BREMEN;PEDIDO;0;;
01867301002;006295;60901002816;SILENCIOSO 29DBA - PK 1103;;FALTA;1;;;1;558,44;FALTA;SCAPSUL;COT;0,065;;
01867301002;006295;60901003716;FLANGE ESC DE104 X DI64;;SEPARADO;2;;;2;168,59;SEPARADO;SCAPSUL EQUIPAMENTOS RODOVIARIOS LTDA;COT;;;
01867301002;006295;60901003801;JUNTA ESC  DE104 X DI64;;SEPARADO;2;;;2;73,84;SEPARADO;SCAPSUL EQUIPAMENTOS RODOVIARIOS LTDA;COT;;;
01867301002;006295;60901017416;OXICATALISADOR M3C PK 1103;;FALTA;1;;;1;3460,02;FALTA;SCAPSUL;COT;0;;
01867301002;006295;60901021801;JUNTA ESC DE160 X DI76;;FALTA;2;;;2;37,34;FALTA;SCAPSUL;COT;0,052;;
01867301002;006295;61101001301;SENS NV COMB ULTRAS K40LSR;;FALTA;1;;;1;503,31;FALTA;KVA INDUSTRIA E COMERCIO LTDA;PEDIDO;0;;
01867301003;006295;102023700;PERFILADO PERF 38X38X3000MM;;FALTA;1;;;1;107,35;FALTA;MX MATERIAIS ELETRICOS LTDA;COT;0;;
01867301003;006295;104194400;CHUMBADOR PARABOLT 1/2 X 3;;FALTA;4;;;4;5;FALTA;REI DAS MANGUEIRAS MAQUINAS E EQUIPAMENTOS LTDA-ME;COT;0;;
01867301003;006295;204266700;"TEE DE FERRO PRETO 3/4""";;FALTA;1;;;1;11;FALTA;REI DAS MANGUEIRAS MAQUINAS E EQUIPAMENTOS LTDA-ME;COT;0;;
01867301003;006295;204354400;JUNTA ESC DE160 X DI76;;FALTA;1;;;1;37,34;FALTA;SCAPSUL;COT;0,052;;
01867301003;006295;204370400;"TUBO ACO CARB PRETO 3"" - NBR 5580";;RETIRADO;1,7;;;1,7;102;RETIRADO;SANTA RITA INDUSTRIA E COMERCIO DE FERRAGENS LTDA;COT;0;;
01867301003;006295;204378000;DUTO DE CHAPA RAD MOT R24;;FALTA;1;;;1;896,34;FALTA;SCAPSUL;COT;0;;
01867301003;006295;204530800;"CURVA RL 90º Ø3"" C/COSTURA NBR 5580";;RETIRADO;1;;;1;331,2;RETIRADO;SCAPSUL;COT;0,065;;
01867301003;006295;204546100;"BICO RM 3/4"" BSP MANG 3/4"" BIC";;FALTA;2;;;2;28,5;FALTA;BULKS INDUSTRIA E COMERCIO LTDA;COT;0;;
01867301003;006295;204567100;"TUBO FERRO PRETO 3/4"" NBR5580 CL MEDIA - BARRA 6M";;FALTA;6;;;6;32,5;FALTA;JN ACOS LTDA;COT;0;;
01867301003;006295;204610200;"CANTONEIRA 1""X1/8""";;FALTA;1;;;1;15,17;FALTA;SANTA RITA INDUSTRIA E COMERCIO DE FERRAGENS LTDA;PEDIDO;0;;
01867301003;006295;204610600;"BARRA ROSCADA 5/16"" - 3MTS";;FALTA;1;;;1;26,56;FALTA;MX MATERIAIS ELETRICOS LTDA;PEDIDO;0;;
01867301003;006295;204610700;"PORCA SEXT SAE 1045 5/16""";;FALTA;6;;;6;0,2;FALTA;REI DAS MANGUEIRAS MAQUINAS E EQUIPAMENTOS LTDA-ME;COT;0;;
01867301003;006295;204610800;"ARRUELA LISA ZINCADA 5/16""";;FALTA;6;;;6;0,2;FALTA;REI DAS MANGUEIRAS MAQUINAS E EQUIPAMENTOS LTDA-ME;COT;0;;
01867301003;006295;204610900;"ARRUELA PRESSAO ZINC 5/16""";;FALTA;6;;;6;0,25;FALTA;REI DAS MANGUEIRAS MAQUINAS E EQUIPAMENTOS LTDA-ME;COT;0;;
01867301003;006295;204611000;"CHUMBADOR DROP-IN 5/16""";;FALTA;2;;;2;31,66;FALTA;MX MATERIAIS ELETRICOS LTDA;COT;0;;
01867301003;006295;210000400;PF DIN933 M10X45 8.8 BIC;;SEPARADO;8;;;8;89,85;SEPARADO;CENTRAL DOS PARAFUSOS DE ITUMBIARA LTDA;COT;;;
01867301003;006295;210004700;PF SXT DIN933 M8X50 8.8 BIC;;SEPARADO;8;;;8;79,85;SEPARADO;CENTRAL DOS PARAFUSOS DE ITUMBIARA LTDA;COT;;;
01867301003;006295;210011700;PORCA DIN934 M10 CL6 BIC;;SEPARADO;18;;;18;55,55;SEPARADO;CENTRAL DOS PARAFUSOS DE ITUMBIARA LTDA;COT;;;
01867301003;006295;210012500;PORCA DIN934 M8 CL 6 BIC;;SEPARADO;8;;;8;0,2;SEPARADO;REI DAS MANGUEIRAS MAQUINAS E EQUIPAMENTOS LTDA-ME;COT;;;
01867301003;006295;210012800;ARR M10 DIN 125 BIC;;FALTA;36;;;36;0,25;FALTA;REI DAS MANGUEIRAS MAQUINAS E EQUIPAMENTOS LTDA-ME;COT;0;;
01867301003;006295;210013200;ARR M8 DIN 127 BIC;;SEPARADO;16;;;16;0,2;SEPARADO;REI DAS MANGUEIRAS MAQUINAS E EQUIPAMENTOS LTDA-ME;COT;;;
01867301003;006295;210014300;ARR M8 DIN 125 BIC;;SEPARADO;16;;;16;0,2;SEPARADO;REI DAS MANGUEIRAS MAQUINAS E EQUIPAMENTOS LTDA-ME;COT;;;
01867301003;006295;210020300;PF DIN933 M10X25 8.8 BIC;;SEPARADO;10;;;10;45;SEPARADO;CENTRAL DOS PARAFUSOS DE ITUMBIARA LTDA;COT;;;
01867301003;006295;210038100;"ABRC TIPO D 3/4"" C/ PARAFUSO";;FALTA;10;;;10;2,9;FALTA;MX MATERIAIS ELETRICOS LTDA;COT;0;;
01867301003;006295;210039400;BUCHA S10;;FALTA;4;;;4;0,2;FALTA;REI DAS MANGUEIRAS MAQUINAS E EQUIPAMENTOS LTDA-ME;COT;0;;
01867301003;006295;214019301;MANG ORTAC 250 RED 3/4;;SEPARADO;2;;;2;100;SEPARADO;REI DAS MANGUEIRAS MAQUINAS E EQUIPAMENTOS LTDA-ME;COT;;;
01867301003;006295;214019400;MANG ORTAC 250 RED 3/8;;SEPARADO;2;;;2;100;SEPARADO;REI DAS MANGUEIRAS MAQUINAS E EQUIPAMENTOS LTDA-ME;COT;;;
01867301003;006295;61801002201;ARR M10 DIN 127 BIC;;SEPARADO;16;;;16;0,15;SEPARADO;REI DAS MANGUEIRAS MAQUINAS E EQUIPAMENTOS LTDA-ME;COT;;;
01867301003;006295;61802008711;"BICO RM 3/4""NPT MANG 3/4"" BIC";;FALTA;2;;;2;28,5;FALTA;BULKS INDUSTRIA E COMERCIO LTDA;COT;0;;
01867301003;006295;61802013501;"NIPLE DUPLO 3/4"" NPT FERRO PT";;FALTA;2;;;2;7;FALTA;REI DAS MANGUEIRAS MAQUINAS E EQUIPAMENTOS LTDA-ME;COT;0;;
01867301003;006295;61802013701;"COTOVELO FF 3/4"" NPT FERRO PT";;FALTA;12;;;12;9,5;FALTA;REI DAS MANGUEIRAS MAQUINAS E EQUIPAMENTOS LTDA-ME;COT;0;;
01867301003;006295;61802015401;"BICO RM M14X1,5 MANG 3/4"" BIC";;FALTA;2;;;2;28,5;FALTA;BULKS INDUSTRIA E COMERCIO LTDA;COT;0;;
01867301003;006295;61802015501;"BICO RM 3/4"" NPT MANG 3/8"" BIC";;FALTA;3;;;3;28,5;FALTA;BULKS INDUSTRIA E COMERCIO LTDA;COT;0;;
01867301003;006295;61805000922;ABRACADEIRA FLEXIL D14-22 AC;;FALTA;14;;;14;3,8;FALTA;REI DAS MANGUEIRAS MAQUINAS E EQUIPAMENTOS LTDA-ME;COT;0;;
01867301003;006295;61807001501;FITA ESPUMA PVC 20X10MM;;FALTA;4;;;4;0;FALTA;0;COT;;;
01867301003;006295;61809000301;"VALV ESF BORBOLETA F/F 1/2""NPT";;SEPARADO;1;;;1;46,92;SEPARADO;REI DAS MANGUEIRAS MAQUINAS E EQUIPAMENTOS LTDA-ME;COT;;;
01867401001;006295;204354300;"FLEXIVEL FPT R24 2""";;FALTA;1;;;1;347,73;FALTA;SCAPSUL;COT;0,0325;;
01867401001;006295;204354400;JUNTA ESC DE160 X DI76;;FALTA;1;;;1;37,34;FALTA;SCAPSUL;COT;0,052;;
01867401001;006295;204569600;BASE CTZ FPT R24;;FALTA;1;;;1;2300;FALTA;AÇO FORT;COT;;;
01867401001;006295;204569700;SPT ALT WG AW10 BR160 CTZ;;FALTA;1;;;1;1000;FALTA;AÇO FORT;COT;;;
01867401001;006295;204569800;SPT QD CMDO BS R24 CTZ;;FALTA;1;;;1;650;FALTA;AÇO FORT;COT;;;
01867401001;006295;209001400;PERFIL BRCH U 12X6MM 1912;;SEPARADO;0,3;;;0,3;0;SEPARADO;0;000000;;;
01867401001;006295;210012800;ARR M10 DIN 125 BIC;;FALTA;20;;;20;0,25;FALTA;REI DAS MANGUEIRAS MAQUINAS E EQUIPAMENTOS LTDA-ME;COT;0;;
01867401001;006295;30702002801;BARRA ROSCADA 6MM;;FALTA;2;;;2;58;FALTA;AÇO FORT;COT;;;
01867401001;006295;31805000303;ABRACADEIRA CRON D17-27 AC;;FALTA;4;;;4;3,8;FALTA;REI DAS MANGUEIRAS MAQUINAS E EQUIPAMENTOS LTDA-ME;COT;;;
01867401001;006295;31810006103;MANGUEIRA FLEXIVEL 16X26;;SEPARADO;0,6;;;0,6;80;SEPARADO;REI DAS MANGUEIRAS MAQUINAS E EQUIPAMENTOS LTDA-ME;000000;;;
01867401001;006295;60101008301;MOTOR FPT R24 F4;;FALTA;1;;;1;18876,96;FALTA;FPT INDUSTRIAL BRASIL LTDA.;014128;0;;
01867401001;006295;60201020201;GS WEG AW10 BR160S1-E1 MU F4;;FALTA;1;;;1;6178,28;FALTA;WEG EQUIPAMENTOS ELETRICOS S/A;000000;0;;
01867401001;006295;60305001508;SPT PRE AQUEC ZEROSTART;;FALTA;1;;;1;52;FALTA;AÇO FORT;COT;;;
01867401001;006295;60305003201;RESIST. PREAQUEC. 1000W 220V;;FALTA;1;;;1;1059,79;FALTA;SERVINTEL INTERNACIONAL LTDA;PEDIDO;0;;
01867401001;006295;60702000901;BATERIA 12V 70AH 500CCA MOURA;;FALTA;1;;;1;670;FALTA;ATACADÃO DAS BATERIAS;PEDIDO;0;;
01867401001;006295;60702001608;SPT FIX BATERIA 100AH;;FALTA;1;;;1;87,63;FALTA;AÇO FORT;COT;;;
01867401001;006295;60702005608;SPT BAT 70AH SMART I;;FALTA;1;;;1;550;FALTA;AÇO FORT;COT;;;
01867401001;006295;61101000501;SENSOR PR OLEO 3RHO 7704;;FALTA;1;;;1;199,12;FALTA;MX MATERIAIS ELETRICOS LTDA;COT;0;;
01867401001;006295;61303000401;AMT VIBRA-STOP COXIM FF M12;;FALTA;4;;;4;68,9;FALTA;VIB STOP;PEDIDO;0;;
01867401001;006295;61652004801;RL AUX 40A 12VCC DNI0102;;SEPARADO;2;;;2;7,14;SEPARADO;SNAP COMERCIO E DISTRIBUIDORA DE PRODUTOS ELETRONICOS LTDA.;000000;;;
01867401001;006295;61801002001;PF DIN912 M10X40 12.9 PT;;SEPARADO;12;;;12;5,58;SEPARADO;MULT TEMPERA COAT TECNOLOGIA EM TRATAMENTO TERMICO E REVESTIMENTOS SUPERFICIAIS;000000;;;
01867401001;006295;61801002101;"PF DIN912 3/8""UNFX1"" 12.9 PT";;SEPARADO;8;;;8;5,11;SEPARADO;MULT TEMPERA COAT TECNOLOGIA EM TRATAMENTO TERMICO E REVESTIMENTOS SUPERFICIAIS;000000;;;
01867401001;006295;61801002201;ARR M10 DIN 127 BIC;;SEPARADO;20;;;20;0,15;SEPARADO;REI DAS MANGUEIRAS MAQUINAS E EQUIPAMENTOS LTDA-ME;000000;;;
01867401001;006295;61802014701;ADP M/F 1/4 NPT X M10X1,0 BIC;;FALTA;1;;;1;28,5;FALTA;BULKS INDUSTRIA E COMERCIO LTDA;COT;0;;
01867401001;006295;61802014801;"BICO RM M12X1,5 MANG 5/8"" BIC";;FALTA;1;;;1;28,5;FALTA;BULKS INDUSTRIA E COMERCIO LTDA;COT;0;;
01867401001;006295;61802015301;"BICO RM 3/8""NPT MANG 5/8"" BIC";;FALTA;1;;;1;28,5;FALTA;BULKS INDUSTRIA E COMERCIO LTDA;COT;0;;
01867401001;006295;61807000301;ARR VED 10X16X1.5 AL;;SEPARADO;1;;;1;0;SEPARADO;0;000000;;;
01867401003;006295;101095500;MOD COMUNICACAO CM3-ETHERNET;;FALTA;1;;;1;1222,62;FALTA;SERVINTEL INTERNACIONAL LTDA;PEDIDO;0;;
01867401003;006295;103004300;CH REV 2 POLOS 10 WS2 10E Z11;;FALTA;1;;;1;422,9;FALTA;MX MATERIAIS ELETRICOS LTDA;COT;0;;
01867401003;006295;103015200;CH IGNICAO UNIVERSAL 314008M91;;SEPARADO;1;;;1;104,97;SEPARADO;RDR AUTO PECAS LTDA;000000;;;
01867401003;006295;104007100;IDENT PLO 6.2MM 0828736 - UCT-;;FALTA;20;;;20;0;FALTA;0;COT;;;
01867401003;006295;104013600;TRILHO ACO TS35 C038340.00;;SEPARADO;0,39;;;0,39;75;SEPARADO;ROMAR ACESSORIOS INDUSTRIAIS LTDA;000000;;;
01867401003;006295;104056200;DIST NYLON O3/8 150MM M6X15M;;SEPARADO;3;;;3;0;SEPARADO;0;000000;;;
01867401003;006295;105030900;CONT AUX CTTR CA4-10;;FALTA;2;;;2;10,71;FALTA;ABB ELETRIFICACAO LTDA;COT;0,0975;;
01867401003;006295;105031000;CONT AUX CTTR CA4-01;;FALTA;2;;;2;10,71;FALTA;ABB ELETRIFICACAO LTDA;COT;0,0975;;
01867401003;006295;106001500;DJ 1P 10A CURVA C 10KA S201;;SEPARADO;1;;;1;31,06;SEPARADO;ABB ELETRIFICACAO LTDA;000000;;;
01867401003;006295;106004200;DJ 1P 16A CURVA C 10KA S201;;FALTA;1;;;1;31,06;FALTA;ABB ELETRIFICACAO LTDA;COT;0,065;;
01867401003;006295;106207600;POSTE FINAL USK-2G2;;SEPARADO;2;;;2;0;SEPARADO;0;000000;;;
01867401003;006295;106229400;IDENTIFICACAO P/ POSTE USK-2G2;;SEPARADO;1;;;1;0;SEPARADO;0;000000;;;
01867401003;006295;107078500;CB COBRE NU 16MM2;;SEPARADO;0,5;;;0,5;10,2811;SEPARADO;COBREFLEX INDUSTRIA, DISTRIBUICAO E COMERCIO DE FIOS E CABOS EIRELI;000000;;;
01867401003;006295;109092400;ISOLADOR CIL 16X30 MM M6;;SEPARADO;2;;;2;9,06;SEPARADO;MX MATERIAIS ELETRICOS LTDA;000000;;;
01867401003;006295;115074900;TC 100/5A ST-30 SASSI;;SEPARADO;3;;;3;105,6;SEPARADO;SASSI MEDIDORES E TRANSFORMADORES EIRELI;000000;;;
01867401003;006295;204368500;PROT PLC CTT AF26 E DJ A0;;FALTA;1;;;1;825;FALTA;RB COMUNICAÇÃO;COT;0;;
01867401003;006295;204569900;PORTA DOCUMENTOS TASCO 71220;;FALTA;1;;;1;40,83;FALTA;TASCO LTDA;COT;0,0975;;
01867401003;006295;204570000;"GABINETE QCF 600X500X170		";;FALTA;1;;;1;1200;FALTA;AÇO FORT;COT;;;
01867401003;006295;204570100;"TAMPA QCF USCA 5C/21D		";;FALTA;1;;;1;300;FALTA;AÇO FORT;COT;;;
01867401003;006295;204570200;SPT DJ ABB A0/A1 QCF;;FALTA;1;;;1;250;FALTA;AÇO FORT;COT;;;
01867401003;006295;209001400;PERFIL BRCH U 12X6MM 1912;;SEPARADO;1;;;1;0;SEPARADO;0;000000;;;
01867401003;006295;61405001201;DOBRADICA TASCO 91591;;FALTA;2;;;2;16,1;FALTA;TASCO LTDA;PEDIDO;0;;
01867401003;006295;61405002801;FECHO LINGUETA YALE;;SEPARADO;1;;;1;38,54;SEPARADO;TASCO LTDA;PEDIDO;0;;
01867401003;006295;61635033908;SPT TRILHO QCF/QTA;;FALTA;2;;;2;0,61;FALTA;AÇO FORT;COT;;;
01867401003;006295;106327500;DCM 3P FX 63A CVS100B TMD;;SEPARADO;1;;;1;0;SEPARADO;0;000000;;;
01867401003;006295;61647042901;DCM 3P FX 40A A0C TMF;;SEPARADO;1;;;1;0;SEPARADO;0;000000;;;
01867401003;006295;61648042801;DJ 3P 10A SJ203 T-C10;;FALTA;2;;;2;48,61;FALTA;ABB ELETRIFICACAO LTDA;COT;0,065;;
01867401003;006295;61648042901;DJ 2P 10A SJ202 T-C10;;SEPARADO;1;;;1;35;SEPARADO;ABB ELETRIFICACAO LTDA;000000;;;
01867401003;006295;61651008701;CTTR 4P 45A AF26-40-00-13;;FALTA;2;;;2;250,11;FALTA;ABB ELETRIFICACAO LTDA;COT;0,0325;;
01867401003;006295;61651008801;INTTRV MEC CTTR VM4;;FALTA;1;;;1;25,76;FALTA;ABB ELETRIFICACAO LTDA;COT;0,0975;;
01867401003;006295;61652004801;RL AUX 40A 12VCC DNI0102;;RETIRADO;3;;;3;7,14;RETIRADO;SNAP COMERCIO E DISTRIBUIDORA DE PRODUTOS ELETRONICOS LTDA.;PEDIDO;;;
01867401003;006295;61654001901;MOD USCAMAQ05C INTELINANO AMF5;;RETIRADO;1;;;1;1027,72;RETIRADO;SERVINTEL INTERNACIONAL LTDA;PEDIDO;0;;
01867401003;006295;101033600;MOD USCAMAQ 8C IL4-AMF8;;FALTA;1;;;1;1027,72;FALTA;SERVINTEL INTERNACIONAL LTDA;000000;0;;
01867401003;006295;61655002601;CARREG BAT 12/24VCC KVA PRO;;FALTA;1;;;1;523,61;FALTA;KVA INDUSTRIA E COMERCIO LTDA;PEDIDO;0;;
01867401003;006295;61656003801;SUPORTE MODULAR BOTAO ABB;;FALTA;4;;;4;5,55;FALTA;ABB ELETRIFICACAO LTDA;COT;0,0975;;
01867401003;006295;61656003901;CONT NA BOTAO ABB LINHA MCB;;FALTA;3;;;3;9,33;FALTA;ABB ELETRIFICACAO LTDA;COT;0,0975;;
01867401003;006295;61656004001;CONT NF BOTAO ABB LINHA MCB;;FALTA;6;;;6;9,33;FALTA;ABB ELETRIFICACAO LTDA;COT;0,0975;;
01867401003;006295;61656004201;BLOCO LED BRANCO 230VCA ABB;;SEPARADO;2;;;2;63;SEPARADO;APS COMPONENTES ELETRICOS S/A;000000;;;
01867401003;006295;61656004501;CABECOTE CH SEL 2P FX ABB;;SEPARADO;1;;;1;59,13;SEPARADO;ABB ELETRIFICACAO LTDA;000000;;;
01867401003;006295;61656004701;CABECOTE BOTAO EMERGENCIA ABB;;FALTA;1;;;1;40,97;FALTA;ABB ELETRIFICACAO LTDA;COT;0,0975;;
01867401003;006295;61656004801;ADESIVO PARADA DE EMERGENCIA;;SEPARADO;1;;;1;25,7;SEPARADO;APS COMPONENTES ELETRICOS S/A;000000;;;
01867401003;006295;61656005401;CABECOTE BOTAO DUPLO LED ABB;;SEPARADO;2;;;2;39,17;SEPARADO;ABB ELETRIFICACAO LTDA;000000;;;
01867401003;006295;61659002901;TERMO RETRATIL BRANCO LARG 9MM;;SEPARADO;26,7;;;26,7;52,9634;SEPARADO;FRONTEC INDUSTRIA DE COMPONENTES DE FIXACAO LTDA;000000;;;
01867401003;006295;61660001201;TER ISOL ANEL 16MM² M8;;SEPARADO;1;;;1;16,1;SEPARADO;ROMAR ACESSORIOS INDUSTRIAIS LTDA;000000;;;
01867401003;006295;61660001301;TER ISOL ANEL 16MM² M10;;SEPARADO;1;;;1;16,39;SEPARADO;ROMAR ACESSORIOS INDUSTRIAIS LTDA;000000;;;
01867401003;006295;61660005901;BORNE DUPLO PUSH IN 4MM DDP4;;FALTA;5;;;5;1,38;FALTA;PRO AUTO;COT;0,0975;;
01867401003;006295;61660006101;BORNE PUSH IN DP2.5PG-XXP;;FALTA;1;;;1;1,9;FALTA;PRO AUTO;COT;0,0975;;
01867401003;006295;61660006301;JUMPER BORNE DUP 4MM DSD01403N;;FALTA;1;;;1;2,01;FALTA;PRO AUTO;COT;0,0975;;
01867401003;006295;61660006501;TAMPA P/ BORNE DUP 4MM DPP4C;;FALTA;1;;;1;1,38;FALTA;PRO AUTO;COT;0,0975;;
01867401003;006295;61660006601;TAMPA P/ BORNE 4MM DPES2.5C;;FALTA;1;;;1;2,06;FALTA;PRO AUTO;COT;0,0975;;
01867401004;006295;107043800;"BARRA COBRE 3/4"" X 1/4""";;SEPARADO;0,16;;;0,16;79,52;SEPARADO;ANGLO INDUSTRIA E COMERCIO DE METAIS LTDA;000000;;;
01867401005;006295;61652005401;BASE RELE CR-M 3C/O ABB;;FALTA;1;;;1;17,41;FALTA;ABB ELETRIFICACAO LTDA;COT;0,0975;;
01867401005;006295;61652005701;GRAMPO RELE CR-MH;;FALTA;1;;;1;2,19;FALTA;ABB ELETRIFICACAO LTDA;COT;0,0972;;
01867401005;006295;61652006701;"RL 3C/O 10A CR-M012DC3 12VCC		";;FALTA;1;;;1;35,41;FALTA;ABB ELETRIFICACAO LTDA;COT;0,0325;;
01867401005;006295;61652007701;SUPRESSOR DE SURTO CR-P/M62C;;FALTA;1;;;1;43,17;FALTA;ABB ELETRIFICACAO LTDA;COT;0,065;;
01867501002;006297;204000300;TQ VT 250L POLT 3/8;;FALTA;1;;;1;1370,12;FALTA;ACURATE;PEDIDO;0;;
01867501002;006297;204366000;"SPT NV KVA TQ EXT 2"" BSP";;FALTA;1;;;1;200;FALTA;AÇO FORT;COT;;;
01867501002;006297;204377800;SPT BOMBA RECIRC/FILTRO;;FALTA;1;;;1;350;FALTA;AÇO FORT;COT;;;
01867501002;006297;204377900;PERFILADO U INST SPT BOMBA;;FALTA;2;;;2;41,66;FALTA;MX MATERIAIS ELETRICOS LTDA;COT;0;;
01867501002;006297;204561000;PALLET DE CONT 2 TAMB 1,31X71X45;;FALTA;1;;;1;1139,55;FALTA;ACURATE;COT;0;;
01867501002;006297;204648800;FILTRO RACOR SEP 645-10M;;FALTA;1;;;1;457,8;FALTA;JS;COT;0;;
01867501002;006297;211004000;"BOMBA ELETRICA BREMEN 3/4"" 12V";;FALTA;1;;;1;348;FALTA;BREMEN;PEDIDO;0;;
01867501002;006297;60901002816;SILENCIOSO 29DBA - PK 1103;;FALTA;1;;;1;558,44;FALTA;SCAPSUL;COT;0,065;;
01867501002;006297;60901003716;FLANGE ESC DE104 X DI64;;SEPARADO;2;;;2;168,59;SEPARADO;SCAPSUL EQUIPAMENTOS RODOVIARIOS LTDA;COT;;;
01867501002;006297;60901003801;JUNTA ESC  DE104 X DI64;;SEPARADO;2;;;2;73,84;SEPARADO;SCAPSUL EQUIPAMENTOS RODOVIARIOS LTDA;COT;;;
01867501002;006297;60901017416;OXICATALISADOR M3C PK 1103;;FALTA;1;;;1;3460,02;FALTA;SCAPSUL;COT;0;;
01867501002;006297;60901021801;JUNTA ESC DE160 X DI76;;FALTA;2;;;2;37,34;FALTA;SCAPSUL;COT;0,052;;
01867501002;006297;61101001301;SENS NV COMB ULTRAS K40LSR;;FALTA;1;;;1;503,31;FALTA;KVA INDUSTRIA E COMERCIO LTDA;PEDIDO;0;;
01867501003;006297;102023700;PERFILADO PERF 38X38X3000MM;;FALTA;1;;;1;107,35;FALTA;MX MATERIAIS ELETRICOS LTDA;COT;0;;
01867501003;006297;104194400;CHUMBADOR PARABOLT 1/2 X 3;;FALTA;4;;;4;5;FALTA;REI DAS MANGUEIRAS MAQUINAS E EQUIPAMENTOS LTDA-ME;COT;0;;
01867501003;006297;204266700;"TEE DE FERRO PRETO 3/4""";;FALTA;1;;;1;11;FALTA;REI DAS MANGUEIRAS MAQUINAS E EQUIPAMENTOS LTDA-ME;COT;0;;
01867501003;006297;204354400;JUNTA ESC DE160 X DI76;;FALTA;1;;;1;37,34;FALTA;SCAPSUL;COT;0,052;;
01867501003;006297;204370400;"TUBO ACO CARB PRETO 3"" - NBR 5580";;RETIRADO;1,7;;;1,7;102;RETIRADO;SANTA RITA INDUSTRIA E COMERCIO DE FERRAGENS LTDA;COT;0;;
01867501003;006297;204378000;DUTO DE CHAPA RAD MOT R24;;FALTA;1;;;1;896,34;FALTA;SCAPSUL;COT;0;;
01867501003;006297;204530800;"CURVA RL 90º Ø3"" C/COSTURA NBR 5580";;RETIRADO;1;;;1;331,2;RETIRADO;SCAPSUL;COT;0,065;;
01867501003;006297;204546100;"BICO RM 3/4"" BSP MANG 3/4"" BIC";;FALTA;2;;;2;28,5;FALTA;BULKS INDUSTRIA E COMERCIO LTDA;COT;0;;
01867501003;006297;204567100;"TUBO FERRO PRETO 3/4"" NBR5580 CL MEDIA - BARRA 6M";;FALTA;6;;;6;32,5;FALTA;JN ACOS LTDA;COT;0;;
01867501003;006297;204610200;"CANTONEIRA 1""X1/8""";;FALTA;1;;;1;15,17;FALTA;SANTA RITA INDUSTRIA E COMERCIO DE FERRAGENS LTDA;PEDIDO;0;;
01867501003;006297;204610600;"BARRA ROSCADA 5/16"" - 3MTS";;FALTA;1;;;1;26,56;FALTA;MX MATERIAIS ELETRICOS LTDA;PEDIDO;0;;
01867501003;006297;204610700;"PORCA SEXT SAE 1045 5/16""";;FALTA;6;;;6;0,2;FALTA;REI DAS MANGUEIRAS MAQUINAS E EQUIPAMENTOS LTDA-ME;COT;0;;
01867501003;006297;204610800;"ARRUELA LISA ZINCADA 5/16""";;FALTA;6;;;6;0,2;FALTA;REI DAS MANGUEIRAS MAQUINAS E EQUIPAMENTOS LTDA-ME;COT;0;;
01867501003;006297;204610900;"ARRUELA PRESSAO ZINC 5/16""";;FALTA;6;;;6;0,25;FALTA;REI DAS MANGUEIRAS MAQUINAS E EQUIPAMENTOS LTDA-ME;COT;0;;
01867501003;006297;204611000;"CHUMBADOR DROP-IN 5/16""";;FALTA;2;;;2;31,66;FALTA;MX MATERIAIS ELETRICOS LTDA;COT;0;;
01867501003;006297;210000400;PF DIN933 M10X45 8.8 BIC;;SEPARADO;8;;;8;89,85;SEPARADO;CENTRAL DOS PARAFUSOS DE ITUMBIARA LTDA;COT;;;
01867501003;006297;210004700;PF SXT DIN933 M8X50 8.8 BIC;;SEPARADO;8;;;8;79,85;SEPARADO;CENTRAL DOS PARAFUSOS DE ITUMBIARA LTDA;COT;;;
01867501003;006297;210011700;PORCA DIN934 M10 CL6 BIC;;SEPARADO;18;;;18;55,55;SEPARADO;CENTRAL DOS PARAFUSOS DE ITUMBIARA LTDA;COT;;;
01867501003;006297;210012500;PORCA DIN934 M8 CL 6 BIC;;SEPARADO;8;;;8;0,2;SEPARADO;REI DAS MANGUEIRAS MAQUINAS E EQUIPAMENTOS LTDA-ME;COT;;;
01867501003;006297;210012800;ARR M10 DIN 125 BIC;;FALTA;36;;;36;0,25;FALTA;REI DAS MANGUEIRAS MAQUINAS E EQUIPAMENTOS LTDA-ME;COT;0;;
01867501003;006297;210013200;ARR M8 DIN 127 BIC;;SEPARADO;16;;;16;0,2;SEPARADO;REI DAS MANGUEIRAS MAQUINAS E EQUIPAMENTOS LTDA-ME;COT;;;
01867501003;006297;210014300;ARR M8 DIN 125 BIC;;SEPARADO;16;;;16;0,2;SEPARADO;REI DAS MANGUEIRAS MAQUINAS E EQUIPAMENTOS LTDA-ME;COT;;;
01867501003;006297;210020300;PF DIN933 M10X25 8.8 BIC;;SEPARADO;10;;;10;45;SEPARADO;CENTRAL DOS PARAFUSOS DE ITUMBIARA LTDA;COT;;;
01867501003;006297;210038100;"ABRC TIPO D 3/4"" C/ PARAFUSO";;FALTA;10;;;10;2,9;FALTA;MX MATERIAIS ELETRICOS LTDA;COT;0;;
01867501003;006297;210039400;BUCHA S10;;FALTA;4;;;4;0,2;FALTA;REI DAS MANGUEIRAS MAQUINAS E EQUIPAMENTOS LTDA-ME;COT;0;;
01867501003;006297;214019301;MANG ORTAC 250 RED 3/4;;RETIRADO;2;;;2;100;RETIRADO;REI DAS MANGUEIRAS MAQUINAS E EQUIPAMENTOS LTDA-ME;COT;;;
01867501003;006297;214019400;MANG ORTAC 250 RED 3/8;;SEPARADO;2;;;2;100;SEPARADO;REI DAS MANGUEIRAS MAQUINAS E EQUIPAMENTOS LTDA-ME;COT;;;
01867501003;006297;61801002201;ARR M10 DIN 127 BIC;;SEPARADO;16;;;16;0,15;SEPARADO;REI DAS MANGUEIRAS MAQUINAS E EQUIPAMENTOS LTDA-ME;COT;;;
01867501003;006297;61802008711;"BICO RM 3/4""NPT MANG 3/4"" BIC";;FALTA;2;;;2;28,5;FALTA;BULKS INDUSTRIA E COMERCIO LTDA;COT;0;;
01867501003;006297;61802013501;"NIPLE DUPLO 3/4"" NPT FERRO PT";;FALTA;2;;;2;7;FALTA;REI DAS MANGUEIRAS MAQUINAS E EQUIPAMENTOS LTDA-ME;COT;0;;
01867501003;006297;61802013701;"COTOVELO FF 3/4"" NPT FERRO PT";;FALTA;12;;;12;9,5;FALTA;REI DAS MANGUEIRAS MAQUINAS E EQUIPAMENTOS LTDA-ME;COT;0;;
01867501003;006297;61802015401;"BICO RM M14X1,5 MANG 3/4"" BIC";;FALTA;2;;;2;28,5;FALTA;BULKS INDUSTRIA E COMERCIO LTDA;COT;0;;
01867501003;006297;61802015501;"BICO RM 3/4"" NPT MANG 3/8"" BIC";;FALTA;3;;;3;28,5;FALTA;BULKS INDUSTRIA E COMERCIO LTDA;COT;0;;
01867501003;006297;61805000922;ABRACADEIRA FLEXIL D14-22 AC;;FALTA;14;;;14;3,8;FALTA;REI DAS MANGUEIRAS MAQUINAS E EQUIPAMENTOS LTDA-ME;COT;0;;
01867501003;006297;61807001501;FITA ESPUMA PVC 20X10MM;;FALTA;4;;;4;0;FALTA;0;COT;;;
01867501003;006297;61809000301;"VALV ESF BORBOLETA F/F 1/2""NPT";;SEPARADO;1;;;1;46,92;SEPARADO;REI DAS MANGUEIRAS MAQUINAS E EQUIPAMENTOS LTDA-ME;COT;;;
01867601001;006297;204354300;"FLEXIVEL FPT R24 2""";;FALTA;1;;;1;347,73;FALTA;SCAPSUL;COT;0,0325;;
01867601001;006297;204354400;JUNTA ESC DE160 X DI76;;FALTA;1;;;1;37,34;FALTA;SCAPSUL;COT;0,052;;
01867601001;006297;204569600;BASE CTZ FPT R24;;FALTA;1;;;1;2300;FALTA;AÇO FORT;COT;;;
01867601001;006297;204569700;SPT ALT WG AW10 BR160 CTZ;;FALTA;1;;;1;1000;FALTA;AÇO FORT;COT;;;
01867601001;006297;204569800;SPT QD CMDO BS R24 CTZ;;FALTA;1;;;1;650;FALTA;AÇO FORT;COT;;;
01867601001;006297;209001400;PERFIL BRCH U 12X6MM 1912;;SEPARADO;0,3;;;0,3;0;SEPARADO;0;000000;;;
01867601001;006297;210012800;ARR M10 DIN 125 BIC;;FALTA;20;;;20;0,25;FALTA;REI DAS MANGUEIRAS MAQUINAS E EQUIPAMENTOS LTDA-ME;COT;0;;
01867601001;006297;30702002801;BARRA ROSCADA 6MM;;FALTA;2;;;2;58;FALTA;AÇO FORT;COT;;;
01867601001;006297;31805000303;ABRACADEIRA CRON D17-27 AC;;FALTA;4;;;4;3,8;FALTA;REI DAS MANGUEIRAS MAQUINAS E EQUIPAMENTOS LTDA-ME;COT;;;
01867601001;006297;31810006103;MANGUEIRA FLEXIVEL 16X26;;SEPARADO;0,6;;;0,6;80;SEPARADO;REI DAS MANGUEIRAS MAQUINAS E EQUIPAMENTOS LTDA-ME;000000;;;
01867601001;006297;60101008301;MOTOR FPT R24 F4;;FALTA;1;;;1;18876,96;FALTA;FPT INDUSTRIAL BRASIL LTDA.;014128;0;;
01867601001;006297;60201020201;GS WEG AW10 BR160S1-E1 MU F4;;FALTA;1;;;1;6178,28;FALTA;WEG EQUIPAMENTOS ELETRICOS S/A;000000;0;;
01867601001;006297;60305001508;SPT PRE AQUEC ZEROSTART;;FALTA;1;;;1;52;FALTA;AÇO FORT;COT;;;
01867601001;006297;60305003201;RESIST. PREAQUEC. 1000W 220V;;FALTA;1;;;1;1059,79;FALTA;SERVINTEL INTERNACIONAL LTDA;PEDIDO;0;;
01867601001;006297;60702000901;BATERIA 12V 70AH 500CCA MOURA;;FALTA;1;;;1;670;FALTA;ATACADÃO DAS BATERIAS;PEDIDO;0;;
01867601001;006297;60702001608;SPT FIX BATERIA 100AH;;FALTA;1;;;1;87,63;FALTA;AÇO FORT;COT;;;
01867601001;006297;60702005608;SPT BAT 70AH SMART I;;FALTA;1;;;1;550;FALTA;AÇO FORT;COT;;;
01867601001;006297;61101000501;SENSOR PR OLEO 3RHO 7704;;FALTA;1;;;1;199,12;FALTA;MX MATERIAIS ELETRICOS LTDA;COT;0;;
01867601001;006297;61303000401;AMT VIBRA-STOP COXIM FF M12;;FALTA;4;;;4;68,9;FALTA;VIB STOP;PEDIDO;0;;
01867601001;006297;61652004801;RL AUX 40A 12VCC DNI0102;;SEPARADO;2;;;2;7,14;SEPARADO;SNAP COMERCIO E DISTRIBUIDORA DE PRODUTOS ELETRONICOS LTDA.;000000;;;
01867601001;006297;61801002001;PF DIN912 M10X40 12.9 PT;;SEPARADO;12;;;12;5,58;SEPARADO;MULT TEMPERA COAT TECNOLOGIA EM TRATAMENTO TERMICO E REVESTIMENTOS SUPERFICIAIS;000000;;;
01867601001;006297;61801002101;"PF DIN912 3/8""UNFX1"" 12.9 PT";;SEPARADO;8;;;8;5,11;SEPARADO;MULT TEMPERA COAT TECNOLOGIA EM TRATAMENTO TERMICO E REVESTIMENTOS SUPERFICIAIS;000000;;;
01867601001;006297;61801002201;ARR M10 DIN 127 BIC;;SEPARADO;20;;;20;0,15;SEPARADO;REI DAS MANGUEIRAS MAQUINAS E EQUIPAMENTOS LTDA-ME;000000;;;
01867601001;006297;61802014701;ADP M/F 1/4 NPT X M10X1,0 BIC;;FALTA;1;;;1;28,5;FALTA;BULKS INDUSTRIA E COMERCIO LTDA;COT;0;;
01867601001;006297;61802014801;"BICO RM M12X1,5 MANG 5/8"" BIC";;FALTA;1;;;1;28,5;FALTA;BULKS INDUSTRIA E COMERCIO LTDA;COT;0;;
01867601001;006297;61802015301;"BICO RM 3/8""NPT MANG 5/8"" BIC";;FALTA;1;;;1;28,5;FALTA;BULKS INDUSTRIA E COMERCIO LTDA;COT;0;;
01867601001;006297;61807000301;ARR VED 10X16X1.5 AL;;SEPARADO;1;;;1;0;SEPARADO;0;000000;;;
01867601003;006297;101095500;MOD COMUNICACAO CM3-ETHERNET;;FALTA;1;;;1;1222,62;FALTA;SERVINTEL INTERNACIONAL LTDA;PEDIDO;0;;
01867601003;006297;103004300;CH REV 2 POLOS 10 WS2 10E Z11;;FALTA;1;;;1;422,9;FALTA;MX MATERIAIS ELETRICOS LTDA;COT;0;;
01867601003;006297;103015200;CH IGNICAO UNIVERSAL 314008M91;;SEPARADO;1;;;1;104,97;SEPARADO;RDR AUTO PECAS LTDA;000000;;;
01867601003;006297;104007100;IDENT PLO 6.2MM 0828736 - UCT-;;FALTA;20;;;20;0;FALTA;0;COT;;;
01867601003;006297;104013600;TRILHO ACO TS35 C038340.00;;SEPARADO;0,39;;;0,39;75;SEPARADO;ROMAR ACESSORIOS INDUSTRIAIS LTDA;000000;;;
01867601003;006297;104056200;DIST NYLON O3/8 150MM M6X15M;;SEPARADO;3;;;3;0;SEPARADO;0;000000;;;
01867601003;006297;105030900;CONT AUX CTTR CA4-10;;FALTA;2;;;2;10,71;FALTA;ABB ELETRIFICACAO LTDA;COT;0,0975;;
01867601003;006297;105031000;CONT AUX CTTR CA4-01;;FALTA;2;;;2;10,71;FALTA;ABB ELETRIFICACAO LTDA;COT;0,0975;;
01867601003;006297;106001500;DJ 1P 10A CURVA C 10KA S201;;SEPARADO;1;;;1;31,06;SEPARADO;ABB ELETRIFICACAO LTDA;000000;;;
01867601003;006297;106004200;DJ 1P 16A CURVA C 10KA S201;;FALTA;1;;;1;31,06;FALTA;ABB ELETRIFICACAO LTDA;COT;0,065;;
01867601003;006297;106207600;POSTE FINAL USK-2G2;;SEPARADO;2;;;2;0;SEPARADO;0;000000;;;
01867601003;006297;106229400;IDENTIFICACAO P/ POSTE USK-2G2;;SEPARADO;1;;;1;0;SEPARADO;0;000000;;;
01867601003;006297;107078500;CB COBRE NU 16MM2;;SEPARADO;0,5;;;0,5;10,2811;SEPARADO;COBREFLEX INDUSTRIA, DISTRIBUICAO E COMERCIO DE FIOS E CABOS EIRELI;000000;;;
01867601003;006297;109092400;ISOLADOR CIL 16X30 MM M6;;SEPARADO;2;;;2;9,06;SEPARADO;MX MATERIAIS ELETRICOS LTDA;000000;;;
01867601003;006297;115074900;TC 100/5A ST-30 SASSI;;SEPARADO;3;;;3;105,6;SEPARADO;SASSI MEDIDORES E TRANSFORMADORES EIRELI;000000;;;
01867601003;006297;204368500;PROT PLC CTT AF26 E DJ A0;;FALTA;1;;;1;825;FALTA;RB COMUNICAÇÃO;COT;0;;
01867601003;006297;204569900;PORTA DOCUMENTOS TASCO 71220;;FALTA;1;;;1;40,83;FALTA;TASCO LTDA;COT;0,0975;;
01867601003;006297;204570000;"GABINETE QCF 600X500X170		";;FALTA;1;;;1;1200;FALTA;AÇO FORT;COT;;;
01867601003;006297;204570100;"TAMPA QCF USCA 5C/21D		";;FALTA;1;;;1;300;FALTA;AÇO FORT;COT;;;
01867601003;006297;204570200;SPT DJ ABB A0/A1 QCF;;FALTA;1;;;1;250;FALTA;AÇO FORT;COT;;;
01867601003;006297;209001400;PERFIL BRCH U 12X6MM 1912;;SEPARADO;1;;;1;0;SEPARADO;0;000000;;;
01867601003;006297;61405001201;DOBRADICA TASCO 91591;;FALTA;2;;;2;16,1;FALTA;TASCO LTDA;PEDIDO;0;;
01867601003;006297;61405002801;FECHO LINGUETA YALE;;SEPARADO;1;;;1;38,54;SEPARADO;TASCO LTDA;PEDIDO;0;;
01867601003;006297;61635033908;SPT TRILHO QCF/QTA;;FALTA;2;;;2;0,61;FALTA;AÇO FORT;COT;;;
01867601003;006297;106327500;DCM 3P FX 63A CVS100B TMD;;SEPARADO;1;;;1;0;SEPARADO;0;000000;;;
01867601003;006297;61647042901;DCM 3P FX 40A A0C TMF;;SEPARADO;1;;;1;0;SEPARADO;0;000000;;;
01867601003;006297;61648042801;DJ 3P 10A SJ203 T-C10;;FALTA;2;;;2;48,61;FALTA;ABB ELETRIFICACAO LTDA;COT;0,065;;
01867601003;006297;61648042901;DJ 2P 10A SJ202 T-C10;;SEPARADO;1;;;1;35;SEPARADO;ABB ELETRIFICACAO LTDA;000000;;;
01867601003;006297;61651008701;CTTR 4P 45A AF26-40-00-13;;FALTA;2;;;2;250,11;FALTA;ABB ELETRIFICACAO LTDA;COT;0,0325;;
01867601003;006297;61651008801;INTTRV MEC CTTR VM4;;FALTA;1;;;1;25,76;FALTA;ABB ELETRIFICACAO LTDA;COT;0,0975;;
01867601003;006297;61652004801;RL AUX 40A 12VCC DNI0102;;FALTA;3;;;3;7,14;FALTA;SNAP COMERCIO E DISTRIBUIDORA DE PRODUTOS ELETRONICOS LTDA.;PEDIDO;0;;
01867601003;006297;61654001901;MOD USCAMAQ05C INTELINANO AMF5;;RETIRADO;1;;;1;1027,72;RETIRADO;SERVINTEL INTERNACIONAL LTDA;PEDIDO;0;;
01867601003;006297;101033600;MOD USCAMAQ 8C IL4-AMF8;;FALTA;1;;;1;1027,72;FALTA;SERVINTEL INTERNACIONAL LTDA;000000;0;;
01867601003;006297;61655002601;CARREG BAT 12/24VCC KVA PRO;;FALTA;1;;;1;523,61;FALTA;KVA INDUSTRIA E COMERCIO LTDA;PEDIDO;0;;
01867601003;006297;61656003801;SUPORTE MODULAR BOTAO ABB;;FALTA;4;;;4;5,55;FALTA;ABB ELETRIFICACAO LTDA;COT;0,0975;;
01867601003;006297;61656003901;CONT NA BOTAO ABB LINHA MCB;;FALTA;3;;;3;9,33;FALTA;ABB ELETRIFICACAO LTDA;COT;0,0975;;
01867601003;006297;61656004001;CONT NF BOTAO ABB LINHA MCB;;FALTA;6;;;6;9,33;FALTA;ABB ELETRIFICACAO LTDA;COT;0,0975;;
01867601003;006297;61656004201;BLOCO LED BRANCO 230VCA ABB;;SEPARADO;2;;;2;63;SEPARADO;APS COMPONENTES ELETRICOS S/A;000000;;;
01867601003;006297;61656004501;CABECOTE CH SEL 2P FX ABB;;SEPARADO;1;;;1;59,13;SEPARADO;ABB ELETRIFICACAO LTDA;000000;;;
01867601003;006297;61656004701;CABECOTE BOTAO EMERGENCIA ABB;;FALTA;1;;;1;40,97;FALTA;ABB ELETRIFICACAO LTDA;COT;0,0975;;
01867601003;006297;61656004801;ADESIVO PARADA DE EMERGENCIA;;SEPARADO;1;;;1;25,7;SEPARADO;APS COMPONENTES ELETRICOS S/A;000000;;;
01867601003;006297;61656005401;CABECOTE BOTAO DUPLO LED ABB;;SEPARADO;2;;;2;39,17;SEPARADO;ABB ELETRIFICACAO LTDA;000000;;;
01867601003;006297;61659002901;TERMO RETRATIL BRANCO LARG 9MM;;SEPARADO;26,7;;;26,7;52,9634;SEPARADO;FRONTEC INDUSTRIA DE COMPONENTES DE FIXACAO LTDA;000000;;;
01867601003;006297;61660001201;TER ISOL ANEL 16MM² M8;;SEPARADO;1;;;1;16,1;SEPARADO;ROMAR ACESSORIOS INDUSTRIAIS LTDA;000000;;;
01867601003;006297;61660001301;TER ISOL ANEL 16MM² M10;;SEPARADO;1;;;1;16,39;SEPARADO;ROMAR ACESSORIOS INDUSTRIAIS LTDA;000000;;;
01867601003;006297;61660005901;BORNE DUPLO PUSH IN 4MM DDP4;;FALTA;5;;;5;1,38;FALTA;PRO AUTO;COT;0,0975;;
01867601003;006297;61660006101;BORNE PUSH IN DP2.5PG-XXP;;FALTA;1;;;1;1,9;FALTA;PRO AUTO;COT;0,0975;;
01867601003;006297;61660006301;JUMPER BORNE DUP 4MM DSD01403N;;FALTA;1;;;1;2,01;FALTA;PRO AUTO;COT;0,0975;;
01867601003;006297;61660006501;TAMPA P/ BORNE DUP 4MM DPP4C;;FALTA;1;;;1;1,38;FALTA;PRO AUTO;COT;0,0975;;
01867601003;006297;61660006601;TAMPA P/ BORNE 4MM DPES2.5C;;FALTA;1;;;1;2,06;FALTA;PRO AUTO;COT;0,0975;;
01867601004;006297;107043800;"BARRA COBRE 3/4"" X 1/4""";;SEPARADO;0,16;;;0,16;79,52;SEPARADO;ANGLO INDUSTRIA E COMERCIO DE METAIS LTDA;000000;;;
01867601005;006297;61652005401;BASE RELE CR-M 3C/O ABB;;FALTA;1;;;1;17,41;FALTA;ABB ELETRIFICACAO LTDA;COT;0,0975;;
01867601005;006297;61652005701;GRAMPO RELE CR-MH;;FALTA;1;;;1;2,19;FALTA;ABB ELETRIFICACAO LTDA;COT;0,0972;;
01867601005;006297;61652006701;"RL 3C/O 10A CR-M012DC3 12VCC		";;FALTA;1;;;1;35,41;FALTA;ABB ELETRIFICACAO LTDA;COT;0,0325;;
01867601005;006297;61652007701;SUPRESSOR DE SURTO CR-P/M62C;;FALTA;1;;;1;43,17;FALTA;ABB ELETRIFICACAO LTDA;COT;0,065;;
01867701002;006299;204000300;TQ VT 250L POLT 3/8;;FALTA;1;;;1;1370,12;FALTA;ACURATE;PEDIDO;0;;
01867701002;006299;204366000;"SPT NV KVA TQ EXT 2"" BSP";;FALTA;1;;;1;200;FALTA;AÇO FORT;COT;;;
01867701002;006299;204377800;SPT BOMBA RECIRC/FILTRO;;FALTA;1;;;1;350;FALTA;AÇO FORT;COT;;;
01867701002;006299;204377900;PERFILADO U INST SPT BOMBA;;FALTA;2;;;2;41,66;FALTA;MX MATERIAIS ELETRICOS LTDA;COT;0;;
01867701002;006299;204561000;PALLET DE CONT 2 TAMB 1,31X71X45;;FALTA;1;;;1;1139,55;FALTA;ACURATE;COT;0;;
01867701002;006299;204648800;FILTRO RACOR SEP 645-10M;;FALTA;1;;;1;457,8;FALTA;JS;COT;0;;
01867701002;006299;211004000;"BOMBA ELETRICA BREMEN 3/4"" 12V";;FALTA;1;;;1;348;FALTA;BREMEN;PEDIDO;0;;
01867701002;006299;60901002816;SILENCIOSO 29DBA - PK 1103;;FALTA;1;;;1;558,44;FALTA;SCAPSUL;COT;0,065;;
01867701002;006299;60901003716;FLANGE ESC DE104 X DI64;;FALTA;2;;;2;65,43;FALTA;SCAPSUL;COT;0,065;;
01867701002;006299;60901003801;JUNTA ESC  DE104 X DI64;;SEPARADO;2;;;2;73,84;SEPARADO;SCAPSUL EQUIPAMENTOS RODOVIARIOS LTDA;COT;;;
01867701002;006299;60901017416;OXICATALISADOR M3C PK 1103;;FALTA;1;;;1;3460,02;FALTA;SCAPSUL;COT;0;;
01867701002;006299;60901021801;JUNTA ESC DE160 X DI76;;FALTA;2;;;2;37,34;FALTA;SCAPSUL;COT;0,052;;
01867701002;006299;61101001301;SENS NV COMB ULTRAS K40LSR;;FALTA;1;;;1;503,31;FALTA;KVA INDUSTRIA E COMERCIO LTDA;PEDIDO;0;;
01867701003;006299;102023700;PERFILADO PERF 38X38X3000MM;;FALTA;1;;;1;107,35;FALTA;MX MATERIAIS ELETRICOS LTDA;COT;0;;
01867701003;006299;104194400;CHUMBADOR PARABOLT 1/2 X 3;;FALTA;4;;;4;5;FALTA;REI DAS MANGUEIRAS MAQUINAS E EQUIPAMENTOS LTDA-ME;COT;0;;
01867701003;006299;204266700;"TEE DE FERRO PRETO 3/4""";;FALTA;1;;;1;11;FALTA;REI DAS MANGUEIRAS MAQUINAS E EQUIPAMENTOS LTDA-ME;COT;0;;
01867701003;006299;204354400;JUNTA ESC DE160 X DI76;;FALTA;1;;;1;37,34;FALTA;SCAPSUL;COT;0,052;;
01867701003;006299;204370400;"TUBO ACO CARB PRETO 3"" - NBR 5580";;RETIRADO;1,7;;;1,7;102;RETIRADO;SANTA RITA INDUSTRIA E COMERCIO DE FERRAGENS LTDA;COT;0;;
01867701003;006299;204378000;DUTO DE CHAPA RAD MOT R24;;FALTA;1;;;1;896,34;FALTA;SCAPSUL;COT;0;;
01867701003;006299;204530800;"CURVA RL 90º Ø3"" C/COSTURA NBR 5580";;RETIRADO;1;;;1;331,2;RETIRADO;SCAPSUL;COT;0,065;;
01867701003;006299;204546100;"BICO RM 3/4"" BSP MANG 3/4"" BIC";;FALTA;2;;;2;28,5;FALTA;BULKS INDUSTRIA E COMERCIO LTDA;COT;0;;
01867701003;006299;204567100;"TUBO FERRO PRETO 3/4"" NBR5580 CL MEDIA - BARRA 6M";;FALTA;6;;;6;32,5;FALTA;JN ACOS LTDA;COT;0;;
01867701003;006299;204610200;"CANTONEIRA 1""X1/8""";;FALTA;1;;;1;15,17;FALTA;SANTA RITA INDUSTRIA E COMERCIO DE FERRAGENS LTDA;PEDIDO;0;;
01867701003;006299;204610600;"BARRA ROSCADA 5/16"" - 3MTS";;FALTA;1;;;1;26,56;FALTA;MX MATERIAIS ELETRICOS LTDA;PEDIDO;0;;
01867701003;006299;204610700;"PORCA SEXT SAE 1045 5/16""";;FALTA;6;;;6;0,2;FALTA;REI DAS MANGUEIRAS MAQUINAS E EQUIPAMENTOS LTDA-ME;COT;0;;
01867701003;006299;204610800;"ARRUELA LISA ZINCADA 5/16""";;FALTA;6;;;6;0,2;FALTA;REI DAS MANGUEIRAS MAQUINAS E EQUIPAMENTOS LTDA-ME;COT;0;;
01867701003;006299;204610900;"ARRUELA PRESSAO ZINC 5/16""";;FALTA;6;;;6;0,25;FALTA;REI DAS MANGUEIRAS MAQUINAS E EQUIPAMENTOS LTDA-ME;COT;0;;
01867701003;006299;204611000;"CHUMBADOR DROP-IN 5/16""";;FALTA;2;;;2;31,66;FALTA;MX MATERIAIS ELETRICOS LTDA;COT;0;;
01867701003;006299;210000400;PF DIN933 M10X45 8.8 BIC;;SEPARADO;8;;;8;89,85;SEPARADO;CENTRAL DOS PARAFUSOS DE ITUMBIARA LTDA;COT;;;
01867701003;006299;210004700;PF SXT DIN933 M8X50 8.8 BIC;;SEPARADO;8;;;8;79,85;SEPARADO;CENTRAL DOS PARAFUSOS DE ITUMBIARA LTDA;COT;;;
01867701003;006299;210011700;PORCA DIN934 M10 CL6 BIC;;SEPARADO;18;;;18;55,55;SEPARADO;CENTRAL DOS PARAFUSOS DE ITUMBIARA LTDA;COT;;;
01867701003;006299;210012500;PORCA DIN934 M8 CL 6 BIC;;SEPARADO;8;;;8;0,2;SEPARADO;REI DAS MANGUEIRAS MAQUINAS E EQUIPAMENTOS LTDA-ME;COT;;;
01867701003;006299;210012800;ARR M10 DIN 125 BIC;;FALTA;36;;;36;0,25;FALTA;REI DAS MANGUEIRAS MAQUINAS E EQUIPAMENTOS LTDA-ME;COT;0;;
01867701003;006299;210013200;ARR M8 DIN 127 BIC;;SEPARADO;16;;;16;0,2;SEPARADO;REI DAS MANGUEIRAS MAQUINAS E EQUIPAMENTOS LTDA-ME;COT;;;
01867701003;006299;210014300;ARR M8 DIN 125 BIC;;SEPARADO;16;;;16;0,2;SEPARADO;REI DAS MANGUEIRAS MAQUINAS E EQUIPAMENTOS LTDA-ME;COT;;;
01867701003;006299;210020300;PF DIN933 M10X25 8.8 BIC;;SEPARADO;10;;;10;45;SEPARADO;CENTRAL DOS PARAFUSOS DE ITUMBIARA LTDA;COT;;;
01867701003;006299;210038100;"ABRC TIPO D 3/4"" C/ PARAFUSO";;FALTA;10;;;10;2,9;FALTA;MX MATERIAIS ELETRICOS LTDA;COT;0;;
01867701003;006299;210039400;BUCHA S10;;FALTA;4;;;4;0,2;FALTA;REI DAS MANGUEIRAS MAQUINAS E EQUIPAMENTOS LTDA-ME;COT;0;;
01867701003;006299;214019301;MANG ORTAC 250 RED 3/4;;RETIRADO;2;;;2;100;RETIRADO;REI DAS MANGUEIRAS MAQUINAS E EQUIPAMENTOS LTDA-ME;COT;;;
01867701003;006299;214019400;MANG ORTAC 250 RED 3/8;;SEPARADO;2;;;2;100;SEPARADO;REI DAS MANGUEIRAS MAQUINAS E EQUIPAMENTOS LTDA-ME;COT;;;
01867701003;006299;61801002201;ARR M10 DIN 127 BIC;;SEPARADO;16;;;16;0,15;SEPARADO;REI DAS MANGUEIRAS MAQUINAS E EQUIPAMENTOS LTDA-ME;COT;;;
01867701003;006299;61802008711;"BICO RM 3/4""NPT MANG 3/4"" BIC";;FALTA;2;;;2;28,5;FALTA;BULKS INDUSTRIA E COMERCIO LTDA;COT;0;;
01867701003;006299;61802013501;"NIPLE DUPLO 3/4"" NPT FERRO PT";;FALTA;2;;;2;7;FALTA;REI DAS MANGUEIRAS MAQUINAS E EQUIPAMENTOS LTDA-ME;COT;0;;
01867701003;006299;61802013701;"COTOVELO FF 3/4"" NPT FERRO PT";;FALTA;12;;;12;9,5;FALTA;REI DAS MANGUEIRAS MAQUINAS E EQUIPAMENTOS LTDA-ME;COT;0;;
01867701003;006299;61802015401;"BICO RM M14X1,5 MANG 3/4"" BIC";;FALTA;2;;;2;28,5;FALTA;BULKS INDUSTRIA E COMERCIO LTDA;COT;0;;
01867701003;006299;61802015501;"BICO RM 3/4"" NPT MANG 3/8"" BIC";;FALTA;3;;;3;28,5;FALTA;BULKS INDUSTRIA E COMERCIO LTDA;COT;0;;
01867701003;006299;61805000922;ABRACADEIRA FLEXIL D14-22 AC;;FALTA;14;;;14;3,8;FALTA;REI DAS MANGUEIRAS MAQUINAS E EQUIPAMENTOS LTDA-ME;COT;0;;
01867701003;006299;61807001501;FITA ESPUMA PVC 20X10MM;;FALTA;4;;;4;0;FALTA;0;COT;;;
01867701003;006299;61809000301;"VALV ESF BORBOLETA F/F 1/2""NPT";;SEPARADO;1;;;1;46,92;SEPARADO;REI DAS MANGUEIRAS MAQUINAS E EQUIPAMENTOS LTDA-ME;COT;;;
01867801001;006299;204354300;"FLEXIVEL FPT R24 2""";;FALTA;1;;;1;347,73;FALTA;SCAPSUL;COT;0,0325;;
01867801001;006299;204354400;JUNTA ESC DE160 X DI76;;FALTA;1;;;1;37,34;FALTA;SCAPSUL;COT;0,052;;
01867801001;006299;204569600;BASE CTZ FPT R24;;FALTA;1;;;1;2300;FALTA;AÇO FORT;COT;;;
01867801001;006299;204569700;SPT ALT WG AW10 BR160 CTZ;;FALTA;1;;;1;1000;FALTA;AÇO FORT;COT;;;
01867801001;006299;204569800;SPT QD CMDO BS R24 CTZ;;FALTA;1;;;1;650;FALTA;AÇO FORT;COT;;;
01867801001;006299;209001400;PERFIL BRCH U 12X6MM 1912;;SEPARADO;0,3;;;0,3;50;SEPARADO;GW;COT;;;
01867801001;006299;210012800;ARR M10 DIN 125 BIC;;FALTA;20;;;20;0,25;FALTA;REI DAS MANGUEIRAS MAQUINAS E EQUIPAMENTOS LTDA-ME;COT;0;;
01867801001;006299;30702002801;BARRA ROSCADA 6MM;;FALTA;2;;;2;58;FALTA;AÇO FORT;COT;;;
01867801001;006299;31805000303;ABRACADEIRA CRON D17-27 AC;;FALTA;4;;;4;3,8;FALTA;REI DAS MANGUEIRAS MAQUINAS E EQUIPAMENTOS LTDA-ME;COT;;;
01867801001;006299;31810006103;MANGUEIRA FLEXIVEL 16X26;;SEPARADO;0,6;;;0,6;80;SEPARADO;REI DAS MANGUEIRAS MAQUINAS E EQUIPAMENTOS LTDA-ME;COT;;;
01867801001;006299;60101008301;MOTOR FPT R24 F4;;FALTA;1;;;1;18876,96;FALTA;FPT INDUSTRIAL BRASIL LTDA.;014128;0;;
01867801001;006299;60201020201;GS WEG AW10 BR160S1-E1 MU F4;;FALTA;1;;;1;6178,28;FALTA;WEG EQUIPAMENTOS ELETRICOS S/A;000000;0;;
01867801001;006299;60305001508;SPT PRE AQUEC ZEROSTART;;FALTA;1;;;1;52;FALTA;AÇO FORT;COT;;;
01867801001;006299;60305003201;RESIST. PREAQUEC. 1000W 220V;;FALTA;1;;;1;1059,79;FALTA;SERVINTEL INTERNACIONAL LTDA;PEDIDO;0;;
01867801001;006299;60702000901;BATERIA 12V 70AH 500CCA MOURA;;FALTA;1;;;1;670;FALTA;ATACADÃO DAS BATERIAS;PEDIDO;0;;
01867801001;006299;60702001608;SPT FIX BATERIA 100AH;;FALTA;1;;;1;87,63;FALTA;AÇO FORT;COT;;;
01867801001;006299;60702005608;SPT BAT 70AH SMART I;;FALTA;1;;;1;550;FALTA;AÇO FORT;COT;;;
01867801001;006299;61101000501;SENSOR PR OLEO 3RHO 7704;;FALTA;1;;;1;199,12;FALTA;MX MATERIAIS ELETRICOS LTDA;COT;0;;
01867801001;006299;61303000401;AMT VIBRA-STOP COXIM FF M12;;FALTA;4;;;4;68,9;FALTA;VIB STOP;PEDIDO;0;;
01867801001;006299;61652004801;RL AUX 40A 12VCC DNI0102;;RETIRADO;2;;;2;7,14;RETIRADO;SNAP COMERCIO E DISTRIBUIDORA DE PRODUTOS ELETRONICOS LTDA.;PEDIDO;;;
01867801001;006299;61801002001;PF DIN912 M10X40 12.9 PT;;SEPARADO;12;;;12;15;SEPARADO;CENTRAL DOS PARAFUSOS DE ITUMBIARA LTDA;COT;;;
01867801001;006299;61801002101;"PF DIN912 3/8""UNFX1"" 12.9 PT";;SEPARADO;8;;;8;15;SEPARADO;CENTRAL DOS PARAFUSOS DE ITUMBIARA LTDA;COT;;;
01867801001;006299;61801002201;ARR M10 DIN 127 BIC;;SEPARADO;20;;;20;0,15;SEPARADO;REI DAS MANGUEIRAS MAQUINAS E EQUIPAMENTOS LTDA-ME;COT;;;
01867801001;006299;61802014701;ADP M/F 1/4 NPT X M10X1,0 BIC;;FALTA;1;;;1;28,5;FALTA;BULKS INDUSTRIA E COMERCIO LTDA;COT;0;;
01867801001;006299;61802014801;"BICO RM M12X1,5 MANG 5/8"" BIC";;FALTA;1;;;1;28,5;FALTA;BULKS INDUSTRIA E COMERCIO LTDA;COT;0;;
01867801001;006299;61802015301;"BICO RM 3/8""NPT MANG 5/8"" BIC";;FALTA;1;;;1;28,5;FALTA;BULKS INDUSTRIA E COMERCIO LTDA;COT;0;;
01867801001;006299;61807000301;ARR VED 10X16X1.5 AL;;SEPARADO;1;;;1;6,99;SEPARADO;CENTRAL DOS PARAFUSOS DE ITUMBIARA LTDA;COT;;;
01867801003;006299;101095500;MOD COMUNICACAO CM3-ETHERNET;;FALTA;1;;;1;1222,62;FALTA;SERVINTEL INTERNACIONAL LTDA;PEDIDO;0;;
01867801003;006299;103004300;CH REV 2 POLOS 10 WS2 10E Z11;;FALTA;1;;;1;422,9;FALTA;MX MATERIAIS ELETRICOS LTDA;COT;0;;
01867801003;006299;103015200;CH IGNICAO UNIVERSAL 314008M91;;SEPARADO;1;;;1;194,57;SEPARADO;RDR AUTO PECAS LTDA;COT;;;
01867801003;006299;104007100;IDENT PLO 6.2MM 0828736 - UCT-;;FALTA;20;;;20;0;FALTA;0;COT;;;
01867801003;006299;104013600;TRILHO ACO TS35 C038340.00;;SEPARADO;0,39;;;0,39;95;SEPARADO;MX MATERIAIS ELETRICOS LTDA;COT;;;
01867801003;006299;104056200;DIST NYLON O3/8 150MM M6X15M;;FALTA;3;;;3;0;FALTA;0;COT;;;
01867801003;006299;105030900;CONT AUX CTTR CA4-10;;FALTA;2;;;2;10,71;FALTA;ABB ELETRIFICACAO LTDA;COT;0,0975;;
01867801003;006299;105031000;CONT AUX CTTR CA4-01;;FALTA;2;;;2;10,71;FALTA;ABB ELETRIFICACAO LTDA;COT;0,0975;;
01867801003;006299;106001500;DJ 1P 10A CURVA C 10KA S201;;FALTA;1;;;1;27,95;FALTA;ABB ELETRIFICACAO LTDA;COT;0,065;;
01867801003;006299;106004200;DJ 1P 16A CURVA C 10KA S201;;FALTA;1;;;1;31,06;FALTA;ABB ELETRIFICACAO LTDA;COT;0,065;;
01867801003;006299;106207600;POSTE FINAL USK-2G2;;SEPARADO;2;;;2;2,1;SEPARADO;PROAUTO;COT;;;
01867801003;006299;106229400;IDENTIFICACAO P/ POSTE USK-2G2;;RETIRADO;1;;;1;2;RETIRADO;PROAUTO;COT;;;
01867801003;006299;107078500;CB COBRE NU 16MM2;;SEPARADO;0,5;;;0,5;10,2811;SEPARADO;COBREFLEX INDUSTRIA, DISTRIBUICAO E COMERCIO DE FIOS E CABOS EIRELI;COT;;;
01867801003;006299;109092400;ISOLADOR CIL 16X30 MM M6;;SEPARADO;2;;;2;20;SEPARADO;MX MATERIAIS ELETRICOS LTDA;COT;;;
01867801003;006299;115074900;TC 100/5A ST-30 SASSI;;FALTA;3;;;3;90;FALTA;SASSI;COT;0,065;;
01867801003;006299;204368500;PROT PLC CTT AF26 E DJ A0;;FALTA;1;;;1;825;FALTA;RB COMUNICAÇÃO;COT;0;;
01867801003;006299;204569900;PORTA DOCUMENTOS TASCO 71220;;FALTA;1;;;1;40,83;FALTA;TASCO LTDA;COT;0,0975;;
01867801003;006299;204570000;"GABINETE QCF 600X500X170		";;FALTA;1;;;1;1200;FALTA;AÇO FORT;COT;;;
01867801003;006299;204570100;"TAMPA QCF USCA 5C/21D		";;FALTA;1;;;1;300;FALTA;AÇO FORT;COT;;;
01867801003;006299;204570200;SPT DJ ABB A0/A1 QCF;;FALTA;1;;;1;250;FALTA;AÇO FORT;COT;;;
01867801003;006299;209001400;PERFIL BRCH U 12X6MM 1912;;SEPARADO;1;;;1;50;SEPARADO;GW;COT;;;
01867801003;006299;61405001201;DOBRADICA TASCO 91591;;FALTA;2;;;2;16,1;FALTA;TASCO LTDA;PEDIDO;0;;
01867801003;006299;61405002801;FECHO LINGUETA YALE;;FALTA;1;;;1;38,54;FALTA;TASCO LTDA;PEDIDO;0;;
01867801003;006299;61635033908;SPT TRILHO QCF/QTA;;FALTA;2;;;2;0,61;FALTA;AÇO FORT;COT;;;
01867801003;006299;106327500;DCM 3P FX 63A CVS100B TMD;;SEPARADO;1;;;1;0;SEPARADO;0;000000;;;
01867801003;006299;61647042901;DCM 3P FX 40A A0C TMF;;SEPARADO;1;;;1;0;SEPARADO;0;000000;;;
01867801003;006299;61648042801;DJ 3P 10A SJ203 T-C10;;FALTA;2;;;2;48,61;FALTA;ABB ELETRIFICACAO LTDA;COT;0,065;;
01867801003;006299;61648042901;DJ 2P 10A SJ202 T-C10;;SEPARADO;1;;;1;35;SEPARADO;ABB ELETRIFICACAO LTDA;COT;;;
01867801003;006299;61651008701;CTTR 4P 45A AF26-40-00-13;;FALTA;2;;;2;250,11;FALTA;ABB ELETRIFICACAO LTDA;COT;0,0325;;
01867801003;006299;61651008801;INTTRV MEC CTTR VM4;;FALTA;1;;;1;25,76;FALTA;ABB ELETRIFICACAO LTDA;COT;0,0975;;
01867801003;006299;61652004801;RL AUX 40A 12VCC DNI0102;;FALTA;3;;;3;7,14;FALTA;SNAP COMERCIO E DISTRIBUIDORA DE PRODUTOS ELETRONICOS LTDA.;PEDIDO;0;;
01867801003;006299;61654001901;MOD USCAMAQ05C INTELINANO AMF5;;RETIRADO;1;;;1;1027,72;RETIRADO;SERVINTEL INTERNACIONAL LTDA;PEDIDO;0;;
01867801003;006299;101033600;MOD USCAMAQ 8C IL4-AMF8;;FALTA;1;;;1;1027,72;FALTA;SERVINTEL INTERNACIONAL LTDA;000000;0;;
01867801003;006299;61655002601;CARREG BAT 12/24VCC KVA PRO;;FALTA;1;;;1;523,61;FALTA;KVA INDUSTRIA E COMERCIO LTDA;PEDIDO;0;;
01867801003;006299;61656003801;SUPORTE MODULAR BOTAO ABB;;FALTA;4;;;4;5,55;FALTA;ABB ELETRIFICACAO LTDA;COT;0,0975;;
01867801003;006299;61656003901;CONT NA BOTAO ABB LINHA MCB;;FALTA;3;;;3;9,33;FALTA;ABB ELETRIFICACAO LTDA;COT;0,0975;;
01867801003;006299;61656004001;CONT NF BOTAO ABB LINHA MCB;;FALTA;6;;;6;9,33;FALTA;ABB ELETRIFICACAO LTDA;COT;0,0975;;
01867801003;006299;61656004201;BLOCO LED BRANCO 230VCA ABB;;SEPARADO;2;;;2;93;SEPARADO;ABB ELETRIFICACAO LTDA;COT;;;
01867801003;006299;61656004501;CABECOTE CH SEL 2P FX ABB;;FALTA;1;;;1;69,13;FALTA;ABB ELETRIFICACAO LTDA;COT;0,0975;;
01867801003;006299;61656004701;CABECOTE BOTAO EMERGENCIA ABB;;FALTA;1;;;1;40,97;FALTA;ABB ELETRIFICACAO LTDA;COT;0,0975;;
01867801003;006299;61656004801;ADESIVO PARADA DE EMERGENCIA;;FÁBRICA;1;;;1;25,7;FÁBRICA;APS COMPONENTES ELETRICOS S/A;000000;;;
01867801003;006299;61656005401;CABECOTE BOTAO DUPLO LED ABB;;SEPARADO;2;;;2;39,17;SEPARADO;ABB ELETRIFICACAO LTDA;COT;;;
01867801003;006299;61659002901;TERMO RETRATIL BRANCO LARG 9MM;;SEPARADO;26,7;;;26,7;52,9634;SEPARADO;FRONTEC INDUSTRIA DE COMPONENTES DE FIXACAO LTDA;COT;;;
01867801003;006299;61660001201;TER ISOL ANEL 16MM² M8;;SEPARADO;1;;;1;16,1;SEPARADO;MX MATERIAIS ELETRICOS LTDA;COT;;;
01867801003;006299;61660001301;TER ISOL ANEL 16MM² M10;;SEPARADO;1;;;1;16,39;SEPARADO;MX MATERIAIS ELETRICOS LTDA;COT;;;
01867801003;006299;61660005901;BORNE DUPLO PUSH IN 4MM DDP4;;FALTA;5;;;5;1,38;FALTA;PRO AUTO;COT;0,0975;;
01867801003;006299;61660006101;BORNE PUSH IN DP2.5PG-XXP;;FALTA;1;;;1;1,9;FALTA;PRO AUTO;COT;0,0975;;
01867801003;006299;61660006301;JUMPER BORNE DUP 4MM DSD01403N;;FALTA;1;;;1;2,01;FALTA;PRO AUTO;COT;0,0975;;
01867801003;006299;61660006501;TAMPA P/ BORNE DUP 4MM DPP4C;;FALTA;1;;;1;1,38;FALTA;PRO AUTO;COT;0,0975;;
01867801003;006299;61660006601;TAMPA P/ BORNE 4MM DPES2.5C;;FALTA;1;;;1;2,06;FALTA;PRO AUTO;COT;0,0975;;
01867801004;006299;107043800;"BARRA COBRE 3/4"" X 1/4""";;SEPARADO;0,16;;;0,16;79,52;SEPARADO;ANGLO INDUSTRIA E COMERCIO DE METAIS LTDA;000000;;;
01867801005;006299;61652005401;BASE RELE CR-M 3C/O ABB;;FALTA;1;;;1;17,41;FALTA;ABB ELETRIFICACAO LTDA;COT;0,0975;;
01867801005;006299;61652005701;GRAMPO RELE CR-MH;;FALTA;1;;;1;2,19;FALTA;ABB ELETRIFICACAO LTDA;COT;0,0972;;
01867801005;006299;61652006701;"RL 3C/O 10A CR-M012DC3 12VCC		";;FALTA;1;;;1;35,41;FALTA;ABB ELETRIFICACAO LTDA;COT;0,0325;;
01867801005;006299;61652007701;SUPRESSOR DE SURTO CR-P/M62C;;FALTA;1;;;1;43,17;FALTA;ABB ELETRIFICACAO LTDA;COT;0,065;;
01868001001;006533;101004800;SENSOR TEMP 12VCC;;SEPARADO;1;;;1;210,79;SEPARADO;POLIPECAS COMERCIAL E IMPORTADORA LTDA;000000;;;
01868001005;006533;104014500;TER COMP BOC EXPAND 25MM M8;;RETIRADO;8;;;8;0;RETIRADO;0;000000;;;
01868001005;006533;107069800;CB COBRE 10MM2 BR 200ºC 152A;;SEPARADO;2,8;;;2,8;0;SEPARADO;CONDUMIX COMERCIO DE MATERIAL ELETRICO LTDA;000000;;;
01868001005;006533;109092400;ISOLADOR CIL 16X30 MM M6;;SEPARADO;2;;;2;9,06;SEPARADO;MX MATERIAIS ELETRICOS LTDA;000000;;;
01868001001;006533;204229500;CALCO D106 X 9,53;;SEPARADO;4;;;4;672,3;SEPARADO;METALURGICA MALCON LTDA.;000000;;;
01868001001;006533;204576400;ADP M/F M10X1,5 X M10X1,0;;SEPARADO;1;;;1;14;SEPARADO;EVOLUCAO METALURGICA LTDA;000000;;;
01868001001;006533;209001400;PERFIL BRCH U 12X6MM 1912;;SEPARADO;0,3;;;0,3;0;SEPARADO;0;000000;;;
01868001001;006533;210012800;ARR M10 DIN 125 BIC;;KANBAN;20;;;20;1,15;KANBAN;MX;000000;;;
01868001001;006533;30702002801;BARRA ROSCADA 6MM;;FALTA;2;;;2;24,125;FALTA;GW;14125/14126/014120;0;;
01868001001;006533;31601193601NE;BOTAO EMERGENCIA CARENAGEM 2NF;;RETIRADO;1;;;1;0;RETIRADO;SDMO  INDUSTRIES;000000;;;
01868001001;006533;31805000303;ABRACADEIRA CRON D17-27 AC;;SEPARADO;4;;;4;4,15;SEPARADO;REI DAS MANGUEIRAS;014113;0;;
01868001001;006533;31805005801;ABRACADEIRA ESCAP. MS 73-81;;SEPARADO;1;;;1;0;SEPARADO;0;000000;;;
01868001001;006533;31807001215;JUNTA DE VEDACAO D14XD18X1,5;;FÁBRICA;1;;;1;5;FÁBRICA;CENTRAL;014105;0;;
01868001001;006533;31807001223;JUNTA DE VEDACAO D18XD24X1,5;;FÁBRICA;1;;;1;6;FÁBRICA;CENTRAL;014105;0;;
01868001001;006533;31810002505;MANGUEIRA FLEXIVEL 12X19;;KANBAN;0,6;;;0,6;102,78;KANBAN;MX;000000;;;
01868001001;006533;31810006103;MANGUEIRA FLEXIVEL 16X26;;KANBAN;0,6;;;0,6;138,6;KANBAN;MX;000000;;;
01868001001;006533;60101001401;MOTOR PERKINS 1103A-33TG1;;SEPARADO;1;;;1;25322,58;SEPARADO;SOMOV S.A;014085;0;;
01868001001;006533;60201018801;GS WEG AW10 BR180S1-H MU F3;;SEPARADO;1;;;1;10554,29;SEPARADO;WEG EQUIPAMENTOS ELETRICOS S/A;014084;0;;
01868001001;006533;60305003201;RESIST. PREAQUEC. 1000W 220V;;SEPARADO;1;;;1;900;SEPARADO;SERVINTEL;014089;0;;
01868001001;006533;61401016249NE;CARENAGEM SMART I ;;SEPARADO;1;;;1;3377,5;SEPARADO;GW;14125/14126/014120;0;;
01868001001;006533;60501001601;TAMPA BOC ABAST TANCLIK  A101C;;SEPARADO;1;;;1;48;SEPARADO;ITULUB;014109;0;;
01868001001;006533;60501004708;FLANGE TQ POLI RETORNO;;SEPARADO;1;;;1;72,375;SEPARADO;GW;14125/14126/014120;0;;
01868001001;006533;60501004908;TRAVA FIX 450L;;SEPARADO;2;;;2;33,775;SEPARADO;GW;14125/14126/014120;0;;
01868001001;006533;60501005501;TQ COMB 180L POLIETILENO;;SEPARADO;1;;;1;1563,79;SEPARADO;ACCURATE MACHINE USINAGEM DE PRECISAO LTDA ME                                   ;014087;0;;
01868001001;006533;60501008608;CONTRA FLANGE TQ POLIETILENO;;SEPARADO;2;;;2;33,775;SEPARADO;GW;14125/14126/014120;0;;
01868001001;006533;60501010308;FLANGE TQ 200L POLI ABAST KVA;;SEPARADO;1;;;1;33,775;SEPARADO;GW;14125/14126/014120;0;;
01868001001;006533;60501010708;BOCAL ENCHIMENTO TQ TANCLICK;;SEPARADO;1;;;1;145;SEPARADO;AÇO FORT;000000;0;;
01868001001;006533;60702003501;BATERIA 12V 70AH 510CCA KONDOR;;SEPARADO;1;;;1;450;SEPARADO;JMS;014110;0;;
01868001001;006533;60702005608;SPT BAT 70AH SMART I;;SEPARADO;1;;;1;96,5;SEPARADO;GW;14125/14126/014120;0;;
01868001001;006533;60702006008;SPT FIX BAT 100AH SMART;;SEPARADO;1;;;1;91,675;SEPARADO;GW;14125/14126/014120;0;;
01868001001;006533;60901012816;SILENCIOSO 29DBA CRN KSE105;;SEPARADO;1;;;1;1363,04;SEPARADO;SCAPSUL;014119;0,065;;
01868001001;006533;60901024616;CURVA FLEX PK1103T KSE105 VS;;SEPARADO;1;;;1;964,54;SEPARADO;SCAPSUL EQUIPAMENTOS RODOVIARIOS LTDA;000000;;;
01868001001;006533;61101000501;SENSOR PR OLEO 3RHO 7704;;SEPARADO;1;;;1;209,6;SEPARADO;MX;014112;0;;
01868001001;006533;61101001301;SENS NV COMB ULTRAS K40LSR;;SEPARADO;1;;;1;441;SEPARADO;KVA;014111;0;;
01868001001;006533;61103000100;"BOIA MEC FV34-75-PP130 3/4""BSP";;SEPARADO;1;;;1;900;SEPARADO;SANTAE;014114;0,0325;;
01868001001;006533;61301014708;BASE SMART I PK;;SEPARADO;1;;;1;965;SEPARADO;GW;14125/14126/014120;0;;
01868001001;006533;61303000101;AMT VIBRA-STOP XT2000 M12;;SEPARADO;4;;;4;97,2;SEPARADO;VIBRA -STOP AMORTECEDORES DE VIBRACAO LTDA;000000;;;
01868001001;006533;61307015508;SPT MOT PK/FPT SMART I E II;;SEPARADO;1;;;1;241,25;SEPARADO;GW;14125/14126/014120;0;;
01868001001;006533;61307015608;SPT ALT WEG SMART I E II;;SEPARADO;1;;;1;241,25;SEPARADO;GW;14125/14126/014120;0;;
01868001001;006533;61402046608;FECH RAD SMART I PK1103A;;SEPARADO;1;;;1;731,47;SEPARADO;GW;14125/14126/014120;0;;
01868001001;006533;61405001101;BATENTE DE BORRACHA CONICO;;SEPARADO;3;;;3;5;SEPARADO;REI DAS MANGUEIRAS MAQUINAS E EQUIPAMENTOS LTDA-ME;000000;;;
01868001001;006533;61601008708;SPT ESQ QCF/QTA SMART I E II;;SEPARADO;1;;;1;33,775;SEPARADO;GW;14125/14126/014120;0;;
01868001001;006533;61601008808;SPT DIR QCF/QTA SMART I E II;;SEPARADO;1;;;1;33,775;SEPARADO;GW;14125/14126/014120;0;;
01868001001;006533;61635033549;TAMPA DJ MAN ABB QCF/QTA A0/A2;;SEPARADO;1;;;1;24,125;SEPARADO;GW;14125/14126/014120;0;;
01868001001;006533;61640008851;SPT DJ ABB A0/A2 QCF/QTA;;SEPARADO;1;;;1;33,775;SEPARADO;GW;14125/14126/014120;0;;
01868001001;006533;61647041101;DCM 3P FX 80A A0C TMF;;SEPARADO;1;;;1;152,8;SEPARADO;ABB;014123;0,065;;
01868001005;006533;61652004801;RL AUX 40A 12VCC DNI0102;;SEPARADO;2;;;2;5,86;SEPARADO;SNAP;014090;0;;
01868001005;006533;61653004801;TC SASSI 250-5A ST-42;;SEPARADO;3;;;3;91;SEPARADO;SASSI;014115;0,065;;
01868001005;006533;61656004001;CONT NF BOTAO ABB LINHA MCB;;SEPARADO;2;;;2;9,33;SEPARADO;ABB;014123;0,0975;;
01868001005;006533;61659003501;PROT PLC A0 QTA SMART ELETRONET;;SEPARADO;1;;;1;78,83870968;SEPARADO;EMPORIO DO ACRILICO;014124;0;;
01868001001;006533;61801002001;PF DIN912 M10X40 12.9 PT;;SEPARADO;12;;;12;5,58;SEPARADO;MULT TEMPERA COAT TECNOLOGIA EM TRATAMENTO TERMICO E REVESTIMENTOS SUPERFICIAIS;000000;;;
01868001001;006533;61801002101;"PF DIN912 3/8""UNFX1"" 12.9 PT";;SEPARADO;8;;;8;5,11;SEPARADO;MULT TEMPERA COAT TECNOLOGIA EM TRATAMENTO TERMICO E REVESTIMENTOS SUPERFICIAIS;000000;;;
01868001001;006533;61801002201;ARR M10 DIN 127 BIC;;KANBAN;20;;;20;0,85;KANBAN;CENTRAL;000000;0;;
01868001001;006533;61802000111;"BICO RM 1/2""NPT MANG 1/2"" BIC";;SEPARADO;2;;;2;28,5;SEPARADO;BULKS INDUSTRIA E COMERCIO LTDA;000000;;;
01868001001;006533;61802000311;BICO RM 1/2 POL.NPT FM16 MANG;;SEPARADO;1;;;1;57;SEPARADO;BULKS INDUSTRIA E COMERCIO LTDA;000000;;;
01868001001;006533;61802000422;COTOVELO MF 90 1 2NPT GALV;;FÁBRICA;1;;;1;8,34;FÁBRICA;CENTRAL;014105;0;;
01868001001;006533;61802000711;BICO RM 1/2 NPT MANG 3/8 BIC;;SEPARADO;1;;;1;13,62;SEPARADO;REI DAS MANGUEIRAS MAQUINAS E EQUIPAMENTOS LTDA-ME;000000;;;
01868001001;006533;61802001711;BICO RM 1/2NPT MANG 5/8 BIC;;SEPARADO;2;;;2;28,5;SEPARADO;BULKS INDUSTRIA E COMERCIO LTDA;000000;;;
01868001001;006533;61802002711;ADP M/M 1/2”NPT X 3/4UNF BIC;;SEPARADO;1;;;1;26,88;SEPARADO;BULKS;014088;0;;
01868001001;006533;61802002811;"BICO RM 1/4""NPT MANG 5/8"" BIC";;SEPARADO;1;;;1;18,23;SEPARADO;HITOCOM MATERIAIS TECNICOS E SERVICOS LTDA;000000;;;
01868001001;006533;61802002911;ADP M/F M18X1.5 X M14X1.5 BIC;;SEPARADO;1;;;1;26,88;SEPARADO;BULKS;014088;0;;
01868001001;006533;61802008111;ADP M RESP M22;;SEPARADO;1;;;1;190,69;SEPARADO;HITOCOM MATERIAIS TECNICOS E SERVICOS LTDA;000000;;;
01868001001;006533;61802014001;BICO RM 1/2 NPT MANG 5/16 BIC;;SEPARADO;1;;;1;26,88;SEPARADO;BULKS;014088;0;;
01868001001;006533;61805000222;ABRACADEIRA CRON D14-22 AC;;SEPARADO;2;;;2;4,15;SEPARADO;REI DAS MANGUEIRAS;014113;0;;
01868001001;006533;61807000301;ARR VED 10X16X1.5 AL;;SEPARADO;2;;;2;0;SEPARADO;0;000000;;;
01868001001;006533;61809000101;"VALV ESFERA F/F 1/2"" NPT";;SEPARADO;1;;;1;35,25;SEPARADO;HITOCOM MATERIAIS TECNICOS E SERVICOS LTDA;000000;;;
01868001001;006533;61809000301;"VALV ESF BORBOLETA F/F 1/2""NPT";;SEPARADO;1;;;1;62,82;SEPARADO;MX;014112;0;;
01868001005;006533;106001500;DJ 1P 10A CURVA C 10KA S201;;SEPARADO;1;;;1;27,95;SEPARADO;ABB;014123;0,065;;
01868001005;006533;106207600;POSTE FINAL USK-2G2;;SEPARADO;3;;;3;0;SEPARADO;0;000000;;;
01868001005;006533;104193600;SUPORTE IDENTIF P/ POSTE KLM-A;;SEPARADO;2;;;2;37,09;SEPARADO;0;000000;;;
01868001005;006533;107078500;CB COBRE NU 16MM2;;SEPARADO;0,5;;;0,5;10,2811;SEPARADO;COBREFLEX INDUSTRIA, DISTRIBUICAO E COMERCIO DE FIOS E CABOS EIRELI;000000;;;
01868001005;006533;204583100;PORTA DOCUMENTOS TASCO 71160;;SEPARADO;1;;;1;40,83;SEPARADO;TASCO;014108;0,0975;;
01868001005;006533;61640008749;TAMPA QTA USCA 5C CTZ;;SEPARADO;1;;;1;27,02;SEPARADO;GW;14125/14126/014120;0;;
01868001005;006533;106004400;DJ 3P 16A CURVA C 10KA S203;;SEPARADO;2;;;2;0;SEPARADO;ABB ELETRIFICACAO LTDA;000000;;;
01868001005;006533;61648042901;DJ 2P 10A SJ202 T-C10;;SEPARADO;1;;;1;35;SEPARADO;ABB ELETRIFICACAO LTDA;000000;;;
01868001005;006533;61652004801;RL AUX 40A 12VCC DNI0102;;SEPARADO;4;;;4;5,86;SEPARADO;SNAP;014090;0;;
01868001005;006533;61654001901;MOD IL4-AMF8;;SEPARADO;1;;;1;842,74;SEPARADO;SERVINTEL;014089;0;;
01868001005;006533;61655002601;CARREG BAT 12/24VCC KVA PRO;;SEPARADO;1;;;1;466,33;SEPARADO;KVA;014111;0;;
01868001005;006533;61656003801;SUPORTE MODULAR BOTAO ABB;;SEPARADO;1;;;1;5,55;SEPARADO;ABB;014123;0,0975;;
01868001005;006533;61656004001;CONT NF BOTAO ABB LINHA MCB;;SEPARADO;1;;;1;9,33;SEPARADO;ABB;014123;0,0975;;
01868001005;006533;61656004701;CABECOTE BOTAO EMERGENCIA ABB;;SEPARADO;1;;;1;40,97;SEPARADO;ABB;014123;0,0975;;
01868001005;006533;61656004801;ADESIVO PARADA DE EMERGENCIA;;SEPARADO;1;;;1;25,7;SEPARADO;APS COMPONENTES ELETRICOS S/A;000000;;;
01868001005;006533;61659003301;TERMO RETRATIL AZUL LARG 9MM;;SEPARADO;24,3;;;24,3;2,4971;SEPARADO;ESTOQUE;000000;0;;
01868001005;006533;61660001201;TER ISOL ANEL 16MM² M8;;SEPARADO;1;;;1;16,1;SEPARADO;ROMAR ACESSORIOS INDUSTRIAIS LTDA;000000;;;
01868001005;006533;61660001301;TER ISOL ANEL 16MM² M10;;SEPARADO;1;;;1;16,39;SEPARADO;ROMAR ACESSORIOS INDUSTRIAIS LTDA;000000;;;
01868001005;006533;61660005901;BORNE DUPLO PUSH IN 4MM DDP4;;SEPARADO;7;;;7;1,9;SEPARADO;PROAUTO;014121;0,0975;;
01868001005;006533;61660006101;BORNE PUSH IN DP2.5PG-XXP;;RETIRADO;1;;;1;7,42;RETIRADO;PROAUTO;014121;0,0975;;
01868001005;006533;61660006201;JUMPER BORNE DUP 4MM DSD01402N;;SEPARADO;1;;;1;2,01;SEPARADO;PROAUTO;014121;0,0975;;
01868001005;006533;61660006501;TAMPA P/ BORNE DUP 4MM DPP4C;;SEPARADO;2;;;2;1,38;SEPARADO;PROAUTO;014121;0,0975;;
01868001005;006533;61660006601;TAMPA P/ BORNE 4MM DPES2.5C;;FÁBRICA;1;;;1;2,06;FÁBRICA;PROAUTO;014121;0,0975;;
01868001008;006533;107045500;"BARRA COBRE 1"" X 5/16""";;SEPARADO;0,2;;;0,2;170,9516;SEPARADO;ESTOQUE;000000;0;;
01868001009;006533;105049200;INTTRV MEC CTTR VM19;;SEPARADO;1;;;1;92,68;SEPARADO;ABB;014123;0,0975;;
01868001009;006533;105049500;CTTR 3P 160A AF116 30-11-13;;SEPARADO;2;;;2;756,87;SEPARADO;ABB;014123;0,0325;;
01868001009;006533;106088800;DJ 3P 80A S283 C80;;SEPARADO;1;;;1;0;SEPARADO;0;000000;;;
01868001009;006533;107069800;CB COBRE 10MM2 BR 200ºC 152A;;SEPARADO;1;;;1;0;SEPARADO;CONDUMIX COMERCIO DE MATERIAL ELETRICO LTDA;000000;;;
01868001009;006533;107010900;CB COBRE 50MM2 0,6/1KV 90 C PT;;SEPARADO;0,75;;;0,75;70,95;SEPARADO;REMO ELETRICA LTDA;000000;;;
01868001009;006533;107069800;CB COBRE 10MM2 BR 200ºC 152A;;SEPARADO;5;;;5;0;SEPARADO;0;000000;;;
01868001009;006533;61646009401;PROT SURTOS FRONT V 460V 45KA;;SEPARADO;4;;;4;38,9792;SEPARADO;CLAMPER;014107;0,0975;;
01868001010;006533;209001400;PERFIL BRCH U 12X6MM 1912;;SEPARADO;0,5;;;0,5;0;SEPARADO;0;000000;;;
01868001010;006533;61405001201;DOBRADICA TASCO 91591;;SEPARADO;3;;;3;0;SEPARADO;GW;14125/14126/014120;0;;
01868001010;006533;61405002801;FECHO LINGUETA YALE;;SEPARADO;2;;;2;0;SEPARADO;GW;14125/14126/014120;0;;
01868001010;006533;61635033349;TAMPA PASS CB QD QCF/QTA;;SEPARADO;1;;;1;24,125;SEPARADO;GW;14125/14126/014120;0;;
01868001010;006533;61635033949;SPT TRILHO QCF/QTA;;SEPARADO;2;;;2;24,125;SEPARADO;GW;14125/14126/014120;0;;
01868001010;006533;61640008649;GABINETE QTA 800X600X200 CTZ;;SEPARADO;1;;;1;627,25;SEPARADO;GW;14125/14126/014120;0;;
01868001011;006533;104014500;TER COMP BOC EXPAND 25MM M8;;RETIRADO;4;;;4;0;RETIRADO;0;000000;;;
01868001011;006533;109013600;FITA ISOL 19MMX5M PT;;SEPARADO;1;;;1;0;SEPARADO;REI DAS MANGUEIRAS;000000;0;;
01868001011;006533;109013700;FITA ISOLANTE AUTOFUSAO - 19MMX5M PT;;SEPARADO;1;;;1;0;SEPARADO;REI DAS MANGUEIRAS;000000;0;;
01868001012;006533;101095500;MOD COMUNICACAO CM3-ETHERNET;;SEPARADO;1;;;1;995,11;SEPARADO;SERVINTEL;014089;0;;
01868101001;006556;101004800;SENSOR TEMP 12VCC;;SEPARADO;1;;;1;210,79;SEPARADO;POLIPECAS COMERCIAL E IMPORTADORA LTDA;000000;;;
01868101005;006556;104014500;TER COMP BOC EXPAND 25MM M8;;RETIRADO;8;;;8;0;RETIRADO;0;000000;;;
01868101005;006556;107069800;CB COBRE 10MM2 BR 200ºC 152A;;SEPARADO;2,8;;;2,8;0;SEPARADO;CONDUMIX COMERCIO DE MATERIAL ELETRICO LTDA;000000;;;
01868101005;006556;109092400;ISOLADOR CIL 16X30 MM M6;;SEPARADO;2;;;2;9,06;SEPARADO;MX MATERIAIS ELETRICOS LTDA;000000;;;
01868101001;006556;204229500;CALCO D106 X 9,53;;SEPARADO;4;;;2;33,775;SEPARADO;GW;14125/14126/014120;0;;
01868101001;006556;204576400;ADP M/F M10X1,5 X M10X1,0;;SEPARADO;1;;;1;14;SEPARADO;EVOLUCAO METALURGICA LTDA;000000;;;
01868101001;006556;209001400;PERFIL BRCH U 12X6MM 1912;;SEPARADO;0,3;;;0,3;0;SEPARADO;0;000000;;;
01868101001;006556;210012800;ARR M10 DIN 125 BIC;;KANBAN;20;;;20;1,15;KANBAN;MX;000000;;;
01868101001;006556;30702002801;BARRA ROSCADA 6MM;;FALTA;2;;;2;24,125;FALTA;GW;14125/14126/014120;0;;
01868101001;006556;31601193601NE;BOTAO EMERGENCIA CARENAGEM 2NF;;RETIRADO;1;;;1;0;RETIRADO;SDMO  INDUSTRIES;000000;;;
01868101001;006556;31805000303;ABRACADEIRA CRON D17-27 AC;;SEPARADO;4;;;4;4,15;SEPARADO;REI DAS MANGUEIRAS;014113;0;;
01868101001;006556;31805005801;ABRACADEIRA ESCAP. MS 73-81;;SEPARADO;1;;;1;0;SEPARADO;0;000000;;;
01868101001;006556;31807001215;JUNTA DE VEDACAO D14XD18X1,5;;FÁBRICA;1;;;1;5;FÁBRICA;CENTRAL;014105;0;;
01868101001;006556;31807001223;JUNTA DE VEDACAO D18XD24X1,5;;FÁBRICA;1;;;1;6;FÁBRICA;CENTRAL;014105;0;;
01868101001;006556;31810002505;MANGUEIRA FLEXIVEL 12X19;;KANBAN;0,6;;;0,6;102,78;KANBAN;MX;000000;;;
01868101001;006556;31810006103;MANGUEIRA FLEXIVEL 16X26;;KANBAN;0,6;;;0,6;138,6;KANBAN;MX;000000;;;
01868101001;006556;60101001401;MOTOR PERKINS 1103A-33TG1;;SEPARADO;1;;;1;25322,58;SEPARADO;SOMOV S.A;014085;0;;
01868101001;006556;60201018801;GS WEG AW10 BR180S1-H MU F3;;SEPARADO;1;;;1;10554,29;SEPARADO;WEG EQUIPAMENTOS ELETRICOS S/A;014084;0;;
01868101001;006556;60305003201;RESIST. PREAQUEC. 1000W 220V;;SEPARADO;1;;;1;900;SEPARADO;SERVINTEL;014089;0;;
01868101001;006556;60501001601;TAMPA BOC ABAST TANCLIK  A101C;;SEPARADO;1;;;1;48;SEPARADO;ITULUB;014109;0;;
01868101001;006556;60501004708;FLANGE TQ POLI RETORNO;;SEPARADO;1;;;1;72,375;SEPARADO;GW;14125/14126/014120;0;;
01868101001;006556;60501004908;TRAVA FIX 450L;;SEPARADO;2;;;2;33,775;SEPARADO;GW;14125/14126/014120;0;;
01868101001;006556;60501005501;TQ COMB 180L POLIETILENO;;SEPARADO;1;;;1;1563,79;SEPARADO;ACCURATE MACHINE USINAGEM DE PRECISAO LTDA ME                                   ;014087;0;;
01868101001;006556;60501008608;CONTRA FLANGE TQ POLIETILENO;;SEPARADO;2;;;2;33,775;SEPARADO;GW;14125/14126/014120;0;;
01868101001;006556;60501010308;FLANGE TQ 200L POLI ABAST KVA;;SEPARADO;1;;;1;33,775;SEPARADO;GW;14125/14126/014120;0;;
01868101001;006556;60501010708;BOCAL ENCHIMENTO TQ TANCLICK;;SEPARADO;1;;;1;145;SEPARADO;AÇO FORT;000000;0;;
01868101001;006556;60702003501;BATERIA 12V 70AH 510CCA KONDOR;;SEPARADO;1;;;1;450;SEPARADO;JMS;014110;0;;
01868101001;006556;60702005608;SPT BAT 70AH SMART I;;SEPARADO;1;;;1;96,5;SEPARADO;GW;14125/14126/014120;0;;
01868101001;006556;60702006008;SPT FIX BAT 100AH SMART;;SEPARADO;1;;;1;91,675;SEPARADO;GW;14125/14126/014120;0;;
01868101001;006556;61401016249NE;CARENAGEM SMART I ;;SEPARADO;1;;;1;3377,5;SEPARADO;GW;14125/14126/014120;0;;
01868101001;006556;60901012816;SILENCIOSO 29DBA CRN KSE105;;SEPARADO;1;;;1;1363,04;SEPARADO;SCAPSUL;014119;0,065;;
01868101001;006556;60901024616;CURVA FLEX PK1103T KSE105 VS;;SEPARADO;1;;;1;772,34;SEPARADO;SCAPSUL;014119;0,065;;
01868101001;006556;61101000501;SENSOR PR OLEO 3RHO 7704;;SEPARADO;1;;;1;209,6;SEPARADO;MX;014112;0;;
01868101001;006556;61101001301;SENS NV COMB ULTRAS K40LSR;;SEPARADO;1;;;1;441;SEPARADO;KVA;014111;0;;
01868101001;006556;61103000100;"BOIA MEC FV34-75-PP130 3/4""BSP";;SEPARADO;1;;;1;900;SEPARADO;SANTAE;014114;0,0325;;
01868101001;006556;61301014708;BASE SMART I PK;;SEPARADO;1;;;1;965;SEPARADO;GW;14125/14126/014120;0;;
01868101001;006556;61303000101;AMT VIBRA-STOP XT2000 M12;;SEPARADO;4;;;4;103,7;SEPARADO;VIBRA-STOP;014117;0;;
01868101001;006556;61307015508;SPT MOT PK/FPT SMART I E II;;SEPARADO;1;;;1;241,25;SEPARADO;GW;14125/14126/014120;0;;
01868101001;006556;61307015608;SPT ALT WEG SMART I E II;;SEPARADO;1;;;1;241,25;SEPARADO;GW;14125/14126/014120;0;;
01868101001;006556;61402046608;FECH RAD SMART I PK1103A;;SEPARADO;1;;;1;731,47;SEPARADO;GW;14125/14126/014120;0;;
01868101001;006556;61405001101;BATENTE DE BORRACHA CONICO;;SEPARADO;3;;;3;6,4;SEPARADO;ML;000000;0;;
01868101001;006556;61601008708;SPT ESQ QCF/QTA SMART I E II;;SEPARADO;1;;;1;33,775;SEPARADO;GW;14125/14126/014120;0;;
01868101001;006556;61601008808;SPT DIR QCF/QTA SMART I E II;;SEPARADO;1;;;1;33,775;SEPARADO;GW;14125/14126/014120;0;;
01868101001;006556;61635033549;TAMPA DJ MAN ABB QCF/QTA A0/A2;;SEPARADO;1;;;1;24,125;SEPARADO;GW;14125/14126/014120;0;;
01868101001;006556;61640008851;SPT DJ ABB A0/A2 QCF/QTA;;SEPARADO;1;;;1;33,775;SEPARADO;GW;14125/14126/014120;0;;
01868101005;006556;61647041501;DCM 3P FX 160A A2A TMF;;SEPARADO;1;;;1;313,24;SEPARADO;ABB;014123;0,065;;
01868101005;006556;61652004801;RL AUX 40A 12VCC DNI0102;;SEPARADO;2;;;2;5,86;SEPARADO;SNAP;014090;0;;
01868101005;006556;61653004801;TC SASSI 250-5A ST-42;;SEPARADO;3;;;3;91;SEPARADO;SASSI;014115;0,065;;
01868101005;006556;61656004001;CONT NF BOTAO ABB LINHA MCB;;SEPARADO;2;;;2;9,33;SEPARADO;ABB;014123;0,0975;;
01868101005;006556;61659003401;PROT PLC A2 QTA SMART ELETRONET;;SEPARADO;1;;;1;78,83870968;SEPARADO;EMPORIO DO ACRILICO;014124;0;;
01868101001;006556;61801002001;PF DIN912 M10X40 12.9 PT;;SEPARADO;12;;;12;5,58;SEPARADO;MULT TEMPERA COAT TECNOLOGIA EM TRATAMENTO TERMICO E REVESTIMENTOS SUPERFICIAIS;000000;;;
01868101001;006556;61801002101;"PF DIN912 3/8""UNFX1"" 12.9 PT";;SEPARADO;8;;;8;5,11;SEPARADO;MULT TEMPERA COAT TECNOLOGIA EM TRATAMENTO TERMICO E REVESTIMENTOS SUPERFICIAIS;000000;;;
01868101001;006556;61801002201;ARR M10 DIN 127 BIC;;KANBAN;20;;;20;0,85;KANBAN;CENTRAL;000000;0;;
01868101001;006556;61802000111;"BICO RM 1/2""NPT MANG 1/2"" BIC";;SEPARADO;2;;;2;28,5;SEPARADO;BULKS INDUSTRIA E COMERCIO LTDA;000000;;;
01868101001;006556;61802000311;BICO RM 1/2 POL.NPT FM16 MANG;;SEPARADO;1;;;1;57;SEPARADO;BULKS INDUSTRIA E COMERCIO LTDA;000000;;;
01868101001;006556;61802000422;COTOVELO MF 90 1 2NPT GALV;;FÁBRICA;1;;;1;8,34;FÁBRICA;CENTRAL;014105;0;;
01868101001;006556;61802000711;BICO RM 1/2 NPT MANG 3/8 BIC;;SEPARADO;1;;;1;13,62;SEPARADO;REI DAS MANGUEIRAS MAQUINAS E EQUIPAMENTOS LTDA-ME;000000;;;
01868101001;006556;61802001711;BICO RM 1/2NPT MANG 5/8 BIC;;SEPARADO;2;;;2;28,5;SEPARADO;BULKS INDUSTRIA E COMERCIO LTDA;000000;;;
01868101001;006556;61802002711;ADP M/M 1/2”NPT X 3/4UNF BIC;;SEPARADO;1;;;1;26,88;SEPARADO;BULKS;014088;0;;
01868101001;006556;61802002811;"BICO RM 1/4""NPT MANG 5/8"" BIC";;SEPARADO;1;;;1;18,23;SEPARADO;HITOCOM MATERIAIS TECNICOS E SERVICOS LTDA;000000;;;
01868101001;006556;61802002911;ADP M/F M18X1.5 X M14X1.5 BIC;;SEPARADO;1;;;1;26,88;SEPARADO;BULKS;014088;0;;
01868101001;006556;61802008111;ADP M RESP M22;;SEPARADO;1;;;1;190,69;SEPARADO;HITOCOM MATERIAIS TECNICOS E SERVICOS LTDA;000000;;;
01868101001;006556;61802014001;BICO RM 1/2 NPT MANG 5/16 BIC;;SEPARADO;1;;;1;26,88;SEPARADO;BULKS;014088;0;;
01868101001;006556;61805000222;ABRACADEIRA CRON D14-22 AC;;SEPARADO;2;;;2;4,15;SEPARADO;REI DAS MANGUEIRAS;014113;0;;
01868101001;006556;61807000301;ARR VED 10X16X1.5 AL;;SEPARADO;2;;;2;0;SEPARADO;0;000000;;;
01868101001;006556;61809000101;"VALV ESFERA F/F 1/2"" NPT";;SEPARADO;1;;;1;35,25;SEPARADO;HITOCOM MATERIAIS TECNICOS E SERVICOS LTDA;000000;;;
01868101001;006556;61809000301;"VALV ESF BORBOLETA F/F 1/2""NPT";;SEPARADO;1;;;1;62,82;SEPARADO;MX;014112;0;;
01868101005;006556;106001500;DJ 1P 10A CURVA C 10KA S201;;SEPARADO;1;;;1;27,95;SEPARADO;ABB;014123;0,065;;
01868101005;006556;106207600;POSTE FINAL USK-2G2;;SEPARADO;3;;;3;0;SEPARADO;0;000000;;;
01868101005;006556;104193600;SUPORTE IDENTIF P/ POSTE KLM-A;;SEPARADO;2;;;2;37,09;SEPARADO;0;000000;;;
01868101005;006556;107078500;CB COBRE NU 16MM2;;SEPARADO;0,5;;;0,5;10,2811;SEPARADO;COBREFLEX INDUSTRIA, DISTRIBUICAO E COMERCIO DE FIOS E CABOS EIRELI;000000;;;
01868101005;006556;204583100;PORTA DOCUMENTOS TASCO 71160;;SEPARADO;1;;;1;0;SEPARADO;0;000000;;;
01868101005;006556;61640008749;TAMPA QTA USCA 5C CTZ;;SEPARADO;1;;;1;27,02;SEPARADO;GW;14125/14126/014120;0;;
01868101005;006556;106004400;DJ 3P 16A CURVA C 10KA S203;;SEPARADO;2;;;2;0;SEPARADO;ABB ELETRIFICACAO LTDA;000000;;;
01868101005;006556;61648042901;DJ 2P 10A SJ202 T-C10;;SEPARADO;1;;;1;35;SEPARADO;ABB ELETRIFICACAO LTDA;000000;;;
01868101005;006556;61652004801;RL AUX 40A 12VCC DNI0102;;SEPARADO;4;;;4;5,86;SEPARADO;SNAP;014090;0;;
01868101005;006556;61654001901;MOD IL4-AMF8;;SEPARADO;1;;;1;842,74;SEPARADO;SERVINTEL;014089;0;;
01868101005;006556;61655002601;CARREG BAT 12/24VCC KVA PRO;;SEPARADO;1;;;1;466,33;SEPARADO;KVA;014111;0;;
01868101005;006556;61656003801;SUPORTE MODULAR BOTAO ABB;;SEPARADO;1;;;1;5,55;SEPARADO;ABB;014123;0,0975;;
01868101005;006556;61656004001;CONT NF BOTAO ABB LINHA MCB;;SEPARADO;1;;;1;9,33;SEPARADO;ABB;014123;0,0975;;
01868101005;006556;61656004701;CABECOTE BOTAO EMERGENCIA ABB;;SEPARADO;1;;;1;40,97;SEPARADO;ABB;014123;0,0975;;
01868101005;006556;61656004801;ADESIVO PARADA DE EMERGENCIA;;SEPARADO;1;;;1;25,7;SEPARADO;APS COMPONENTES ELETRICOS S/A;000000;;;
01868101005;006556;61659003301;TERMO RETRATIL AZUL LARG 9MM;;SEPARADO;24,3;;;24,3;2,4971;SEPARADO;ESTOQUE;000000;0;;
01868101005;006556;61660001201;TER ISOL ANEL 16MM² M8;;SEPARADO;1;;;1;16,1;SEPARADO;ROMAR ACESSORIOS INDUSTRIAIS LTDA;000000;;;
01868101005;006556;61660001301;TER ISOL ANEL 16MM² M10;;SEPARADO;1;;;1;16,39;SEPARADO;ROMAR ACESSORIOS INDUSTRIAIS LTDA;000000;;;
01868101005;006556;61660005901;BORNE DUPLO PUSH IN 4MM DDP4;;SEPARADO;7;;;7;1,9;SEPARADO;PROAUTO;014121;0,0975;;
01868101005;006556;61660006101;BORNE PUSH IN DP2.5PG-XXP;;RETIRADO;1;;;1;7,42;RETIRADO;PROAUTO;014121;0,0975;;
01868101005;006556;61660006201;JUMPER BORNE DUP 4MM DSD01402N;;SEPARADO;1;;;1;2,01;SEPARADO;PROAUTO;014121;0,0975;;
01868101005;006556;61660006501;TAMPA P/ BORNE DUP 4MM DPP4C;;SEPARADO;2;;;2;1,38;SEPARADO;PROAUTO;014121;0,0975;;
01868101005;006556;61660006601;TAMPA P/ BORNE 4MM DPES2.5C;;FÁBRICA;1;;;1;2,06;FÁBRICA;PROAUTO;014121;0,0975;;
01868101008;006556;107045500;"BARRA COBRE 1"" X 5/16""";;SEPARADO;0,2;;;0,2;170,9516;SEPARADO;ESTOQUE;000000;0;;
01868101009;006556;105049200;INTTRV MEC CTTR VM19;;SEPARADO;1;;;1;92,68;SEPARADO;ABB;014123;0,0975;;
01868101009;006556;105049500;CTTR 3P 160A AF116 30-11-13;;SEPARADO;2;;;2;756,87;SEPARADO;ABB;014123;0,0325;;
01868101009;006556;106088800;DJ 3P 80A S283 C80;;SEPARADO;1;;;1;0;SEPARADO;0;000000;;;
01868101009;006556;107069800;CB COBRE 10MM2 BR 200ºC 152A;;SEPARADO;1;;;1;0;SEPARADO;CONDUMIX COMERCIO DE MATERIAL ELETRICO LTDA;000000;;;
01868101009;006556;107010900;CB COBRE 50MM2 0,6/1KV 90 C PT;;SEPARADO;0,75;;;0,75;70,95;SEPARADO;REMO ELETRICA LTDA;000000;;;
01868101009;006556;107069800;CB COBRE 10MM2 BR 200ºC 152A;;SEPARADO;5;;;5;0;SEPARADO;0;000000;;;
01868101009;006556;61646009301;PROT SURTOS FRONT V 275V 45KA;;SEPARADO;4;;;4;28,6884;SEPARADO;CLAMPER;014107;0,0975;;
01868101010;006556;209001400;PERFIL BRCH U 12X6MM 1912;;SEPARADO;0,5;;;0,5;0;SEPARADO;0;000000;;;
01868101010;006556;61405001201;DOBRADICA TASCO 91591;;SEPARADO;3;;;3;0;SEPARADO;GW;14125/14126/014120;0;;
01868101010;006556;61405002801;FECHO LINGUETA YALE;;SEPARADO;2;;;2;0;SEPARADO;GW;14125/14126/014120;0;;
01868101010;006556;61635033349;TAMPA PASS CB QD QCF/QTA;;SEPARADO;1;;;1;24,125;SEPARADO;GW;14125/14126/014120;0;;
01868101010;006556;61635033949;SPT TRILHO QCF/QTA;;SEPARADO;2;;;2;24,125;SEPARADO;GW;14125/14126/014120;0;;
01868101010;006556;61640008649;GABINETE QTA 800X600X200 CTZ;;SEPARADO;1;;;1;627,25;SEPARADO;GW;14125/14126/014120;0;;
01868101011;006556;104014500;TER COMP BOC EXPAND 25MM M8;;RETIRADO;4;;;4;0;RETIRADO;0;000000;;;
01868101011;006556;109013600;FITA ISOL 19MMX5M PT;;SEPARADO;1;;;1;0;SEPARADO;REI DAS MANGUEIRAS;000000;0;;
01868101011;006556;109013700;FITA ISOLANTE AUTOFUSAO - 19MMX5M PT;;SEPARADO;1;;;1;0;SEPARADO;REI DAS MANGUEIRAS;000000;0;;
01868101012;006556;101095500;MOD COMUNICACAO CM3-ETHERNET;;SEPARADO;1;;;1;995,11;SEPARADO;SERVINTEL;014089;0;;
01868201005;006558;101004800;SENSOR TEMP 12VCC;;SEPARADO;1;;;1;210,79;SEPARADO;POLIPECAS COMERCIAL E IMPORTADORA LTDA;000000;;;
01868201005;006558;104016100;TER ISOL ANEL 6.70-10.00MM M8;;SEPARADO;8;;;8;0;SEPARADO;0;000000;;;
01868201005;006558;107069800;CB COBRE 10MM2 BR 200ºC 152A;;SEPARADO;2,8;;;2,8;53,25;SEPARADO;CONDUMIX COMERCIO DE MATERIAL ELETRICO LTDA;000000;;;
01868201005;006558;109092400;ISOLADOR CIL 16X30 MM M6;;SEPARADO;2;;;2;9,06;SEPARADO;MX MATERIAIS ELETRICOS LTDA;000000;;;
01868201001;006558;204229500;CALCO D106 X 9,53;;SEPARADO;4;;;4;33,775;SEPARADO;GW;14125/14126/014120;0;;
01868201001;006558;204576400;ADP M/F M10X1,5 X M10X1,0;;SEPARADO;1;;;1;14;SEPARADO;EVOLUCAO METALURGICA LTDA;000000;;;
01868201001;006558;209001400;PERFIL BRCH U 12X6MM 1912;;SEPARADO;0,3;;;0,3;0;SEPARADO;0;000000;;;
01868201001;006558;210012800;ARR M10 DIN 125 BIC;;KANBAN;20;;;20;1,15;KANBAN;MX;000000;;;
01868201001;006558;30702002801;BARRA ROSCADA 6MM;;FALTA;2;;;2;24,125;FALTA;GW;14125/14126/014120;0;;
01868201001;006558;31601193601NE;BOTAO EMERGENCIA CARENAGEM 2NF;;SEPARADO;1;;;1;8548,9321;SEPARADO;SDMO  INDUSTRIES;000000;;;
01868201001;006558;31805000303;ABRACADEIRA CRON D17-27 AC;;SEPARADO;4;;;4;4,15;SEPARADO;REI DAS MANGUEIRAS;014113;0;;
01868201001;006558;31805005801;ABRACADEIRA ESCAP. MS 73-81;;SEPARADO;1;;;1;28;SEPARADO;SCAPSUL;014119;0,065;;
01868201001;006558;31807001215;JUNTA DE VEDACAO D14XD18X1,5;;FÁBRICA;1;;;1;5;FÁBRICA;CENTRAL;014105;0;;
01868201001;006558;31807001223;JUNTA DE VEDACAO D18XD24X1,5;;FÁBRICA;1;;;1;6;FÁBRICA;CENTRAL;014105;0;;
01868201001;006558;31810002505;MANGUEIRA FLEXIVEL 12X19;;KANBAN;0,6;;;0,6;102,78;KANBAN;MX;000000;;;
01868201001;006558;31810006103;MANGUEIRA FLEXIVEL 16X26;;KANBAN;0,6;;;0,6;138,6;KANBAN;MX;000000;;;
01868201001;006558;60101001401;MOTOR PERKINS 1103A-33TG1;;SEPARADO;1;;;1;25322,58;SEPARADO;SOMOV S.A;014085;0;;
01868201001;006558;60201018801;GS WEG AW10 BR180S1-H MU F3;;SEPARADO;1;;;1;10554,29;SEPARADO;WEG EQUIPAMENTOS ELETRICOS S/A;014084;0;;
01868201001;006558;60305003201;RESIST. PREAQUEC. 1000W 220V;;SEPARADO;1;;;1;900;SEPARADO;SERVINTEL;014089;0;;
01868201001;006558;60501001601;TAMPA BOC ABAST TANCLIK  A101C;;SEPARADO;1;;;1;48;SEPARADO;ITULUB;014109;0;;
01868201001;006558;60501004708;FLANGE TQ POLI RETORNO;;SEPARADO;1;;;1;72,375;SEPARADO;GW;14125/14126/014120;0;;
01868201001;006558;60501004908;TRAVA FIX 450L;;SEPARADO;2;;;2;33,775;SEPARADO;GW;14125/14126/014120;0;;
01868201001;006558;60501005501;TQ COMB 180L POLIETILENO;;SEPARADO;1;;;1;1563,79;SEPARADO;ACCURATE MACHINE USINAGEM DE PRECISAO LTDA ME                                   ;014087;0;;
01868201001;006558;60501008608;CONTRA FLANGE TQ POLIETILENO;;SEPARADO;2;;;2;33,775;SEPARADO;GW;14125/14126/014120;0;;
01868201001;006558;60501010308;FLANGE TQ 200L POLI ABAST KVA;;SEPARADO;1;;;1;33,775;SEPARADO;GW;14125/14126/014120;0;;
01868201001;006558;60501010708;BOCAL ENCHIMENTO TQ TANCLICK;;SEPARADO;1;;;1;145;SEPARADO;AÇO FORT;000000;0;;
01868201001;006558;60702003501;BATERIA 12V 70AH 510CCA KONDOR;;SEPARADO;1;;;1;450;SEPARADO;JMS;014110;0;;
01868201001;006558;60702005608;SPT BAT 70AH SMART I;;SEPARADO;1;;;1;96,5;SEPARADO;GW;14125/14126/014120;0;;
01868201001;006558;60702006008;SPT FIX BAT 100AH SMART;;SEPARADO;1;;;1;91,675;SEPARADO;GW;14125/14126/014120;0;;
01868201001;006558;61401016249NE;CARENAGEM SMART I ;;SEPARADO;1;;;1;3377,5;SEPARADO;GW;14125/14126/014120;0;;
01868201001;006558;60901012816;SILENCIOSO 29DBA CRN KSE105;;SEPARADO;1;;;1;1363,04;SEPARADO;SCAPSUL;014119;0,065;;
01868201001;006558;60901024616;CURVA FLEX PK1103T KSE105 VS;;SEPARADO;1;;;1;772,34;SEPARADO;SCAPSUL;014119;0,065;;
01868201001;006558;61101000501;SENSOR PR OLEO 3RHO 7704;;SEPARADO;1;;;1;209,6;SEPARADO;MX;014112;0;;
01868201001;006558;61101001301;SENS NV COMB ULTRAS K40LSR;;SEPARADO;1;;;1;441;SEPARADO;KVA;014111;0;;
01868201001;006558;61103000100;"BOIA MEC FV34-75-PP130 3/4""BSP";;SEPARADO;1;;;1;900;SEPARADO;SANTAE;014114;0,0325;;
01868201001;006558;61301014708;BASE SMART I PK;;SEPARADO;1;;;1;965;SEPARADO;GW;14125/14126/014120;0;;
01868201001;006558;61303000101;AMT VIBRA-STOP XT2000 M12;;SEPARADO;4;;;4;103,7;SEPARADO;VIBRA-STOP;014117;0;;
01868201001;006558;61307015508;SPT MOT PK/FPT SMART I E II;;SEPARADO;1;;;1;241,25;SEPARADO;GW;14125/14126/014120;0;;
01868201001;006558;61307015608;SPT ALT WEG SMART I E II;;SEPARADO;1;;;1;241,25;SEPARADO;GW;14125/14126/014120;0;;
01868201001;006558;61402046608;FECH RAD SMART I PK1103A;;SEPARADO;1;;;1;731,47;SEPARADO;GW;14125/14126/014120;0;;
01868201001;006558;61405001101;BATENTE DE BORRACHA CONICO;;SEPARADO;3;;;3;6,4;SEPARADO;ML;000000;0;;
01868201001;006558;61601008708;SPT ESQ QCF/QTA SMART I E II;;SEPARADO;1;;;1;33,775;SEPARADO;GW;14125/14126/014120;0;;
01868201001;006558;61601008808;SPT DIR QCF/QTA SMART I E II;;SEPARADO;1;;;1;33,775;SEPARADO;GW;14125/14126/014120;0;;
01868201001;006558;61635033549;TAMPA DJ MAN ABB QCF/QTA A0/A2;;SEPARADO;1;;;1;24,125;SEPARADO;GW;14125/14126/014120;0;;
01868201001;006558;61640008851;SPT DJ ABB A0/A2 QCF/QTA;;SEPARADO;1;;;1;33,775;SEPARADO;GW;14125/14126/014120;0;;
01868201005;006558;61647041501;DCM 3P FX 160A A2A TMF;;SEPARADO;1;;;1;313,24;SEPARADO;ABB;014123;0,065;;
01868201005;006558;61652004801;RL AUX 40A 12VCC DNI0102;;SEPARADO;2;;;2;5,86;SEPARADO;SNAP;014090;0;;
01868201005;006558;61653004801;TC SASSI 250-5A ST-42;;SEPARADO;3;;;3;91;SEPARADO;SASSI;014115;0,065;;
01868201005;006558;61656004001;CONT NF BOTAO ABB LINHA MCB;;SEPARADO;2;;;2;9,33;SEPARADO;ABB;014123;0,0975;;
01868201005;006558;61659003401;PROT PLC A2 QTA SMART ELETRONET;;SEPARADO;1;;;1;78,83870968;SEPARADO;EMPORIO DO ACRILICO;014124;0;;
01868201001;006558;61801002001;PF DIN912 M10X40 12.9 PT;;SEPARADO;12;;;12;5,58;SEPARADO;MULT TEMPERA COAT TECNOLOGIA EM TRATAMENTO TERMICO E REVESTIMENTOS SUPERFICIAIS;000000;;;
01868201001;006558;61801002101;"PF DIN912 3/8""UNFX1"" 12.9 PT";;SEPARADO;8;;;8;5,11;SEPARADO;MULT TEMPERA COAT TECNOLOGIA EM TRATAMENTO TERMICO E REVESTIMENTOS SUPERFICIAIS;000000;;;
01868201001;006558;61801002201;ARR M10 DIN 127 BIC;;KANBAN;20;;;20;0,85;KANBAN;CENTRAL;000000;0;;
01868201001;006558;61802000111;"BICO RM 1/2""NPT MANG 1/2"" BIC";;SEPARADO;2;;;2;28,5;SEPARADO;BULKS INDUSTRIA E COMERCIO LTDA;000000;;;
01868201001;006558;61802000311;BICO RM 1/2 POL.NPT FM16 MANG;;SEPARADO;1;;;1;26,88;SEPARADO;BULKS;014088;0;;
01868201001;006558;61802000422;COTOVELO MF 90 1 2NPT GALV;;FÁBRICA;1;;;1;8,34;FÁBRICA;CENTRAL;014105;0;;
01868201001;006558;61802000711;BICO RM 1/2 NPT MANG 3/8 BIC;;SEPARADO;1;;;1;26,88;SEPARADO;BULKS;014088;0;;
01868201001;006558;61802001711;BICO RM 1/2NPT MANG 5/8 BIC;;SEPARADO;2;;;2;26,88;SEPARADO;BULKS;014088;0;;
01868201001;006558;61802002711;ADP M/M 1/2”NPT X 3/4UNF BIC;;SEPARADO;1;;;1;26,88;SEPARADO;BULKS;014088;0;;
01868201001;006558;61802002811;"BICO RM 1/4""NPT MANG 5/8"" BIC";;SEPARADO;1;;;1;18,23;SEPARADO;HITOCOM MATERIAIS TECNICOS E SERVICOS LTDA;000000;;;
01868201001;006558;61802002911;ADP M/F M18X1.5 X M14X1.5 BIC;;SEPARADO;1;;;1;26,88;SEPARADO;BULKS;014088;0;;
01868201001;006558;61802008111;ADP M RESP M22;;SEPARADO;1;;;1;190,69;SEPARADO;HITOCOM MATERIAIS TECNICOS E SERVICOS LTDA;000000;;;
01868201001;006558;61802014001;BICO RM 1/2 NPT MANG 5/16 BIC;;SEPARADO;1;;;1;26,88;SEPARADO;BULKS;014088;0;;
01868201001;006558;61805000222;ABRACADEIRA CRON D14-22 AC;;SEPARADO;2;;;2;4,15;SEPARADO;REI DAS MANGUEIRAS;014113;0;;
01868201001;006558;61807000301;ARR VED 10X16X1.5 AL;;SEPARADO;2;;;2;0;SEPARADO;0;000000;;;
01868201001;006558;61809000101;"VALV ESFERA F/F 1/2"" NPT";;SEPARADO;1;;;1;35,25;SEPARADO;HITOCOM MATERIAIS TECNICOS E SERVICOS LTDA;000000;;;
01868201001;006558;61809000301;"VALV ESF BORBOLETA F/F 1/2""NPT";;SEPARADO;1;;;1;62,82;SEPARADO;MX;014112;0;;
01868201005;006558;106001500;DJ 1P 10A CURVA C 10KA S201;;SEPARADO;1;;;1;27,95;SEPARADO;ABB;014123;0,065;;
01868201005;006558;106207600;POSTE FINAL USK-2G2;;SEPARADO;3;;;3;0;SEPARADO;0;000000;;;
01868201005;006558;104193600;SUPORTE IDENTIF P/ POSTE KLM-A;;SEPARADO;2;;;2;0;SEPARADO;0;000000;;;
01868201005;006558;107078500;CB COBRE NU 16MM2;;SEPARADO;0,5;;;0,5;10,2811;SEPARADO;COBREFLEX INDUSTRIA, DISTRIBUICAO E COMERCIO DE FIOS E CABOS EIRELI;000000;;;
01868201005;006558;204583100;PORTA DOCUMENTOS TASCO 71160;;SEPARADO;1;;;1;40,83;SEPARADO;TASCO;014108;0,0975;;
01868201005;006558;61640008749;TAMPA QTA USCA 5C CTZ;;SEPARADO;1;;;1;27,02;SEPARADO;GW;14125/14126/014120;0;;
01868201005;006558;106004400;DJ 3P 16A CURVA C 10KA S203;;SEPARADO;2;;;2;48,61;SEPARADO;ABB ELETRIFICACAO LTDA;000000;;;
01868201005;006558;61648042901;DJ 2P 10A SJ202 T-C10;;SEPARADO;1;;;1;35;SEPARADO;ABB ELETRIFICACAO LTDA;000000;;;
01868201005;006558;61652004801;RL AUX 40A 12VCC DNI0102;;SEPARADO;4;;;4;5,86;SEPARADO;SNAP;014090;0;;
01868201005;006558;61654001901;MOD IL4-AMF8;;SEPARADO;1;;;1;842,74;SEPARADO;SERVINTEL;014089;0;;
01868201005;006558;61655002601;CARREG BAT 12/24VCC KVA PRO;;SEPARADO;1;;;1;466,33;SEPARADO;KVA;014111;0;;
01868201005;006558;61656003801;SUPORTE MODULAR BOTAO ABB;;SEPARADO;1;;;1;5,55;SEPARADO;ABB;014123;0,0975;;
01868201005;006558;61656004001;CONT NF BOTAO ABB LINHA MCB;;SEPARADO;1;;;1;9,33;SEPARADO;ABB;014123;0,0975;;
01868201005;006558;61656004701;CABECOTE BOTAO EMERGENCIA ABB;;SEPARADO;1;;;1;40,97;SEPARADO;ABB;014123;0,0975;;
01868201005;006558;61656004801;ADESIVO PARADA DE EMERGENCIA;;FÁBRICA;1;;;1;25,7;FÁBRICA;APS COMPONENTES ELETRICOS S/A;000000;;;
01868201005;006558;61659003301;TERMO RETRATIL AZUL LARG 9MM;;SEPARADO;24,3;;;24,3;2,4971;SEPARADO;ESTOQUE;000000;0;;
01868201005;006558;61660001201;TER ISOL ANEL 16MM² M8;;SEPARADO;1;;;1;16,1;SEPARADO;ROMAR ACESSORIOS INDUSTRIAIS LTDA;000000;;;
01868201005;006558;61660001301;TER ISOL ANEL 16MM² M10;;SEPARADO;1;;;1;16,39;SEPARADO;ROMAR ACESSORIOS INDUSTRIAIS LTDA;000000;;;
01868201005;006558;61660005901;BORNE DUPLO PUSH IN 4MM DDP4;;SEPARADO;7;;;7;1,9;SEPARADO;PROAUTO;014121;0,0975;;
01868201005;006558;61660006101;BORNE PUSH IN DP2.5PG-XXP;;RETIRADO;1;;;1;7,42;RETIRADO;PROAUTO;014121;0,0975;;
01868201005;006558;61660006201;JUMPER BORNE DUP 4MM DSD01402N;;SEPARADO;1;;;1;2,01;SEPARADO;PROAUTO;014121;0,0975;;
01868201005;006558;61660006501;TAMPA P/ BORNE DUP 4MM DPP4C;;SEPARADO;2;;;2;1,38;SEPARADO;PROAUTO;014121;0,0975;;
01868201005;006558;61660006601;TAMPA P/ BORNE 4MM DPES2.5C;;FÁBRICA;1;;;1;2,06;FÁBRICA;PROAUTO;014121;0,0975;;
01868201008;006558;107045500;"BARRA COBRE 1"" X 5/16""";;SEPARADO;0,2;;;0,2;170,9516;SEPARADO;ESTOQUE;000000;0;;
01868201009;006558;105049200;INTTRV MEC CTTR VM19;;SEPARADO;1;;;1;92,68;SEPARADO;ABB;014123;0,0975;;
01868201009;006558;105049500;CTTR 3P 160A AF116 30-11-13;;SEPARADO;2;;;2;756,87;SEPARADO;ABB;014123;0,0325;;
01868201009;006558;106088800;DJ 3P 80A S283 C80;;SEPARADO;1;;;1;0;SEPARADO;0;000000;;;
01868201009;006558;107069800;CB COBRE 10MM2 BR 200ºC 152A;;SEPARADO;1;;;1;53,25;SEPARADO;CONDUMIX COMERCIO DE MATERIAL ELETRICO LTDA;000000;;;
01868201009;006558;107010900;CB COBRE 50MM2 0,6/1KV 90 C PT;;SEPARADO;0,75;;;0,75;70,95;SEPARADO;REMO ELETRICA LTDA;000000;;;
01868201009;006558;107069800;CB COBRE 10MM2 BR 200ºC 152A;;SEPARADO;5;;;5;0;SEPARADO;0;000000;;;
01868201009;006558;61646009301;PROT SURTOS FRONT V 275V 45KA;;SEPARADO;4;;;4;28,6884;SEPARADO;CLAMPER;014107;0,0975;;
01868201010;006558;209001400;PERFIL BRCH U 12X6MM 1912;;SEPARADO;0,5;;;0,5;0;SEPARADO;0;000000;;;
01868201010;006558;61405001201;DOBRADICA TASCO 91591;;SEPARADO;3;;;3;0;SEPARADO;GW;14125/14126/014120;0;;
01868201010;006558;61405002801;FECHO LINGUETA YALE;;SEPARADO;2;;;2;0;SEPARADO;GW;14125/14126/014120;0;;
01868201010;006558;61635033349;TAMPA PASS CB QD QCF/QTA;;SEPARADO;1;;;1;24,125;SEPARADO;GW;14125/14126/014120;0;;
01868201010;006558;61635033949;SPT TRILHO QCF/QTA;;SEPARADO;2;;;2;24,125;SEPARADO;GW;14125/14126/014120;0;;
01868201010;006558;61640008649;GABINETE QTA 800X600X200 CTZ;;SEPARADO;1;;;1;627,25;SEPARADO;GW;14125/14126/014120;0;;
01868201011;006558;104016100;TER ISOL ANEL 6.70-10.00MM M8;;SEPARADO;4;;;4;0;SEPARADO;0;000000;;;
01868201011;006558;109013600;FITA ISOL 19MMX5M PT;;SEPARADO;1;;;1;0;SEPARADO;REI DAS MANGUEIRAS;000000;0;;
01868201011;006558;109013700;FITA ISOLANTE AUTOFUSAO - 19MMX5M PT;;SEPARADO;1;;;1;0;SEPARADO;REI DAS MANGUEIRAS;000000;0;;
01868201012;006558;101095500;MOD COMUNICACAO CM3-ETHERNET;;SEPARADO;1;;;1;995,11;SEPARADO;SERVINTEL;014089;0;;
01868301001;006560;101004800;SENSOR TEMP 12VCC;;SEPARADO;1;;;1;210,79;SEPARADO;POLIPECAS COMERCIAL E IMPORTADORA LTDA;000000;;;
01868301005;006560;104016100;TER ISOL ANEL 6.70-10.00MM M8;;SEPARADO;8;;;8;0;SEPARADO;0;000000;;;
01868301005;006560;107069800;CB COBRE 10MM2 BR 200ºC 152A;;SEPARADO;2,8;;;2,8;53,25;SEPARADO;CONDUMIX COMERCIO DE MATERIAL ELETRICO LTDA;000000;;;
01868301005;006560;109092400;ISOLADOR CIL 16X30 MM M6;;SEPARADO;2;;;2;9,06;SEPARADO;MX MATERIAIS ELETRICOS LTDA;000000;;;
01868301001;006560;204229500;CALCO D106 X 9,53;;SEPARADO;4;;;4;33,775;SEPARADO;GW;14125/14126/014120;0;;
01868301001;006560;204576400;ADP M/F M10X1,5 X M10X1,0;;SEPARADO;1;;;1;14;SEPARADO;EVOLUCAO METALURGICA LTDA;000000;;;
01868301001;006560;209001400;PERFIL BRCH U 12X6MM 1912;;SEPARADO;0,3;;;0,3;0;SEPARADO;0;000000;;;
01868301001;006560;210012800;ARR M10 DIN 125 BIC;;KANBAN;20;;;20;1,15;KANBAN;MX;000000;;;
01868301001;006560;30702002801;BARRA ROSCADA 6MM;;FALTA;2;;;2;24,125;FALTA;GW;14125/14126/014120;0;;
01868301001;006560;31601193601NE;BOTAO EMERGENCIA CARENAGEM 2NF;;SEPARADO;1;;;1;8548,9321;SEPARADO;SDMO  INDUSTRIES;000000;;;
01868301001;006560;31805000303;ABRACADEIRA CRON D17-27 AC;;SEPARADO;4;;;4;4,15;SEPARADO;REI DAS MANGUEIRAS;014113;0;;
01868301001;006560;31805005801;ABRACADEIRA ESCAP. MS 73-81;;SEPARADO;1;;;1;28;SEPARADO;SCAPSUL;014119;0,065;;
01868301001;006560;31807001215;JUNTA DE VEDACAO D14XD18X1,5;;FÁBRICA;1;;;1;5;FÁBRICA;CENTRAL;014105;0;;
01868301001;006560;31807001223;JUNTA DE VEDACAO D18XD24X1,5;;FÁBRICA;1;;;1;6;FÁBRICA;CENTRAL;014105;0;;
01868301001;006560;31810002505;MANGUEIRA FLEXIVEL 12X19;;KANBAN;0,6;;;0,6;102,78;KANBAN;MX;000000;;;
01868301001;006560;31810006103;MANGUEIRA FLEXIVEL 16X26;;KANBAN;0,6;;;0,6;138,6;KANBAN;MX;000000;;;
01868301001;006560;60101001401;MOTOR PERKINS 1103A-33TG1;;SEPARADO;1;;;1;25322,58;SEPARADO;SOMOV S.A;014085;0;;
01868301001;006560;60201018801;GS WEG AW10 BR180S1-H MU F3;;SEPARADO;1;;;1;10554,29;SEPARADO;WEG EQUIPAMENTOS ELETRICOS S/A;014084;0;;
01868301001;006560;60305003201;RESIST. PREAQUEC. 1000W 220V;;SEPARADO;1;;;1;900;SEPARADO;SERVINTEL;014089;0;;
01868301001;006560;60501001601;TAMPA BOC ABAST TANCLIK  A101C;;SEPARADO;1;;;1;48;SEPARADO;ITULUB;014109;0;;
01868301001;006560;60501004708;FLANGE TQ POLI RETORNO;;SEPARADO;1;;;1;72,375;SEPARADO;GW;14125/14126/014120;0;;
01868301001;006560;60501004908;TRAVA FIX 450L;;SEPARADO;2;;;2;33,775;SEPARADO;GW;14125/14126/014120;0;;
01868301001;006560;60501005501;TQ COMB 180L POLIETILENO;;SEPARADO;1;;;1;1563,79;SEPARADO;ACCURATE MACHINE USINAGEM DE PRECISAO LTDA ME                                   ;014087;0;;
01868301001;006560;60501008608;CONTRA FLANGE TQ POLIETILENO;;SEPARADO;2;;;2;33,775;SEPARADO;GW;14125/14126/014120;0;;
01868301001;006560;60501010308;FLANGE TQ 200L POLI ABAST KVA;;SEPARADO;1;;;1;33,775;SEPARADO;GW;14125/14126/014120;0;;
01868301001;006560;60501010708;BOCAL ENCHIMENTO TQ TANCLICK;;SEPARADO;1;;;1;145;SEPARADO;AÇO FORT;000000;0;;
01868301001;006560;60702003501;BATERIA 12V 70AH 510CCA KONDOR;;SEPARADO;1;;;1;450;SEPARADO;JMS;014110;0;;
01868301001;006560;60702005608;SPT BAT 70AH SMART I;;SEPARADO;1;;;1;96,5;SEPARADO;GW;14125/14126/014120;0;;
01868301001;006560;60702006008;SPT FIX BAT 100AH SMART;;SEPARADO;1;;;1;91,675;SEPARADO;GW;14125/14126/014120;0;;
01868301001;006560;61401016249NE;CARENAGEM SMART I ;;SEPARADO;1;;;1;3377,5;SEPARADO;GW;14125/14126/014120;0;;
01868301001;006560;60901012816;SILENCIOSO 29DBA CRN KSE105;;SEPARADO;1;;;1;1363,04;SEPARADO;SCAPSUL;014119;0,065;;
01868301001;006560;60901024616;CURVA FLEX PK1103T KSE105 VS;;SEPARADO;1;;;1;772,34;SEPARADO;SCAPSUL;014119;0,065;;
01868301001;006560;61101000501;SENSOR PR OLEO 3RHO 7704;;SEPARADO;1;;;1;209,6;SEPARADO;MX;014112;0;;
01868301001;006560;61101001301;SENS NV COMB ULTRAS K40LSR;;SEPARADO;1;;;1;441;SEPARADO;KVA;014111;0;;
01868301001;006560;61103000100;"BOIA MEC FV34-75-PP130 3/4""BSP";;SEPARADO;1;;;1;900;SEPARADO;SANTAE;014114;0,0325;;
01868301001;006560;61301014708;BASE SMART I PK;;SEPARADO;1;;;1;965;SEPARADO;GW;14125/14126/014120;0;;
01868301001;006560;61303000101;AMT VIBRA-STOP XT2000 M12;;SEPARADO;4;;;4;103,7;SEPARADO;VIBRA-STOP;014117;0;;
01868301001;006560;61307015508;SPT MOT PK/FPT SMART I E II;;SEPARADO;1;;;1;241,25;SEPARADO;GW;14125/14126/014120;0;;
01868301001;006560;61307015608;SPT ALT WEG SMART I E II;;SEPARADO;1;;;1;241,25;SEPARADO;GW;14125/14126/014120;0;;
01868301001;006560;61402046608;FECH RAD SMART I PK1103A;;SEPARADO;1;;;1;731,47;SEPARADO;GW;14125/14126/014120;0;;
01868301001;006560;61405001101;BATENTE DE BORRACHA CONICO;;SEPARADO;3;;;3;6,4;SEPARADO;ML;000000;0;;
01868301001;006560;61601008708;SPT ESQ QCF/QTA SMART I E II;;SEPARADO;1;;;1;33,775;SEPARADO;GW;14125/14126/014120;0;;
01868301001;006560;61601008808;SPT DIR QCF/QTA SMART I E II;;SEPARADO;1;;;1;33,775;SEPARADO;GW;14125/14126/014120;0;;
01868301005;006560;61635033549;TAMPA DJ MAN ABB QCF/QTA A0/A2;;SEPARADO;1;;;1;24,125;SEPARADO;GW;14125/14126/014120;0;;
01868301001;006560;61640008851;SPT DJ ABB A0/A2 QCF/QTA;;SEPARADO;1;;;1;33,775;SEPARADO;GW;14125/14126/014120;0;;
01868301005;006560;61647041501;DCM 3P FX 160A A2A TMF;;SEPARADO;1;;;1;313,24;SEPARADO;ABB;014123;0,065;;
01868301005;006560;61652004801;RL AUX 40A 12VCC DNI0102;;SEPARADO;2;;;2;5,86;SEPARADO;SNAP;014090;0;;
01868301005;006560;61653004801;TC SASSI 250-5A ST-42;;SEPARADO;3;;;3;91;SEPARADO;SASSI;014115;0,065;;
01868301005;006560;61656004001;CONT NF BOTAO ABB LINHA MCB;;SEPARADO;2;;;2;9,33;SEPARADO;ABB;014123;0,0975;;
01868301005;006560;61659003401;PROT PLC A2 QTA SMART ELETRONET;;SEPARADO;1;;;1;78,83870968;SEPARADO;EMPORIO DO ACRILICO;014124;0;;
01868301001;006560;61801002001;PF DIN912 M10X40 12.9 PT;;SEPARADO;12;;;12;5,58;SEPARADO;MULT TEMPERA COAT TECNOLOGIA EM TRATAMENTO TERMICO E REVESTIMENTOS SUPERFICIAIS;000000;;;
01868301001;006560;61801002101;"PF DIN912 3/8""UNFX1"" 12.9 PT";;SEPARADO;8;;;8;5,11;SEPARADO;MULT TEMPERA COAT TECNOLOGIA EM TRATAMENTO TERMICO E REVESTIMENTOS SUPERFICIAIS;000000;;;
01868301001;006560;61801002201;ARR M10 DIN 127 BIC;;KANBAN;20;;;20;0,85;KANBAN;CENTRAL;000000;0;;
01868301001;006560;61802000111;"BICO RM 1/2""NPT MANG 1/2"" BIC";;SEPARADO;2;;;2;28,5;SEPARADO;BULKS INDUSTRIA E COMERCIO LTDA;000000;;;
01868301001;006560;61802000311;BICO RM 1/2 POL.NPT FM16 MANG;;SEPARADO;1;;;1;26,88;SEPARADO;BULKS;014088;0;;
01868301001;006560;61802000422;COTOVELO MF 90 1 2NPT GALV;;FÁBRICA;1;;;1;8,34;FÁBRICA;CENTRAL;014105;0;;
01868301001;006560;61802000711;BICO RM 1/2 NPT MANG 3/8 BIC;;SEPARADO;1;;;1;26,88;SEPARADO;BULKS;014088;0;;
01868301001;006560;61802001711;BICO RM 1/2NPT MANG 5/8 BIC;;SEPARADO;2;;;2;26,88;SEPARADO;BULKS;014088;0;;
01868301001;006560;61802002711;ADP M/M 1/2”NPT X 3/4UNF BIC;;SEPARADO;1;;;1;26,88;SEPARADO;BULKS;014088;0;;
01868301001;006560;61802002811;"BICO RM 1/4""NPT MANG 5/8"" BIC";;SEPARADO;1;;;1;18,23;SEPARADO;HITOCOM MATERIAIS TECNICOS E SERVICOS LTDA;000000;;;
01868301001;006560;61802002911;ADP M/F M18X1.5 X M14X1.5 BIC;;SEPARADO;1;;;1;26,88;SEPARADO;BULKS;014088;0;;
01868301001;006560;61802008111;ADP M RESP M22;;SEPARADO;1;;;1;190,69;SEPARADO;HITOCOM MATERIAIS TECNICOS E SERVICOS LTDA;000000;;;
01868301001;006560;61802014001;BICO RM 1/2 NPT MANG 5/16 BIC;;SEPARADO;1;;;1;26,88;SEPARADO;BULKS;014088;0;;
01868301001;006560;61805000222;ABRACADEIRA CRON D14-22 AC;;SEPARADO;2;;;2;4,15;SEPARADO;REI DAS MANGUEIRAS;014113;0;;
01868301001;006560;61807000301;ARR VED 10X16X1.5 AL;;SEPARADO;2;;;2;0;SEPARADO;0;000000;;;
01868301001;006560;61809000101;"VALV ESFERA F/F 1/2"" NPT";;SEPARADO;1;;;1;35,25;SEPARADO;HITOCOM MATERIAIS TECNICOS E SERVICOS LTDA;000000;;;
01868301001;006560;61809000301;"VALV ESF BORBOLETA F/F 1/2""NPT";;SEPARADO;1;;;1;62,82;SEPARADO;MX;014112;0;;
01868301005;006560;106001500;DJ 1P 10A CURVA C 10KA S201;;SEPARADO;1;;;1;27,95;SEPARADO;ABB;014123;0,065;;
01868301005;006560;106207600;POSTE FINAL USK-2G2;;SEPARADO;3;;;3;0;SEPARADO;0;000000;;;
01868301005;006560;104193600;SUPORTE IDENTIF P/ POSTE KLM-A;;SEPARADO;2;;;2;0;SEPARADO;0;000000;;;
01868301005;006560;107078500;CB COBRE NU 16MM2;;SEPARADO;0,5;;;0,5;10,2811;SEPARADO;COBREFLEX INDUSTRIA, DISTRIBUICAO E COMERCIO DE FIOS E CABOS EIRELI;000000;;;
01868301005;006560;204583100;PORTA DOCUMENTOS TASCO 71160;;SEPARADO;1;;;1;40,83;SEPARADO;TASCO;014108;0,0975;;
01868301005;006560;61640008749;TAMPA QTA USCA 5C CTZ;;SEPARADO;1;;;1;27,02;SEPARADO;GW;14125/14126/014120;0;;
01868301005;006560;106004400;DJ 3P 16A CURVA C 10KA S203;;SEPARADO;2;;;2;48,61;SEPARADO;ABB ELETRIFICACAO LTDA;000000;;;
01868301005;006560;61648042901;DJ 2P 10A SJ202 T-C10;;SEPARADO;1;;;1;35;SEPARADO;ABB ELETRIFICACAO LTDA;000000;;;
01868301005;006560;61652004801;RL AUX 40A 12VCC DNI0102;;SEPARADO;4;;;4;5,86;SEPARADO;SNAP;014090;0;;
01868301005;006560;61654001901;MOD IL4-AMF8;;SEPARADO;1;;;1;842,74;SEPARADO;SERVINTEL;014089;0;;
01868301005;006560;61655002601;CARREG BAT 12/24VCC KVA PRO;;SEPARADO;1;;;1;466,33;SEPARADO;KVA;014111;0;;
01868301005;006560;61656003801;SUPORTE MODULAR BOTAO ABB;;SEPARADO;1;;;1;5,55;SEPARADO;ABB;014123;0,0975;;
01868301005;006560;61656004001;CONT NF BOTAO ABB LINHA MCB;;SEPARADO;1;;;1;9,33;SEPARADO;ABB;014123;0,0975;;
01868301005;006560;61656004701;CABECOTE BOTAO EMERGENCIA ABB;;SEPARADO;1;;;1;40,97;SEPARADO;ABB;014123;0,0975;;
01868301005;006560;61656004801;ADESIVO PARADA DE EMERGENCIA;;FÁBRICA;1;;;1;25,7;FÁBRICA;APS COMPONENTES ELETRICOS S/A;000000;;;
01868301005;006560;61659003301;TERMO RETRATIL AZUL LARG 9MM;;SEPARADO;24,3;;;24,3;2,4971;SEPARADO;ESTOQUE;000000;0;;
01868301005;006560;61660001201;TER ISOL ANEL 16MM² M8;;SEPARADO;1;;;1;16,1;SEPARADO;ROMAR ACESSORIOS INDUSTRIAIS LTDA;000000;;;
01868301005;006560;61660001301;TER ISOL ANEL 16MM² M10;;SEPARADO;1;;;1;16,39;SEPARADO;ROMAR ACESSORIOS INDUSTRIAIS LTDA;000000;;;
01868301005;006560;61660005901;BORNE DUPLO PUSH IN 4MM DDP4;;SEPARADO;7;;;7;1,9;SEPARADO;PROAUTO;014121;0,0975;;
01868301005;006560;61660006101;BORNE PUSH IN DP2.5PG-XXP;;RETIRADO;1;;;1;7,42;RETIRADO;PROAUTO;014121;0,0975;;
01868301005;006560;61660006201;JUMPER BORNE DUP 4MM DSD01402N;;SEPARADO;1;;;1;2,01;SEPARADO;PROAUTO;014121;0,0975;;
01868301005;006560;61660006501;TAMPA P/ BORNE DUP 4MM DPP4C;;SEPARADO;2;;;2;1,38;SEPARADO;PROAUTO;014121;0,0975;;
01868301005;006560;61660006601;TAMPA P/ BORNE 4MM DPES2.5C;;FÁBRICA;1;;;1;2,06;FÁBRICA;PROAUTO;014121;0,0975;;
01868301008;006560;107045500;"BARRA COBRE 1"" X 5/16""";;SEPARADO;0,2;;;0,2;170,9516;SEPARADO;ESTOQUE;000000;0;;
01868301009;006560;105049200;INTTRV MEC CTTR VM19;;SEPARADO;1;;;1;92,68;SEPARADO;ABB;014123;0,0975;;
01868301009;006560;105049500;CTTR 3P 160A AF116 30-11-13;;SEPARADO;2;;;2;756,87;SEPARADO;ABB;014123;0,0325;;
01868301009;006560;106088800;DJ 3P 80A S283 C80;;SEPARADO;1;;;1;0;SEPARADO;0;000000;;;
01868301009;006560;107069800;CB COBRE 10MM2 BR 200ºC 152A;;SEPARADO;1;;;1;53,25;SEPARADO;CONDUMIX COMERCIO DE MATERIAL ELETRICO LTDA;000000;;;
01868301009;006560;107010900;CB COBRE 50MM2 0,6/1KV 90 C PT;;SEPARADO;0,75;;;0,75;70,95;SEPARADO;REMO ELETRICA LTDA;000000;;;
01868301009;006560;107069800;CB COBRE 10MM2 BR 200ºC 152A;;SEPARADO;5;;;5;0;SEPARADO;0;000000;;;
01868301009;006560;61646009301;PROT SURTOS FRONT V 275V 45KA;;SEPARADO;4;;;4;28,6884;SEPARADO;CLAMPER;014107;0,0975;;
01868301010;006560;209001400;PERFIL BRCH U 12X6MM 1912;;SEPARADO;0,5;;;0,5;0;SEPARADO;0;000000;;;
01868301010;006560;61405001201;DOBRADICA TASCO 91591;;SEPARADO;3;;;3;0;SEPARADO;GW;14125/14126/014120;0;;
01868301010;006560;61405002801;FECHO LINGUETA YALE;;SEPARADO;2;;;2;0;SEPARADO;GW;14125/14126/014120;0;;
01868301010;006560;61635033349;TAMPA PASS CB QD QCF/QTA;;SEPARADO;1;;;1;24,125;SEPARADO;GW;14125/14126/014120;0;;
01868301010;006560;61635033949;SPT TRILHO QCF/QTA;;SEPARADO;2;;;2;24,125;SEPARADO;GW;14125/14126/014120;0;;
01868301010;006560;61640008649;GABINETE QTA 800X600X200 CTZ;;SEPARADO;1;;;1;627,25;SEPARADO;GW;14125/14126/014120;0;;
01868301011;006560;104016100;TER ISOL ANEL 6.70-10.00MM M8;;SEPARADO;4;;;4;0;SEPARADO;0;000000;;;
01868301011;006560;109013600;FITA ISOL 19MMX5M PT;;SEPARADO;1;;;1;0;SEPARADO;REI DAS MANGUEIRAS;000000;0;;
01868301011;006560;109013700;FITA ISOLANTE AUTOFUSAO - 19MMX5M PT;;SEPARADO;1;;;1;0;SEPARADO;REI DAS MANGUEIRAS;000000;0;;
01868301012;006560;101095500;MOD COMUNICACAO CM3-ETHERNET;;SEPARADO;1;;;1;995,11;SEPARADO;SERVINTEL;014089;0;;
01868401001;006562;101004800;SENSOR TEMP 12VCC;;SEPARADO;1;;;1;210,79;SEPARADO;POLIPECAS COMERCIAL E IMPORTADORA LTDA;000000;;;
01868401005;006562;104016100;TER ISOL ANEL 6.70-10.00MM M8;;SEPARADO;8;;;8;0;SEPARADO;0;000000;;;
01868401005;006562;107069800;CB COBRE 10MM2 BR 200ºC 152A;;SEPARADO;2,8;;;2,8;53,25;SEPARADO;CONDUMIX COMERCIO DE MATERIAL ELETRICO LTDA;000000;;;
01868401005;006562;109092400;ISOLADOR CIL 16X30 MM M6;;SEPARADO;2;;;2;9,06;SEPARADO;MX MATERIAIS ELETRICOS LTDA;000000;;;
01868401001;006562;204229500;CALCO D106 X 9,53;;SEPARADO;4;;;4;33,775;SEPARADO;GW;14125/14126/014120;0;;
01868401001;006562;204576400;ADP M/F M10X1,5 X M10X1,0;;SEPARADO;1;;;1;14;SEPARADO;EVOLUCAO METALURGICA LTDA;000000;;;
01868401001;006562;209001400;PERFIL BRCH U 12X6MM 1912;;SEPARADO;0,3;;;0,3;0;SEPARADO;0;000000;;;
01868401001;006562;210012800;ARR M10 DIN 125 BIC;;KANBAN;20;;;20;1,15;KANBAN;MX;000000;;;
01868401001;006562;30702002801;BARRA ROSCADA 6MM;;FALTA;2;;;2;24,125;FALTA;GW;14125/14126/014120;0;;
01868401001;006562;31601193601NE;BOTAO EMERGENCIA CARENAGEM 2NF;;SEPARADO;1;;;1;8548,9321;SEPARADO;SDMO  INDUSTRIES;000000;;;
01868401001;006562;31805000303;ABRACADEIRA CRON D17-27 AC;;SEPARADO;4;;;4;4,15;SEPARADO;REI DAS MANGUEIRAS;014113;0;;
01868401001;006562;31805005801;ABRACADEIRA ESCAP. MS 73-81;;SEPARADO;1;;;1;28;SEPARADO;SCAPSUL;014119;0,065;;
01868401001;006562;31807001215;JUNTA DE VEDACAO D14XD18X1,5;;FÁBRICA;1;;;1;5;FÁBRICA;CENTRAL;014105;0;;
01868401001;006562;31807001223;JUNTA DE VEDACAO D18XD24X1,5;;FÁBRICA;1;;;1;6;FÁBRICA;CENTRAL;014105;0;;
01868401001;006562;31810002505;MANGUEIRA FLEXIVEL 12X19;;KANBAN;0,6;;;0,6;102,78;KANBAN;MX;000000;;;
01868401001;006562;31810006103;MANGUEIRA FLEXIVEL 16X26;;KANBAN;0,6;;;0,6;138,6;KANBAN;MX;000000;;;
01868401001;006562;60101001401;MOTOR PERKINS 1103A-33TG1;;SEPARADO;1;;;1;25322,58;SEPARADO;SOMOV S.A;014085;0;;
01868401001;006562;60201018801;GS WEG AW10 BR180S1-H MU F3;;SEPARADO;1;;;1;10554,29;SEPARADO;WEG EQUIPAMENTOS ELETRICOS S/A;014084;0;;
01868401001;006562;60305003201;RESIST. PREAQUEC. 1000W 220V;;SEPARADO;1;;;1;900;SEPARADO;SERVINTEL;014089;0;;
01868401001;006562;60501001601;TAMPA BOC ABAST TANCLIK  A101C;;SEPARADO;1;;;1;48;SEPARADO;ITULUB;014109;0;;
01868401001;006562;60501004708;FLANGE TQ POLI RETORNO;;SEPARADO;1;;;1;72,375;SEPARADO;GW;14125/14126/014120;0;;
01868401001;006562;60501004908;TRAVA FIX 450L;;SEPARADO;2;;;2;33,775;SEPARADO;GW;14125/14126/014120;0;;
01868401001;006562;60501005501;TQ COMB 180L POLIETILENO;;SEPARADO;1;;;1;1563,79;SEPARADO;ACCURATE MACHINE USINAGEM DE PRECISAO LTDA ME                                   ;014087;0;;
01868401001;006562;60501008608;CONTRA FLANGE TQ POLIETILENO;;SEPARADO;2;;;2;33,775;SEPARADO;GW;14125/14126/014120;0;;
01868401001;006562;60501010308;FLANGE TQ 200L POLI ABAST KVA;;SEPARADO;1;;;1;33,775;SEPARADO;GW;14125/14126/014120;0;;
01868401001;006562;60501010708;BOCAL ENCHIMENTO TQ TANCLICK;;SEPARADO;1;;;1;145;SEPARADO;AÇO FORT;000000;0;;
01868401001;006562;60702003501;BATERIA 12V 70AH 510CCA KONDOR;;SEPARADO;1;;;1;450;SEPARADO;JMS;014110;0;;
01868401001;006562;60702005608;SPT BAT 70AH SMART I;;SEPARADO;1;;;1;96,5;SEPARADO;GW;14125/14126/014120;0;;
01868401001;006562;60702006008;SPT FIX BAT 100AH SMART;;SEPARADO;1;;;1;91,675;SEPARADO;GW;14125/14126/014120;0;;
01868401001;006562;61401016249NE;CARENAGEM SMART I ;;SEPARADO;1;;;1;3377,5;SEPARADO;GW;14125/14126/014120;0;;
01868401001;006562;60901012816;SILENCIOSO 29DBA CRN KSE105;;SEPARADO;1;;;1;1363,04;SEPARADO;SCAPSUL;014119;0,065;;
01868401001;006562;60901024616;CURVA FLEX PK1103T KSE105 VS;;SEPARADO;1;;;1;772,34;SEPARADO;SCAPSUL;014119;0,065;;
01868401001;006562;61101000501;SENSOR PR OLEO 3RHO 7704;;SEPARADO;1;;;1;209,6;SEPARADO;MX;014112;0;;
01868401001;006562;61101001301;SENS NV COMB ULTRAS K40LSR;;SEPARADO;1;;;1;441;SEPARADO;KVA;014111;0;;
01868401001;006562;61103000100;"BOIA MEC FV34-75-PP130 3/4""BSP";;SEPARADO;1;;;1;900;SEPARADO;SANTAE;014114;0,0325;;
01868401001;006562;61301014708;BASE SMART I PK;;SEPARADO;1;;;1;965;SEPARADO;GW;14125/14126/014120;0;;
01868401001;006562;61303000101;AMT VIBRA-STOP XT2000 M12;;SEPARADO;4;;;4;103,7;SEPARADO;VIBRA-STOP;014117;0;;
01868401001;006562;61307015508;SPT MOT PK/FPT SMART I E II;;SEPARADO;1;;;1;241,25;SEPARADO;GW;14125/14126/014120;0;;
01868401001;006562;61307015608;SPT ALT WEG SMART I E II;;SEPARADO;1;;;1;241,25;SEPARADO;GW;14125/14126/014120;0;;
01868401001;006562;61402046608;FECH RAD SMART I PK1103A;;SEPARADO;1;;;1;731,47;SEPARADO;GW;14125/14126/014120;0;;
01868401001;006562;61405001101;BATENTE DE BORRACHA CONICO;;SEPARADO;3;;;3;6,4;SEPARADO;ML;000000;0;;
01868401001;006562;61601008708;SPT ESQ QCF/QTA SMART I E II;;SEPARADO;1;;;1;33,775;SEPARADO;GW;14125/14126/014120;0;;
01868401001;006562;61601008808;SPT DIR QCF/QTA SMART I E II;;SEPARADO;1;;;1;33,775;SEPARADO;GW;14125/14126/014120;0;;
01868401005;006562;61635033549;TAMPA DJ MAN ABB QCF/QTA A0/A2;;SEPARADO;1;;;1;24,125;SEPARADO;GW;14125/14126/014120;0;;
01868401005;006562;61640008851;SPT DJ ABB A0/A2 QCF/QTA;;SEPARADO;1;;;1;33,775;SEPARADO;GW;14125/14126/014120;0;;
01868401005;006562;61647041501;DCM 3P FX 160A A2A TMF;;SEPARADO;1;;;1;313,24;SEPARADO;ABB;014123;0,065;;
01868401001;006562;61652004801;RL AUX 40A 12VCC DNI0102;;SEPARADO;2;;;2;5,86;SEPARADO;SNAP;014090;0;;
01868401005;006562;61653004801;TC SASSI 250-5A ST-42;;SEPARADO;3;;;3;91;SEPARADO;SASSI;014115;0,065;;
01868401005;006562;61656004001;CONT NF BOTAO ABB LINHA MCB;;SEPARADO;2;;;2;9,33;SEPARADO;ABB;014123;0,0975;;
01868401005;006562;61659003401;PROT PLC A2 QTA SMART ELETRONET;;SEPARADO;1;;;1;78,83870968;SEPARADO;EMPORIO DO ACRILICO;014124;0;;
01868401001;006562;61801002001;PF DIN912 M10X40 12.9 PT;;SEPARADO;12;;;12;5,58;SEPARADO;MULT TEMPERA COAT TECNOLOGIA EM TRATAMENTO TERMICO E REVESTIMENTOS SUPERFICIAIS;000000;;;
01868401001;006562;61801002101;"PF DIN912 3/8""UNFX1"" 12.9 PT";;SEPARADO;8;;;8;5,11;SEPARADO;MULT TEMPERA COAT TECNOLOGIA EM TRATAMENTO TERMICO E REVESTIMENTOS SUPERFICIAIS;000000;;;
01868401001;006562;61801002201;ARR M10 DIN 127 BIC;;KANBAN;20;;;20;0,85;KANBAN;CENTRAL;000000;0;;
01868401001;006562;61802000111;"BICO RM 1/2""NPT MANG 1/2"" BIC";;SEPARADO;2;;;2;28,5;SEPARADO;BULKS INDUSTRIA E COMERCIO LTDA;000000;;;
01868401001;006562;61802000311;BICO RM 1/2 POL.NPT FM16 MANG;;SEPARADO;1;;;1;26,88;SEPARADO;BULKS;014088;0;;
01868401001;006562;61802000422;COTOVELO MF 90 1 2NPT GALV;;FÁBRICA;1;;;1;8,34;FÁBRICA;CENTRAL;014105;0;;
01868401001;006562;61802000711;BICO RM 1/2 NPT MANG 3/8 BIC;;SEPARADO;1;;;1;26,88;SEPARADO;BULKS;014088;0;;
01868401001;006562;61802001711;BICO RM 1/2NPT MANG 5/8 BIC;;SEPARADO;2;;;2;26,88;SEPARADO;BULKS;014088;0;;
01868401001;006562;61802002711;ADP M/M 1/2”NPT X 3/4UNF BIC;;SEPARADO;1;;;1;26,88;SEPARADO;BULKS;014088;0;;
01868401001;006562;61802002811;"BICO RM 1/4""NPT MANG 5/8"" BIC";;SEPARADO;1;;;1;18,23;SEPARADO;HITOCOM MATERIAIS TECNICOS E SERVICOS LTDA;000000;;;
01868401001;006562;61802002911;ADP M/F M18X1.5 X M14X1.5 BIC;;SEPARADO;1;;;1;26,88;SEPARADO;BULKS;014088;0;;
01868401001;006562;61802008111;ADP M RESP M22;;SEPARADO;1;;;1;190,69;SEPARADO;HITOCOM MATERIAIS TECNICOS E SERVICOS LTDA;000000;;;
01868401001;006562;61802014001;BICO RM 1/2 NPT MANG 5/16 BIC;;SEPARADO;1;;;1;26,88;SEPARADO;BULKS;014088;0;;
01868401001;006562;61805000222;ABRACADEIRA CRON D14-22 AC;;SEPARADO;2;;;2;4,15;SEPARADO;REI DAS MANGUEIRAS;014113;0;;
01868401001;006562;61807000301;ARR VED 10X16X1.5 AL;;SEPARADO;2;;;2;0;SEPARADO;0;000000;;;
01868401001;006562;61809000101;"VALV ESFERA F/F 1/2"" NPT";;SEPARADO;1;;;1;35,25;SEPARADO;HITOCOM MATERIAIS TECNICOS E SERVICOS LTDA;000000;;;
01868401001;006562;61809000301;"VALV ESF BORBOLETA F/F 1/2""NPT";;SEPARADO;1;;;1;62,82;SEPARADO;MX;014112;0;;
01868401005;006562;106001500;DJ 1P 10A CURVA C 10KA S201;;SEPARADO;1;;;1;27,95;SEPARADO;ABB;014123;0,065;;
01868401005;006562;106207600;POSTE FINAL USK-2G2;;SEPARADO;3;;;3;0;SEPARADO;0;000000;;;
01868401005;006562;104193600;SUPORTE IDENTIF P/ POSTE KLM-A;;SEPARADO;2;;;2;0;SEPARADO;0;000000;;;
01868401005;006562;107078500;CB COBRE NU 16MM2;;SEPARADO;0,5;;;0,5;10,2811;SEPARADO;COBREFLEX INDUSTRIA, DISTRIBUICAO E COMERCIO DE FIOS E CABOS EIRELI;000000;;;
01868401005;006562;204583100;PORTA DOCUMENTOS TASCO 71160;;SEPARADO;1;;;1;40,83;SEPARADO;TASCO;014108;0,0975;;
01868401005;006562;61640008749;TAMPA QTA USCA 5C CTZ;;SEPARADO;1;;;1;27,02;SEPARADO;GW;14125/14126/014120;0;;
01868401005;006562;61648042901;DJ 2P 10A SJ202 T-C10;;SEPARADO;1;;;1;35;SEPARADO;ABB ELETRIFICACAO LTDA;000000;;;
01868401005;006562;61652004801;RL AUX 40A 12VCC DNI0102;;SEPARADO;4;;;4;5,86;SEPARADO;SNAP;014090;0;;
01868401005;006562;61654001901;MOD IL4-AMF8;;SEPARADO;1;;;1;842,74;SEPARADO;SERVINTEL;014089;0;;
01868401005;006562;61655002601;CARREG BAT 12/24VCC KVA PRO;;SEPARADO;1;;;1;466,33;SEPARADO;KVA;014111;0;;
01868401005;006562;61656003801;SUPORTE MODULAR BOTAO ABB;;SEPARADO;1;;;1;5,55;SEPARADO;ABB;014123;0,0975;;
01868401005;006562;61656004001;CONT NF BOTAO ABB LINHA MCB;;SEPARADO;1;;;1;9,33;SEPARADO;ABB;014123;0,0975;;
01868401005;006562;61656004701;CABECOTE BOTAO EMERGENCIA ABB;;SEPARADO;1;;;1;40,97;SEPARADO;ABB;014123;0,0975;;
01868401005;006562;61656004801;ADESIVO PARADA DE EMERGENCIA;;SEPARADO;1;;;1;25,7;SEPARADO;APS COMPONENTES ELETRICOS S/A;000000;;;
01868401005;006562;61659003301;TERMO RETRATIL AZUL LARG 9MM;;SEPARADO;24,3;;;24,3;2,4971;SEPARADO;ESTOQUE;000000;0;;
01868401005;006562;61660001201;TER ISOL ANEL 16MM² M8;;SEPARADO;1;;;1;16,1;SEPARADO;ROMAR ACESSORIOS INDUSTRIAIS LTDA;000000;;;
01868401005;006562;61660001301;TER ISOL ANEL 16MM² M10;;SEPARADO;1;;;1;16,39;SEPARADO;ROMAR ACESSORIOS INDUSTRIAIS LTDA;000000;;;
01868401005;006562;61660005901;BORNE DUPLO PUSH IN 4MM DDP4;;SEPARADO;7;;;7;1,9;SEPARADO;PROAUTO;014121;0,0975;;
01868401005;006562;61660006101;BORNE PUSH IN DP2.5PG-XXP;;RETIRADO;1;;;1;7,42;RETIRADO;PROAUTO;014121;0,0975;;
01868401005;006562;61660006201;JUMPER BORNE DUP 4MM DSD01402N;;SEPARADO;1;;;1;2,01;SEPARADO;PROAUTO;014121;0,0975;;
01868401005;006562;61660006501;TAMPA P/ BORNE DUP 4MM DPP4C;;SEPARADO;2;;;2;1,38;SEPARADO;PROAUTO;014121;0,0975;;
01868401005;006562;61660006601;TAMPA P/ BORNE 4MM DPES2.5C;;FÁBRICA;1;;;1;2,06;FÁBRICA;PROAUTO;014121;0,0975;;
01868401008;006562;107045500;"BARRA COBRE 1"" X 5/16""";;SEPARADO;0,2;;;0,2;170,9516;SEPARADO;ESTOQUE;000000;0;;
01868401009;006562;105049200;INTTRV MEC CTTR VM19;;SEPARADO;1;;;1;92,68;SEPARADO;ABB;014123;0,0975;;
01868401009;006562;105049500;CTTR 3P 160A AF116 30-11-13;;SEPARADO;2;;;2;756,87;SEPARADO;ABB;014123;0,0325;;
01868401009;006562;106088800;DJ 3P 80A S283 C80;;SEPARADO;1;;;1;0;SEPARADO;0;000000;;;
01868401009;006562;107069800;CB COBRE 10MM2 BR 200ºC 152A;;SEPARADO;1;;;1;53,25;SEPARADO;CONDUMIX COMERCIO DE MATERIAL ELETRICO LTDA;000000;;;
01868401009;006562;107010900;CB COBRE 50MM2 0,6/1KV 90 C PT;;SEPARADO;0,75;;;0,75;70,95;SEPARADO;REMO ELETRICA LTDA;000000;;;
01868401009;006562;107069800;CB COBRE 10MM2 BR 200ºC 152A;;SEPARADO;5;;;5;0;SEPARADO;0;000000;;;
01868401009;006562;61646009301;PROT SURTOS FRONT V 275V 45KA;;SEPARADO;4;;;4;28,6884;SEPARADO;CLAMPER;014107;0,0975;;
01868401010;006562;209001400;PERFIL BRCH U 12X6MM 1912;;SEPARADO;0,5;;;0,5;0;SEPARADO;0;000000;;;
01868401010;006562;61405001201;DOBRADICA TASCO 91591;;SEPARADO;3;;;3;0;SEPARADO;GW;14125/14126/014120;0;;
01868401010;006562;61405002801;FECHO LINGUETA YALE;;SEPARADO;2;;;2;0;SEPARADO;GW;14125/14126/014120;0;;
01868401010;006562;61635033349;TAMPA PASS CB QD QCF/QTA;;SEPARADO;1;;;1;24,125;SEPARADO;GW;14125/14126/014120;0;;
01868401010;006562;61635033949;SPT TRILHO QCF/QTA;;SEPARADO;2;;;2;24,125;SEPARADO;GW;14125/14126/014120;0;;
01868401010;006562;61640008649;GABINETE QTA 800X600X200 CTZ;;SEPARADO;1;;;1;627,25;SEPARADO;GW;14125/14126/014120;0;;
01868401011;006562;104016100;TER ISOL ANEL 6.70-10.00MM M8;;SEPARADO;4;;;4;0;SEPARADO;0;000000;;;
01868401011;006562;109013600;FITA ISOL 19MMX5M PT;;SEPARADO;1;;;1;0;SEPARADO;REI DAS MANGUEIRAS;000000;0;;
01868401011;006562;109013700;FITA ISOLANTE AUTOFUSAO - 19MMX5M PT;;SEPARADO;1;;;1;0;SEPARADO;REI DAS MANGUEIRAS;000000;0;;
01868401012;006562;101095500;MOD COMUNICACAO CM3-ETHERNET;;SEPARADO;1;;;1;995,11;SEPARADO;SERVINTEL;014089;0;;
01868501001;006564;101004800;SENSOR TEMP 12VCC;;SEPARADO;1;;;1;210,79;SEPARADO;POLIPECAS COMERCIAL E IMPORTADORA LTDA;000000;;;
01868501005;006564;104016100;TER ISOL ANEL 6.70-10.00MM M8;;SEPARADO;8;;;8;0;SEPARADO;0;000000;;;
01868501005;006564;107069800;CB COBRE 10MM2 BR 200ºC 152A;;SEPARADO;2,8;;;2,8;53,25;SEPARADO;CONDUMIX COMERCIO DE MATERIAL ELETRICO LTDA;000000;;;
01868501005;006564;109092400;ISOLADOR CIL 16X30 MM M6;;SEPARADO;2;;;2;9,06;SEPARADO;MX MATERIAIS ELETRICOS LTDA;000000;;;
01868501001;006564;204229500;CALCO D106 X 9,53;;SEPARADO;4;;;4;33,775;SEPARADO;GW;14125/14126/014120;0;;
01868501001;006564;204576400;ADP M/F M10X1,5 X M10X1,0;;SEPARADO;1;;;1;14;SEPARADO;EVOLUCAO METALURGICA LTDA;000000;;;
01868501001;006564;209001400;PERFIL BRCH U 12X6MM 1912;;SEPARADO;0,3;;;0,3;0;SEPARADO;0;000000;;;
01868501001;006564;210012800;ARR M10 DIN 125 BIC;;KANBAN;20;;;20;1,15;KANBAN;MX;000000;;;
01868501001;006564;30702002801;BARRA ROSCADA 6MM;;FALTA;2;;;2;24,125;FALTA;GW;14125/14126/014120;0;;
01868501001;006564;31601193601NE;BOTAO EMERGENCIA CARENAGEM 2NF;;SEPARADO;1;;;1;8548,9321;SEPARADO;SDMO  INDUSTRIES;000000;;;
01868501001;006564;31805000303;ABRACADEIRA CRON D17-27 AC;;FALTA;4;;;4;4,15;FALTA;REI DAS MANGUEIRAS;014113;0;;
01868501001;006564;31805005801;ABRACADEIRA ESCAP. MS 73-81;;SEPARADO;1;;;1;28;SEPARADO;SCAPSUL;014119;0,065;;
01868501001;006564;31807001215;JUNTA DE VEDACAO D14XD18X1,5;;FÁBRICA;1;;;1;5;FÁBRICA;CENTRAL;014105;0;;
01868501001;006564;31807001223;JUNTA DE VEDACAO D18XD24X1,5;;FÁBRICA;1;;;1;6;FÁBRICA;CENTRAL;014105;0;;
01868501001;006564;31810002505;MANGUEIRA FLEXIVEL 12X19;;KANBAN;0,6;;;0,6;102,78;KANBAN;MX;000000;;;
01868501001;006564;31810006103;MANGUEIRA FLEXIVEL 16X26;;KANBAN;0,6;;;0,6;138,6;KANBAN;MX;000000;;;
01868501001;006564;60101001401;MOTOR PERKINS 1103A-33TG1;;SEPARADO;1;;;1;25322,58;SEPARADO;SOMOV S.A;014085;0;;
01868501001;006564;60201018801;GS WEG AW10 BR180S1-H MU F3;;SEPARADO;1;;;1;10554,29;SEPARADO;WEG EQUIPAMENTOS ELETRICOS S/A;014084;0;;
01868501001;006564;60305003201;RESIST. PREAQUEC. 1000W 220V;;SEPARADO;1;;;1;900;SEPARADO;SERVINTEL;014089;0;;
01868501001;006564;60501001601;TAMPA BOC ABAST TANCLIK  A101C;;SEPARADO;1;;;1;48;SEPARADO;ITULUB;014109;0;;
01868501001;006564;60501004708;FLANGE TQ POLI RETORNO;;SEPARADO;1;;;1;72,375;SEPARADO;GW;14125/14126/014120;0;;
01868501001;006564;60501004908;TRAVA FIX 450L;;SEPARADO;2;;;2;33,775;SEPARADO;GW;14125/14126/014120;0;;
01868501001;006564;60501005501;TQ COMB 180L POLIETILENO;;SEPARADO;1;;;1;1563,79;SEPARADO;ACCURATE MACHINE USINAGEM DE PRECISAO LTDA ME                                   ;014087;0;;
01868501001;006564;60501008608;CONTRA FLANGE TQ POLIETILENO;;SEPARADO;2;;;2;33,775;SEPARADO;GW;14125/14126/014120;0;;
01868501001;006564;60501010308;FLANGE TQ 200L POLI ABAST KVA;;SEPARADO;1;;;1;33,775;SEPARADO;GW;14125/14126/014120;0;;
01868501001;006564;60501010708;BOCAL ENCHIMENTO TQ TANCLICK;;SEPARADO;1;;;1;145;SEPARADO;AÇO FORT;000000;0;;
01868501001;006564;60702003501;BATERIA 12V 70AH 510CCA KONDOR;;SEPARADO;1;;;1;450;SEPARADO;JMS;014110;0;;
01868501001;006564;60702005608;SPT BAT 70AH SMART I;;SEPARADO;1;;;1;96,5;SEPARADO;GW;14125/14126/014120;0;;
01868501001;006564;60702006008;SPT FIX BAT 100AH SMART;;SEPARADO;1;;;1;91,675;SEPARADO;GW;14125/14126/014120;0;;
01868501001;006564;61401016249NE;CARENAGEM SMART I ;;SEPARADO;1;;;1;3377,5;SEPARADO;GW;14125/14126/014120;0;;
01868501001;006564;60901012816;SILENCIOSO 29DBA CRN KSE105;;SEPARADO;1;;;1;1363,04;SEPARADO;SCAPSUL;014119;0,065;;
01868501001;006564;60901024616;CURVA FLEX PK1103T KSE105 VS;;SEPARADO;1;;;1;772,34;SEPARADO;SCAPSUL;014119;0,065;;
01868501001;006564;61101000501;SENSOR PR OLEO 3RHO 7704;;SEPARADO;1;;;1;209,6;SEPARADO;MX;014112;0;;
01868501001;006564;61101001301;SENS NV COMB ULTRAS K40LSR;;SEPARADO;1;;;1;441;SEPARADO;KVA;014111;0;;
01868501001;006564;61103000100;"BOIA MEC FV34-75-PP130 3/4""BSP";;SEPARADO;1;;;1;900;SEPARADO;SANTAE;014114;0,0325;;
01868501001;006564;61301014708;BASE SMART I PK;;SEPARADO;1;;;1;965;SEPARADO;GW;14125/14126/014120;0;;
01868501001;006564;61303000101;AMT VIBRA-STOP XT2000 M12;;SEPARADO;4;;;4;103,7;SEPARADO;VIBRA-STOP;014117;0;;
01868501001;006564;61307015508;SPT MOT PK/FPT SMART I E II;;SEPARADO;1;;;1;241,25;SEPARADO;GW;14125/14126/014120;0;;
01868501001;006564;61307015608;SPT ALT WEG SMART I E II;;SEPARADO;1;;;1;241,25;SEPARADO;GW;14125/14126/014120;0;;
01868501001;006564;61402046608;FECH RAD SMART I PK1103A;;SEPARADO;1;;;1;731,47;SEPARADO;GW;14125/14126/014120;0;;
01868501001;006564;61405001101;BATENTE DE BORRACHA CONICO;;SEPARADO;3;;;3;6,4;SEPARADO;ML;000000;0;;
01868501001;006564;61601008708;SPT ESQ QCF/QTA SMART I E II;;SEPARADO;1;;;1;33,775;SEPARADO;GW;14125/14126/014120;0;;
01868501001;006564;61601008808;SPT DIR QCF/QTA SMART I E II;;SEPARADO;1;;;1;33,775;SEPARADO;GW;14125/14126/014120;0;;
01868501005;006564;61635033549;TAMPA DJ MAN ABB QCF/QTA A0/A2;;SEPARADO;1;;;1;24,125;SEPARADO;GW;14125/14126/014120;0;;
01868501005;006564;61640008851;SPT DJ ABB A0/A2 QCF/QTA;;SEPARADO;1;;;1;33,775;SEPARADO;GW;14125/14126/014120;0;;
01868501005;006564;61647041501;DCM 3P FX 160A A2A TMF;;SEPARADO;1;;;1;313,24;SEPARADO;ABB;014123;0,065;;
01868501001;006564;61652004801;RL AUX 40A 12VCC DNI0102;;SEPARADO;2;;;2;5,86;SEPARADO;SNAP;014090;0;;
01868501005;006564;61653004801;TC SASSI 250-5A ST-42;;SEPARADO;3;;;3;91;SEPARADO;SASSI;014115;0,065;;
01868501001;006564;61656004001;CONT NF BOTAO ABB LINHA MCB;;SEPARADO;2;;;2;9,33;SEPARADO;ABB;014123;0,0975;;
01868501005;006564;61659003401;PROT PLC A2 QTA SMART ELETRONET;;SEPARADO;1;;;1;78,83870968;SEPARADO;EMPORIO DO ACRILICO;014124;0;;
01868501001;006564;61801002001;PF DIN912 M10X40 12.9 PT;;SEPARADO;12;;;12;5,58;SEPARADO;MULT TEMPERA COAT TECNOLOGIA EM TRATAMENTO TERMICO E REVESTIMENTOS SUPERFICIAIS;000000;;;
01868501001;006564;61801002101;"PF DIN912 3/8""UNFX1"" 12.9 PT";;SEPARADO;8;;;8;5,11;SEPARADO;MULT TEMPERA COAT TECNOLOGIA EM TRATAMENTO TERMICO E REVESTIMENTOS SUPERFICIAIS;000000;;;
01868501001;006564;61801002201;ARR M10 DIN 127 BIC;;KANBAN;20;;;20;0,85;KANBAN;CENTRAL;000000;0;;
01868501001;006564;61802000111;"BICO RM 1/2""NPT MANG 1/2"" BIC";;SEPARADO;2;;;2;28,5;SEPARADO;BULKS INDUSTRIA E COMERCIO LTDA;000000;;;
01868501001;006564;61802000311;BICO RM 1/2 POL.NPT FM16 MANG;;SEPARADO;1;;;1;26,88;SEPARADO;BULKS;014088;0;;
01868501001;006564;61802000422;COTOVELO MF 90 1 2NPT GALV;;FÁBRICA;1;;;1;8,34;FÁBRICA;CENTRAL;014105;0;;
01868501001;006564;61802000711;BICO RM 1/2 NPT MANG 3/8 BIC;;SEPARADO;1;;;1;26,88;SEPARADO;BULKS;014088;0;;
01868501001;006564;61802001711;BICO RM 1/2NPT MANG 5/8 BIC;;SEPARADO;2;;;2;26,88;SEPARADO;BULKS;014088;0;;
01868501001;006564;61802002711;ADP M/M 1/2”NPT X 3/4UNF BIC;;SEPARADO;1;;;1;26,88;SEPARADO;BULKS;014088;0;;
01868501001;006564;61802002811;"BICO RM 1/4""NPT MANG 5/8"" BIC";;SEPARADO;1;;;1;18,23;SEPARADO;HITOCOM MATERIAIS TECNICOS E SERVICOS LTDA;000000;;;
01868501001;006564;61802002911;ADP M/F M18X1.5 X M14X1.5 BIC;;SEPARADO;1;;;1;26,88;SEPARADO;BULKS;014088;0;;
01868501001;006564;61802008111;ADP M RESP M22;;SEPARADO;1;;;1;190,69;SEPARADO;HITOCOM MATERIAIS TECNICOS E SERVICOS LTDA;000000;;;
01868501001;006564;61802014001;BICO RM 1/2 NPT MANG 5/16 BIC;;SEPARADO;1;;;1;26,88;SEPARADO;BULKS;014088;0;;
01868501001;006564;61805000222;ABRACADEIRA CRON D14-22 AC;;SEPARADO;2;;;2;4,15;SEPARADO;REI DAS MANGUEIRAS;014113;0;;
01868501001;006564;61807000301;ARR VED 10X16X1.5 AL;;SEPARADO;2;;;2;0;SEPARADO;0;000000;;;
01868501001;006564;61809000101;"VALV ESFERA F/F 1/2"" NPT";;SEPARADO;1;;;1;35,25;SEPARADO;HITOCOM MATERIAIS TECNICOS E SERVICOS LTDA;000000;;;
01868501001;006564;61809000301;"VALV ESF BORBOLETA F/F 1/2""NPT";;SEPARADO;1;;;1;62,82;SEPARADO;MX;014112;0;;
01868501005;006564;106001500;DJ 1P 10A CURVA C 10KA S201;;SEPARADO;1;;;1;27,95;SEPARADO;ABB;014123;0,065;;
01868501005;006564;106207600;POSTE FINAL USK-2G2;;SEPARADO;3;;;3;0;SEPARADO;0;000000;;;
01868501005;006564;104193600;SUPORTE IDENTIF P/ POSTE KLM-A;;SEPARADO;2;;;2;0;SEPARADO;0;000000;;;
01868501005;006564;107078500;CB COBRE NU 16MM2;;SEPARADO;0,5;;;0,5;10,2811;SEPARADO;COBREFLEX INDUSTRIA, DISTRIBUICAO E COMERCIO DE FIOS E CABOS EIRELI;000000;;;
01868501005;006564;204583100;PORTA DOCUMENTOS TASCO 71160;;SEPARADO;1;;;1;40,83;SEPARADO;TASCO;014108;0,0975;;
01868501005;006564;61640008749;TAMPA QTA USCA 5C CTZ;;SEPARADO;1;;;1;27,02;SEPARADO;GW;14125/14126/014120;0;;
01868501005;006564;106004400;DJ 3P 16A CURVA C 10KA S203;;SEPARADO;2;;;2;48,61;SEPARADO;ABB ELETRIFICACAO LTDA;000000;;;
01868501005;006564;61648042901;DJ 2P 10A SJ202 T-C10;;SEPARADO;1;;;1;35;SEPARADO;ABB ELETRIFICACAO LTDA;000000;;;
01868501005;006564;61652004801;RL AUX 40A 12VCC DNI0102;;SEPARADO;4;;;4;5,86;SEPARADO;SNAP;014090;0;;
01868501005;006564;61654001901;MOD IL4-AMF8;;SEPARADO;1;;;1;842,74;SEPARADO;SERVINTEL;014089;0;;
01868501005;006564;61655002601;CARREG BAT 12/24VCC KVA PRO;;SEPARADO;1;;;1;466,33;SEPARADO;KVA;014111;0;;
01868501005;006564;61656003801;SUPORTE MODULAR BOTAO ABB;;SEPARADO;1;;;1;5,55;SEPARADO;ABB;014123;0,0975;;
01868501005;006564;61656004001;CONT NF BOTAO ABB LINHA MCB;;SEPARADO;1;;;1;9,33;SEPARADO;ABB;014123;0,0975;;
01868501005;006564;61656004701;CABECOTE BOTAO EMERGENCIA ABB;;SEPARADO;1;;;1;40,97;SEPARADO;ABB;014123;0,0975;;
01868501005;006564;61656004801;ADESIVO PARADA DE EMERGENCIA;;FÁBRICA;1;;;1;25,7;FÁBRICA;APS COMPONENTES ELETRICOS S/A;000000;;;
01868501005;006564;61659003301;TERMO RETRATIL AZUL LARG 9MM;;SEPARADO;24,3;;;24,3;2,4971;SEPARADO;ESTOQUE;000000;0;;
01868501005;006564;61660001201;TER ISOL ANEL 16MM² M8;;SEPARADO;1;;;1;16,1;SEPARADO;ROMAR ACESSORIOS INDUSTRIAIS LTDA;000000;;;
01868501005;006564;61660001301;TER ISOL ANEL 16MM² M10;;SEPARADO;1;;;1;16,39;SEPARADO;ROMAR ACESSORIOS INDUSTRIAIS LTDA;000000;;;
01868501005;006564;61660005901;BORNE DUPLO PUSH IN 4MM DDP4;;SEPARADO;7;;;7;1,9;SEPARADO;PROAUTO;014121;0,0975;;
01868501005;006564;61660006101;BORNE PUSH IN DP2.5PG-XXP;;RETIRADO;1;;;1;7,42;RETIRADO;PROAUTO;014121;0,0975;;
01868501005;006564;61660006201;JUMPER BORNE DUP 4MM DSD01402N;;SEPARADO;1;;;1;2,01;SEPARADO;PROAUTO;014121;0,0975;;
01868501005;006564;61660006501;TAMPA P/ BORNE DUP 4MM DPP4C;;SEPARADO;2;;;2;1,38;SEPARADO;PROAUTO;014121;0,0975;;
01868501005;006564;61660006601;TAMPA P/ BORNE 4MM DPES2.5C;;FÁBRICA;1;;;1;2,06;FÁBRICA;PROAUTO;014121;0,0975;;
01868501008;006564;107045500;"BARRA COBRE 1"" X 5/16""";;SEPARADO;0,2;;;0,2;170,9516;SEPARADO;ESTOQUE;000000;0;;
01868501009;006564;105049200;INTTRV MEC CTTR VM19;;SEPARADO;1;;;1;92,68;SEPARADO;ABB;014123;0,0975;;
01868501009;006564;105049500;CTTR 3P 160A AF116 30-11-13;;SEPARADO;2;;;2;756,87;SEPARADO;ABB;014123;0,0325;;
01868501009;006564;106088800;DJ 3P 80A S283 C80;;SEPARADO;1;;;1;0;SEPARADO;0;000000;;;
01868501009;006564;107069800;CB COBRE 10MM2 BR 200ºC 152A;;SEPARADO;1;;;1;53,25;SEPARADO;CONDUMIX COMERCIO DE MATERIAL ELETRICO LTDA;000000;;;
01868501009;006564;107010900;CB COBRE 50MM2 0,6/1KV 90 C PT;;SEPARADO;0,75;;;0,75;70,95;SEPARADO;REMO ELETRICA LTDA;000000;;;
01868501009;006564;107069800;CB COBRE 10MM2 BR 200ºC 152A;;SEPARADO;5;;;5;0;SEPARADO;CONDUMIX COMERCIO DE MATERIAL ELETRICO LTDA;000000;;;
01868501009;006564;61646009301;PROT SURTOS FRONT V 275V 45KA;;SEPARADO;4;;;4;28,6884;SEPARADO;CLAMPER;014107;0,0975;;
01868501010;006564;209001400;PERFIL BRCH U 12X6MM 1912;;SEPARADO;0,5;;;0,5;0;SEPARADO;0;000000;;;
01868501010;006564;61405001201;DOBRADICA TASCO 91591;;SEPARADO;3;;;3;0;SEPARADO;GW;14125/14126/014120;0;;
01868501010;006564;61405002801;FECHO LINGUETA YALE;;SEPARADO;2;;;2;0;SEPARADO;GW;14125/14126/014120;0;;
01868501010;006564;61635033349;TAMPA PASS CB QD QCF/QTA;;SEPARADO;1;;;1;24,125;SEPARADO;GW;14125/14126/014120;0;;
01868501010;006564;61635033949;SPT TRILHO QCF/QTA;;SEPARADO;2;;;2;24,125;SEPARADO;GW;14125/14126/014120;0;;
01868501010;006564;61640008649;GABINETE QTA 800X600X200 CTZ;;SEPARADO;1;;;1;627,25;SEPARADO;GW;14125/14126/014120;0;;
01868501011;006564;104016100;TER ISOL ANEL 6.70-10.00MM M8;;SEPARADO;4;;;4;0;SEPARADO;0;000000;;;
01868501011;006564;109013600;FITA ISOL 19MMX5M PT;;SEPARADO;1;;;1;0;SEPARADO;REI DAS MANGUEIRAS;000000;0;;
01868501011;006564;109013700;FITA ISOLANTE AUTOFUSAO - 19MMX5M PT;;SEPARADO;1;;;1;0;SEPARADO;REI DAS MANGUEIRAS;000000;0;;
01868501012;006564;101095500;MOD COMUNICACAO CM3-ETHERNET;;SEPARADO;1;;;1;995,11;SEPARADO;SERVINTEL;014089;0;;
01868601001;006566;101004800;SENSOR TEMP 12VCC;;SEPARADO;1;;;1;210,79;SEPARADO;POLIPECAS COMERCIAL E IMPORTADORA LTDA;000000;;;
01868601005;006566;104016100;TER ISOL ANEL 6.70-10.00MM M8;;SEPARADO;8;;;8;0;SEPARADO;0;000000;;;
01868601005;006566;107069800;CB COBRE 10MM2 BR 200ºC 152A;;SEPARADO;2,8;;;2,8;53,25;SEPARADO;CONDUMIX COMERCIO DE MATERIAL ELETRICO LTDA;000000;;;
01868601005;006566;109092400;ISOLADOR CIL 16X30 MM M6;;SEPARADO;2;;;2;9,06;SEPARADO;MX MATERIAIS ELETRICOS LTDA;000000;;;
01868601001;006566;204229500;CALCO D106 X 9,53;;SEPARADO;4;;;4;33,775;SEPARADO;GW;14125/14126/014120;0;;
01868601001;006566;204576400;ADP M/F M10X1,5 X M10X1,0;;SEPARADO;1;;;1;14;SEPARADO;EVOLUCAO METALURGICA LTDA;000000;;;
01868601001;006566;209001400;PERFIL BRCH U 12X6MM 1912;;SEPARADO;0,3;;;0,3;0;SEPARADO;0;000000;;;
01868601001;006566;210012800;ARR M10 DIN 125 BIC;;KANBAN;20;;;20;1,15;KANBAN;MX;000000;;;
01868601001;006566;30702002801;BARRA ROSCADA 6MM;;FALTA;2;;;2;24,125;FALTA;GW;14125/14126/014120;0;;
01868601001;006566;31601193601NE;BOTAO EMERGENCIA CARENAGEM 2NF;;SEPARADO;1;;;1;8548,9321;SEPARADO;SDMO  INDUSTRIES;000000;;;
01868601001;006566;31805000303;ABRACADEIRA CRON D17-27 AC;;FALTA;4;;;4;4,15;FALTA;REI DAS MANGUEIRAS;014113;0;;
01868601001;006566;31805005801;ABRACADEIRA ESCAP. MS 73-81;;SEPARADO;1;;;1;28;SEPARADO;SCAPSUL;014119;0,065;;
01868601001;006566;31807001215;JUNTA DE VEDACAO D14XD18X1,5;;FÁBRICA;1;;;1;5;FÁBRICA;CENTRAL;014105;0;;
01868601001;006566;31807001223;JUNTA DE VEDACAO D18XD24X1,5;;FÁBRICA;1;;;1;6;FÁBRICA;CENTRAL;014105;0;;
01868601001;006566;31810002505;MANGUEIRA FLEXIVEL 12X19;;KANBAN;0,6;;;0,6;102,78;KANBAN;MX;000000;;;
01868601001;006566;31810006103;MANGUEIRA FLEXIVEL 16X26;;KANBAN;0,6;;;0,6;138,6;KANBAN;MX;000000;;;
01868601001;006566;60101001401;MOTOR PERKINS 1103A-33TG1;;RETIRADO;1;;;1;25322,58;RETIRADO;SOMOV S.A;014085;0;;
01868601001;006566;60101000101;MOTOR PERKINS 1103A-33TG2;;SEPARADO;1;;;1;25322,58;SEPARADO;SOMOV S.A;014085;0;;
01868601001;006566;60101001401;MOTOR PERKINS 1103A-33TG1;;RETIRADO;1;;;1;25322,58;RETIRADO;SOMOV S.A;014085;0;;
01868601001;006566;60201018801;GS WEG AW10 BR180S1-H MU F3;;SEPARADO;1;;;1;10554,29;SEPARADO;WEG EQUIPAMENTOS ELETRICOS S/A;014084;0;;
01868601001;006566;60305003201;RESIST. PREAQUEC. 1000W 220V;;SEPARADO;1;;;1;900;SEPARADO;SERVINTEL;014089;0;;
01868601001;006566;60501001601;TAMPA BOC ABAST TANCLIK  A101C;;SEPARADO;1;;;1;48;SEPARADO;ITULUB;014109;0;;
01868601001;006566;60501004708;FLANGE TQ POLI RETORNO;;SEPARADO;1;;;1;72,375;SEPARADO;GW;14125/14126/014120;0;;
01868601001;006566;60501004908;TRAVA FIX 450L;;SEPARADO;2;;;2;33,775;SEPARADO;GW;14125/14126/014120;0;;
01868601001;006566;60501005501;TQ COMB 180L POLIETILENO;;SEPARADO;1;;;1;1563,79;SEPARADO;ACCURATE MACHINE USINAGEM DE PRECISAO LTDA ME                                   ;014087;0;;
01868601001;006566;60501008608;CONTRA FLANGE TQ POLIETILENO;;SEPARADO;2;;;2;33,775;SEPARADO;GW;14125/14126/014120;0;;
01868601001;006566;60501010308;FLANGE TQ 200L POLI ABAST KVA;;SEPARADO;1;;;1;33,775;SEPARADO;GW;14125/14126/014120;0;;
01868601001;006566;60501010708;BOCAL ENCHIMENTO TQ TANCLICK;;SEPARADO;1;;;1;145;SEPARADO;AÇO FORT;000000;0;;
01868601001;006566;60702003501;BATERIA 12V 70AH 510CCA KONDOR;;SEPARADO;1;;;1;450;SEPARADO;JMS;014110;0;;
01868601001;006566;60702005608;SPT BAT 70AH SMART I;;SEPARADO;1;;;1;96,5;SEPARADO;GW;14125/14126/014120;0;;
01868601001;006566;60702006008;SPT FIX BAT 100AH SMART;;SEPARADO;1;;;1;91,675;SEPARADO;GW;14125/14126/014120;0;;
01868601001;006566;61401016249NE;CARENAGEM SMART I ;;SEPARADO;1;;;1;3377,5;SEPARADO;GW;14125/14126/014120;0;;
01868601001;006566;60901012816;SILENCIOSO 29DBA CRN KSE105;;SEPARADO;1;;;1;1363,04;SEPARADO;SCAPSUL;014119;0,065;;
01868601001;006566;60901024616;CURVA FLEX PK1103T KSE105 VS;;SEPARADO;1;;;1;772,34;SEPARADO;SCAPSUL;014119;0,065;;
01868601001;006566;61101000501;SENSOR PR OLEO 3RHO 7704;;SEPARADO;1;;;1;209,6;SEPARADO;MX;014112;0;;
01868601001;006566;61101001301;SENS NV COMB ULTRAS K40LSR;;SEPARADO;1;;;1;441;SEPARADO;KVA;014111;0;;
01868601001;006566;61103000100;"BOIA MEC FV34-75-PP130 3/4""BSP";;SEPARADO;1;;;1;900;SEPARADO;SANTAE;014114;0,0325;;
01868601001;006566;61301014708;BASE SMART I PK;;SEPARADO;1;;;1;965;SEPARADO;GW;14125/14126/014120;0;;
01868601001;006566;61303000101;AMT VIBRA-STOP XT2000 M12;;SEPARADO;4;;;4;103,7;SEPARADO;VIBRA-STOP;014117;0;;
01868601001;006566;61307015508;SPT MOT PK/FPT SMART I E II;;SEPARADO;1;;;1;241,25;SEPARADO;GW;14125/14126/014120;0;;
01868601001;006566;61307015608;SPT ALT WEG SMART I E II;;SEPARADO;1;;;1;241,25;SEPARADO;GW;14125/14126/014120;0;;
01868601001;006566;61402046608;FECH RAD SMART I PK1103A;;SEPARADO;1;;;1;731,47;SEPARADO;GW;14125/14126/014120;0;;
01868601001;006566;61405001101;BATENTE DE BORRACHA CONICO;;SEPARADO;3;;;3;6,4;SEPARADO;ML;000000;0;;
01868601001;006566;61601008708;SPT ESQ QCF/QTA SMART I E II;;SEPARADO;1;;;1;33,775;SEPARADO;GW;14125/14126/014120;0;;
01868601001;006566;61601008808;SPT DIR QCF/QTA SMART I E II;;SEPARADO;1;;;1;33,775;SEPARADO;GW;14125/14126/014120;0;;
01868601005;006566;61635033549;TAMPA DJ MAN ABB QCF/QTA A0/A2;;SEPARADO;1;;;1;24,125;SEPARADO;GW;14125/14126/014120;0;;
01868601005;006566;61640008851;SPT DJ ABB A0/A2 QCF/QTA;;SEPARADO;1;;;1;33,775;SEPARADO;GW;14125/14126/014120;0;;
01868601005;006566;61647041101;DCM 3P FX 80A A0C TMF;;SEPARADO;1;;;1;152,8;SEPARADO;ABB;014123;0,065;;
01868601001;006566;61652004801;RL AUX 40A 12VCC DNI0102;;SEPARADO;2;;;2;5,86;SEPARADO;SNAP;014090;0;;
01868601005;006566;61653004801;TC SASSI 250-5A ST-42;;SEPARADO;3;;;3;91;SEPARADO;SASSI;014115;0,065;;
01868601001;006566;61656004001;CONT NF BOTAO ABB LINHA MCB;;SEPARADO;2;;;2;9,33;SEPARADO;ABB;014123;0,0975;;
01868601005;006566;61659003501;PROT PLC A0 QTA SMART ELETRONET;;SEPARADO;1;;;1;78,83870968;SEPARADO;EMPORIO DO ACRILICO;014124;0;;
01868601001;006566;61801002001;PF DIN912 M10X40 12.9 PT;;SEPARADO;12;;;12;5,58;SEPARADO;MULT TEMPERA COAT TECNOLOGIA EM TRATAMENTO TERMICO E REVESTIMENTOS SUPERFICIAIS;000000;;;
01868601001;006566;61801002101;"PF DIN912 3/8""UNFX1"" 12.9 PT";;SEPARADO;8;;;8;5,11;SEPARADO;MULT TEMPERA COAT TECNOLOGIA EM TRATAMENTO TERMICO E REVESTIMENTOS SUPERFICIAIS;000000;;;
01868601001;006566;61801002201;ARR M10 DIN 127 BIC;;KANBAN;20;;;20;0,85;KANBAN;CENTRAL;000000;0;;
01868601001;006566;61802000111;"BICO RM 1/2""NPT MANG 1/2"" BIC";;SEPARADO;2;;;2;28,5;SEPARADO;BULKS INDUSTRIA E COMERCIO LTDA;000000;;;
01868601001;006566;61802000311;BICO RM 1/2 POL.NPT FM16 MANG;;SEPARADO;1;;;1;26,88;SEPARADO;BULKS;014088;0;;
01868601001;006566;61802000422;COTOVELO MF 90 1 2NPT GALV;;FÁBRICA;1;;;1;8,34;FÁBRICA;CENTRAL;014105;0;;
01868601001;006566;61802000711;BICO RM 1/2 NPT MANG 3/8 BIC;;SEPARADO;1;;;1;26,88;SEPARADO;BULKS;014088;0;;
01868601001;006566;61802001711;BICO RM 1/2NPT MANG 5/8 BIC;;SEPARADO;2;;;2;26,88;SEPARADO;BULKS;014088;0;;
01868601001;006566;61802002711;ADP M/M 1/2”NPT X 3/4UNF BIC;;SEPARADO;1;;;1;26,88;SEPARADO;BULKS;014088;0;;
01868601001;006566;61802002811;"BICO RM 1/4""NPT MANG 5/8"" BIC";;SEPARADO;1;;;1;18,23;SEPARADO;HITOCOM MATERIAIS TECNICOS E SERVICOS LTDA;000000;;;
01868601001;006566;61802002911;ADP M/F M18X1.5 X M14X1.5 BIC;;SEPARADO;1;;;1;26,88;SEPARADO;BULKS;014088;0;;
01868601001;006566;61802008111;ADP M RESP M22;;SEPARADO;1;;;1;190,69;SEPARADO;HITOCOM MATERIAIS TECNICOS E SERVICOS LTDA;000000;;;
01868601001;006566;61802014001;BICO RM 1/2 NPT MANG 5/16 BIC;;SEPARADO;1;;;1;26,88;SEPARADO;BULKS;014088;0;;
01868601001;006566;61805000222;ABRACADEIRA CRON D14-22 AC;;SEPARADO;2;;;2;4,15;SEPARADO;REI DAS MANGUEIRAS;014113;0;;
01868601001;006566;61807000301;ARR VED 10X16X1.5 AL;;SEPARADO;2;;;2;0;SEPARADO;0;000000;;;
01868601001;006566;61809000101;"VALV ESFERA F/F 1/2"" NPT";;SEPARADO;1;;;1;35,25;SEPARADO;HITOCOM MATERIAIS TECNICOS E SERVICOS LTDA;000000;;;
01868601001;006566;61809000301;"VALV ESF BORBOLETA F/F 1/2""NPT";;SEPARADO;1;;;1;62,82;SEPARADO;MX;014112;0;;
01868601005;006566;106001500;DJ 1P 10A CURVA C 10KA S201;;SEPARADO;1;;;1;27,95;SEPARADO;ABB;014123;0,065;;
01868601005;006566;106207600;POSTE FINAL USK-2G2;;SEPARADO;3;;;3;0;SEPARADO;0;000000;;;
01868601005;006566;104193600;SUPORTE IDENTIF P/ POSTE KLM-A;;SEPARADO;2;;;2;0;SEPARADO;0;000000;;;
01868601005;006566;107078500;CB COBRE NU 16MM2;;SEPARADO;0,5;;;0,5;10,2811;SEPARADO;COBREFLEX INDUSTRIA, DISTRIBUICAO E COMERCIO DE FIOS E CABOS EIRELI;000000;;;
01868601005;006566;204583100;PORTA DOCUMENTOS TASCO 71160;;SEPARADO;1;;;1;40,83;SEPARADO;TASCO;014108;0,0975;;
01868601005;006566;61640008749;TAMPA QTA USCA 5C CTZ;;SEPARADO;1;;;1;27,02;SEPARADO;GW;14125/14126/014120;0;;
01868601005;006566;106004400;DJ 3P 16A CURVA C 10KA S203;;SEPARADO;2;;;2;48,61;SEPARADO;ABB ELETRIFICACAO LTDA;000000;;;
01868601005;006566;61648042901;DJ 2P 10A SJ202 T-C10;;SEPARADO;1;;;1;35;SEPARADO;ABB ELETRIFICACAO LTDA;000000;;;
01868601005;006566;61652004801;RL AUX 40A 12VCC DNI0102;;SEPARADO;4;;;4;5,86;SEPARADO;SNAP;014090;0;;
01868601005;006566;61654001901;MOD IL4-AMF8;;SEPARADO;1;;;1;842,74;SEPARADO;SERVINTEL;014089;0;;
01868601005;006566;61655002601;CARREG BAT 12/24VCC KVA PRO;;SEPARADO;1;;;1;466,33;SEPARADO;KVA;014111;0;;
01868601005;006566;61656003801;SUPORTE MODULAR BOTAO ABB;;SEPARADO;1;;;1;5,55;SEPARADO;ABB;014123;0,0975;;
01868601005;006566;61656004001;CONT NF BOTAO ABB LINHA MCB;;SEPARADO;1;;;1;9,33;SEPARADO;ABB;014123;0,0975;;
01868601005;006566;61656004701;CABECOTE BOTAO EMERGENCIA ABB;;SEPARADO;1;;;1;40,97;SEPARADO;ABB;014123;0,0975;;
01868601005;006566;61656004801;ADESIVO PARADA DE EMERGENCIA;;FÁBRICA;1;;;1;25,7;FÁBRICA;APS COMPONENTES ELETRICOS S/A;000000;;;
01868601005;006566;61659003301;TERMO RETRATIL AZUL LARG 9MM;;SEPARADO;24,3;;;24,3;2,4971;SEPARADO;ESTOQUE;000000;0;;
01868601005;006566;61660001201;TER ISOL ANEL 16MM² M8;;SEPARADO;1;;;1;16,1;SEPARADO;ROMAR ACESSORIOS INDUSTRIAIS LTDA;000000;;;
01868601005;006566;61660001301;TER ISOL ANEL 16MM² M10;;SEPARADO;1;;;1;16,39;SEPARADO;ROMAR ACESSORIOS INDUSTRIAIS LTDA;000000;;;
01868601005;006566;61660005901;BORNE DUPLO PUSH IN 4MM DDP4;;SEPARADO;7;;;7;1,9;SEPARADO;PROAUTO;014121;0,0975;;
01868601005;006566;61660006101;BORNE PUSH IN DP2.5PG-XXP;;RETIRADO;1;;;1;7,42;RETIRADO;PROAUTO;014121;0,0975;;
01868601005;006566;61660006201;JUMPER BORNE DUP 4MM DSD01402N;;SEPARADO;1;;;1;2,01;SEPARADO;PROAUTO;014121;0,0975;;
01868601005;006566;61660006501;TAMPA P/ BORNE DUP 4MM DPP4C;;SEPARADO;2;;;2;1,38;SEPARADO;PROAUTO;014121;0,0975;;
01868601005;006566;61660006601;TAMPA P/ BORNE 4MM DPES2.5C;;FÁBRICA;1;;;1;2,06;FÁBRICA;PROAUTO;014121;0,0975;;
01868601008;006566;107045500;"BARRA COBRE 1"" X 5/16""";;SEPARADO;0,2;;;0,2;170,9516;SEPARADO;ESTOQUE;000000;0;;
01868601009;006566;105049200;INTTRV MEC CTTR VM19;;SEPARADO;1;;;1;92,68;SEPARADO;ABB;014123;0,0975;;
01868601009;006566;105049500;CTTR 3P 160A AF116 30-11-13;;SEPARADO;2;;;2;756,87;SEPARADO;ABB;014123;0,0325;;
01868601009;006566;106088800;DJ 3P 80A S283 C80;;SEPARADO;1;;;1;0;SEPARADO;0;000000;;;
01868601009;006566;107069800;CB COBRE 10MM2 BR 200ºC 152A;;SEPARADO;1;;;1;53,25;SEPARADO;CONDUMIX COMERCIO DE MATERIAL ELETRICO LTDA;000000;;;
01868601009;006566;107010900;CB COBRE 50MM2 0,6/1KV 90 C PT;;SEPARADO;0,75;;;0,75;70,95;SEPARADO;REMO ELETRICA LTDA;000000;;;
01868601009;006566;107069800;CB COBRE 10MM2 BR 200ºC 152A;;SEPARADO;5;;;5;0;SEPARADO;CONDUMIX COMERCIO DE MATERIAL ELETRICO LTDA;000000;;;
01868601009;006566;61646009401;PROT SURTOS FRONT V 460V 45KA;;SEPARADO;4;;;4;38,9792;SEPARADO;CLAMPER;014107;0,0975;;
01868601010;006566;209001400;PERFIL BRCH U 12X6MM 1912;;SEPARADO;0,5;;;0,5;0;SEPARADO;0;000000;;;
01868601010;006566;61405001201;DOBRADICA TASCO 91591;;SEPARADO;3;;;3;0;SEPARADO;GW;14125/14126/014120;0;;
01868601010;006566;61405002801;FECHO LINGUETA YALE;;SEPARADO;2;;;2;0;SEPARADO;GW;14125/14126/014120;0;;
01868601010;006566;61635033349;TAMPA PASS CB QD QCF/QTA;;SEPARADO;1;;;1;24,125;SEPARADO;GW;14125/14126/014120;0;;
01868601010;006566;61635033949;SPT TRILHO QCF/QTA;;SEPARADO;2;;;2;24,125;SEPARADO;GW;14125/14126/014120;0;;
01868601010;006566;61640008649;GABINETE QTA 800X600X200 CTZ;;SEPARADO;1;;;1;627,25;SEPARADO;GW;14125/14126/014120;0;;
01868601011;006566;104016100;TER ISOL ANEL 6.70-10.00MM M8;;SEPARADO;4;;;4;0;SEPARADO;0;000000;;;
01868601011;006566;109013600;FITA ISOL 19MMX5M PT;;SEPARADO;1;;;1;0;SEPARADO;REI DAS MANGUEIRAS;000000;0;;
01868601011;006566;109013700;FITA ISOLANTE AUTOFUSAO - 19MMX5M PT;;SEPARADO;1;;;1;0;SEPARADO;REI DAS MANGUEIRAS;000000;0;;
01868601012;006566;101095500;MOD COMUNICACAO CM3-ETHERNET;;SEPARADO;1;;;1;995,11;SEPARADO;SERVINTEL;014089;0;;
01868701001;006568;101004800;SENSOR TEMP 12VCC;;SEPARADO;1;;;1;210,79;SEPARADO;POLIPECAS COMERCIAL E IMPORTADORA LTDA;000000;;;
01868701005;006568;104016100;TER ISOL ANEL 6.70-10.00MM M8;;SEPARADO;8;;;8;0;SEPARADO;0;000000;;;
01868701005;006568;107069800;CB COBRE 10MM2 BR 200ºC 152A;;SEPARADO;2,8;;;2,8;53,25;SEPARADO;CONDUMIX COMERCIO DE MATERIAL ELETRICO LTDA;000000;;;
01868701005;006568;109092400;ISOLADOR CIL 16X30 MM M6;;SEPARADO;2;;;2;9,06;SEPARADO;MX MATERIAIS ELETRICOS LTDA;000000;;;
01868701001;006568;204229500;CALCO D106 X 9,53;;SEPARADO;4;;;4;33,775;SEPARADO;GW;14125/14126/014120;0;;
01868701001;006568;204576400;ADP M/F M10X1,5 X M10X1,0;;SEPARADO;1;;;1;14;SEPARADO;EVOLUCAO METALURGICA LTDA;000000;;;
01868701001;006568;209001400;PERFIL BRCH U 12X6MM 1912;;SEPARADO;0,3;;;0,3;0;SEPARADO;0;000000;;;
01868701001;006568;210012800;ARR M10 DIN 125 BIC;;KANBAN;20;;;20;1,15;KANBAN;MX;000000;;;
01868701001;006568;30702002801;BARRA ROSCADA 6MM;;FALTA;2;;;2;24,125;FALTA;GW;14125/14126/014120;0;;
01868701001;006568;31601193601NE;BOTAO EMERGENCIA CARENAGEM 2NF;;SEPARADO;1;;;1;8548,9321;SEPARADO;SDMO  INDUSTRIES;000000;;;
01868701001;006568;31805000303;ABRACADEIRA CRON D17-27 AC;;FALTA;4;;;4;4,15;FALTA;REI DAS MANGUEIRAS;014113;0;;
01868701001;006568;31805005801;ABRACADEIRA ESCAP. MS 73-81;;SEPARADO;1;;;1;28;SEPARADO;SCAPSUL;014119;0,065;;
01868701001;006568;31807001215;JUNTA DE VEDACAO D14XD18X1,5;;FÁBRICA;1;;;1;5;FÁBRICA;CENTRAL;014105;0;;
01868701001;006568;31807001223;JUNTA DE VEDACAO D18XD24X1,5;;FÁBRICA;1;;;1;6;FÁBRICA;CENTRAL;014105;0;;
01868701001;006568;31810002505;MANGUEIRA FLEXIVEL 12X19;;KANBAN;0,6;;;0,6;102,78;KANBAN;MX;000000;;;
01868701001;006568;31810006103;MANGUEIRA FLEXIVEL 16X26;;KANBAN;0,6;;;0,6;138,6;KANBAN;MX;000000;;;
01868701001;006568;60101000101;MOTOR PERKINS 1103A-33TG2;;SEPARADO;1;;;1;25322,58;SEPARADO;SOMOV S.A;014085;0;;
01868701001;006568;60101001401;MOTOR PERKINS 1103A-33TG1;;RETIRADO;1;;;1;25322,58;RETIRADO;SOMOV S.A;014085;0;;
01868701001;006568;60201018801;GS WEG AW10 BR180S1-H MU F3;;SEPARADO;1;;;1;10554,29;SEPARADO;WEG EQUIPAMENTOS ELETRICOS S/A;014084;0;;
01868701001;006568;60305003201;RESIST. PREAQUEC. 1000W 220V;;SEPARADO;1;;;1;900;SEPARADO;SERVINTEL;014089;0;;
01868701001;006568;60501001601;TAMPA BOC ABAST TANCLIK  A101C;;SEPARADO;1;;;1;48;SEPARADO;ITULUB;014109;0;;
01868701001;006568;60501004708;FLANGE TQ POLI RETORNO;;SEPARADO;1;;;1;72,375;SEPARADO;GW;14125/14126/014120;0;;
01868701001;006568;60501004908;TRAVA FIX 450L;;SEPARADO;2;;;2;33,775;SEPARADO;GW;14125/14126/014120;0;;
01868701001;006568;60501005501;TQ COMB 180L POLIETILENO;;SEPARADO;1;;;1;1563,79;SEPARADO;ACCURATE MACHINE USINAGEM DE PRECISAO LTDA ME                                   ;014087;0;;
01868701001;006568;60501008608;CONTRA FLANGE TQ POLIETILENO;;SEPARADO;2;;;2;33,775;SEPARADO;GW;14125/14126/014120;0;;
01868701001;006568;60501010308;FLANGE TQ 200L POLI ABAST KVA;;SEPARADO;1;;;1;33,775;SEPARADO;GW;14125/14126/014120;0;;
01868701001;006568;60501010708;BOCAL ENCHIMENTO TQ TANCLICK;;SEPARADO;1;;;1;145;SEPARADO;AÇO FORT;000000;0;;
01868701001;006568;60702003501;BATERIA 12V 70AH 510CCA KONDOR;;SEPARADO;1;;;1;450;SEPARADO;JMS;014110;0;;
01868701001;006568;60702005608;SPT BAT 70AH SMART I;;SEPARADO;1;;;1;96,5;SEPARADO;GW;14125/14126/014120;0;;
01868701001;006568;60702006008;SPT FIX BAT 100AH SMART;;SEPARADO;1;;;1;91,675;SEPARADO;GW;14125/14126/014120;0;;
01868701001;006568;61401016249NE;CARENAGEM SMART I ;;SEPARADO;1;;;1;3377,5;SEPARADO;GW;14125/14126/014120;0;;
01868701001;006568;60901012816;SILENCIOSO 29DBA CRN KSE105;;SEPARADO;1;;;1;1363,04;SEPARADO;SCAPSUL;014119;0,065;;
01868701001;006568;60901024616;CURVA FLEX PK1103T KSE105 VS;;SEPARADO;1;;;1;772,34;SEPARADO;SCAPSUL;014119;0,065;;
01868701001;006568;61101000501;SENSOR PR OLEO 3RHO 7704;;SEPARADO;1;;;1;209,6;SEPARADO;MX;014112;0;;
01868701001;006568;61101001301;SENS NV COMB ULTRAS K40LSR;;SEPARADO;1;;;1;441;SEPARADO;KVA;014111;0;;
01868701001;006568;61103000100;"BOIA MEC FV34-75-PP130 3/4""BSP";;SEPARADO;1;;;1;900;SEPARADO;SANTAE;014114;0,0325;;
01868701001;006568;61301014708;BASE SMART I PK;;SEPARADO;1;;;1;965;SEPARADO;GW;14125/14126/014120;0;;
01868701001;006568;61303000101;AMT VIBRA-STOP XT2000 M12;;SEPARADO;4;;;4;103,7;SEPARADO;VIBRA-STOP;014117;0;;
01868701001;006568;61307015508;SPT MOT PK/FPT SMART I E II;;SEPARADO;1;;;1;241,25;SEPARADO;GW;14125/14126/014120;0;;
01868701001;006568;61307015608;SPT ALT WEG SMART I E II;;SEPARADO;1;;;1;241,25;SEPARADO;GW;14125/14126/014120;0;;
01868701001;006568;61402046608;FECH RAD SMART I PK1103A;;SEPARADO;1;;;1;731,47;SEPARADO;GW;14125/14126/014120;0;;
01868701001;006568;61405001101;BATENTE DE BORRACHA CONICO;;SEPARADO;3;;;3;6,4;SEPARADO;ML;000000;0;;
01868701001;006568;61601008708;SPT ESQ QCF/QTA SMART I E II;;SEPARADO;1;;;1;33,775;SEPARADO;GW;14125/14126/014120;0;;
01868701001;006568;61601008808;SPT DIR QCF/QTA SMART I E II;;SEPARADO;1;;;1;33,775;SEPARADO;GW;14125/14126/014120;0;;
01868701005;006568;61635033549;TAMPA DJ MAN ABB QCF/QTA A0/A2;;SEPARADO;1;;;1;24,125;SEPARADO;GW;14125/14126/014120;0;;
01868701005;006568;61640008851;SPT DJ ABB A0/A2 QCF/QTA;;SEPARADO;1;;;1;33,775;SEPARADO;GW;14125/14126/014120;0;;
01868701005;006568;61647041101;DCM 3P FX 80A A0C TMF;;SEPARADO;1;;;1;152,8;SEPARADO;ABB;014123;0,065;;
01868701005;006568;61648042801;DJ 3P 10A SJ203 T-C10;;RETIRADO;1;;;1;48,61;RETIRADO;#N/D;000000;;;
01868701005;006568;61652004801;RL AUX 40A 12VCC DNI0102;;SEPARADO;2;;;2;5,86;SEPARADO;SNAP;014090;0;;
01868701005;006568;61653004801;TC SASSI 250-5A ST-42;;SEPARADO;3;;;3;91;SEPARADO;SASSI;014115;0,065;;
01868701005;006568;61656004001;CONT NF BOTAO ABB LINHA MCB;;SEPARADO;2;;;2;9,33;SEPARADO;ABB;014123;0,0975;;
01868701005;006568;61659003501;PROT PLC A0 QTA SMART ELETRONET;;SEPARADO;1;;;1;78,83870968;SEPARADO;EMPORIO DO ACRILICO;014124;0;;
01868701001;006568;61801002001;PF DIN912 M10X40 12.9 PT;;SEPARADO;12;;;12;5,58;SEPARADO;MULT TEMPERA COAT TECNOLOGIA EM TRATAMENTO TERMICO E REVESTIMENTOS SUPERFICIAIS;000000;;;
01868701001;006568;61801002101;"PF DIN912 3/8""UNFX1"" 12.9 PT";;SEPARADO;8;;;8;5,11;SEPARADO;MULT TEMPERA COAT TECNOLOGIA EM TRATAMENTO TERMICO E REVESTIMENTOS SUPERFICIAIS;000000;;;
01868701001;006568;61801002201;ARR M10 DIN 127 BIC;;KANBAN;20;;;20;0,85;KANBAN;CENTRAL;000000;0;;
01868701001;006568;61802000111;"BICO RM 1/2""NPT MANG 1/2"" BIC";;SEPARADO;2;;;2;26,88;SEPARADO;BULKS;014088;0;;
01868701001;006568;61802000311;BICO RM 1/2 POL.NPT FM16 MANG;;SEPARADO;1;;;1;26,88;SEPARADO;BULKS;014088;0;;
01868701001;006568;61802000422;COTOVELO MF 90 1 2NPT GALV;;FÁBRICA;1;;;1;8,34;FÁBRICA;CENTRAL;014105;0;;
01868701001;006568;61802000711;BICO RM 1/2 NPT MANG 3/8 BIC;;SEPARADO;1;;;1;26,88;SEPARADO;BULKS;014088;0;;
01868701001;006568;61802001711;BICO RM 1/2NPT MANG 5/8 BIC;;SEPARADO;2;;;2;26,88;SEPARADO;BULKS;014088;0;;
01868701001;006568;61802002711;ADP M/M 1/2”NPT X 3/4UNF BIC;;SEPARADO;1;;;1;26,88;SEPARADO;BULKS;014088;0;;
01868701001;006568;61802002811;"BICO RM 1/4""NPT MANG 5/8"" BIC";;SEPARADO;1;;;1;18,23;SEPARADO;HITOCOM MATERIAIS TECNICOS E SERVICOS LTDA;000000;;;
01868701001;006568;61802002911;ADP M/F M18X1.5 X M14X1.5 BIC;;SEPARADO;1;;;1;26,88;SEPARADO;BULKS;014088;0;;
01868701001;006568;61802008111;ADP M RESP M22;;SEPARADO;1;;;1;190,69;SEPARADO;HITOCOM MATERIAIS TECNICOS E SERVICOS LTDA;000000;;;
01868701001;006568;61802014001;BICO RM 1/2 NPT MANG 5/16 BIC;;SEPARADO;1;;;1;26,88;SEPARADO;BULKS;014088;0;;
01868701001;006568;61805000222;ABRACADEIRA CRON D14-22 AC;;FALTA;2;;;1;4,15;FALTA;REI DAS MANGUEIRAS;014113;0;;
01868701001;006568;61807000301;ARR VED 10X16X1.5 AL;;SEPARADO;2;;;2;0;SEPARADO;0;000000;;;
01868701001;006568;61809000101;"VALV ESFERA F/F 1/2"" NPT";;SEPARADO;1;;;1;35,25;SEPARADO;HITOCOM MATERIAIS TECNICOS E SERVICOS LTDA;000000;;;
01868701001;006568;61809000301;"VALV ESF BORBOLETA F/F 1/2""NPT";;SEPARADO;1;;;1;62,82;SEPARADO;MX;014112;0;;
01868701005;006568;106001500;DJ 1P 10A CURVA C 10KA S201;;SEPARADO;1;;;1;27,95;SEPARADO;ABB;014123;0,065;;
01868701005;006568;106207600;POSTE FINAL USK-2G2;;SEPARADO;3;;;3;0;SEPARADO;0;000000;;;
01868701005;006568;104193600;SUPORTE IDENTIF P/ POSTE KLM-A;;SEPARADO;2;;;2;0;SEPARADO;0;000000;;;
01868701005;006568;107078500;CB COBRE NU 16MM2;;SEPARADO;0,5;;;0,5;10,2811;SEPARADO;COBREFLEX INDUSTRIA, DISTRIBUICAO E COMERCIO DE FIOS E CABOS EIRELI;000000;;;
01868701005;006568;204583100;PORTA DOCUMENTOS TASCO 71160;;SEPARADO;1;;;1;40,83;SEPARADO;TASCO;014108;0,0975;;
01868701005;006568;61640008749;TAMPA QTA USCA 5C CTZ;;SEPARADO;1;;;1;27,02;SEPARADO;GW;14125/14126/014120;0;;
01868701005;006568;106004400;DJ 3P 16A CURVA C 10KA S203;;SEPARADO;2;;;2;48,61;SEPARADO;ABB ELETRIFICACAO LTDA;000000;;;
01868701005;006568;61648042901;DJ 2P 10A SJ202 T-C10;;SEPARADO;1;;;1;35;SEPARADO;ABB ELETRIFICACAO LTDA;000000;;;
01868701005;006568;61652004801;RL AUX 40A 12VCC DNI0102;;SEPARADO;4;;;4;5,86;SEPARADO;SNAP;014090;0;;
01868701005;006568;61654001901;MOD IL4-AMF8;;SEPARADO;1;;;1;842,74;SEPARADO;SERVINTEL;014089;0;;
01868701005;006568;61655002601;CARREG BAT 12/24VCC KVA PRO;;SEPARADO;1;;;1;466,33;SEPARADO;KVA;014111;0;;
01868701005;006568;61656003801;SUPORTE MODULAR BOTAO ABB;;SEPARADO;1;;;1;5,55;SEPARADO;ABB;014123;0,0975;;
01868701005;006568;61656004001;CONT NF BOTAO ABB LINHA MCB;;SEPARADO;1;;;1;9,33;SEPARADO;ABB;014123;0,0975;;
01868701005;006568;61656004701;CABECOTE BOTAO EMERGENCIA ABB;;SEPARADO;1;;;1;40,97;SEPARADO;ABB;014123;0,0975;;
01868701005;006568;61656004801;ADESIVO PARADA DE EMERGENCIA;;FÁBRICA;1;;;1;25,7;FÁBRICA;APS COMPONENTES ELETRICOS S/A;000000;;;
01868701005;006568;61659003301;TERMO RETRATIL AZUL LARG 9MM;;SEPARADO;24,3;;;24,3;2,4971;SEPARADO;ESTOQUE;000000;0;;
01868701005;006568;61660001201;TER ISOL ANEL 16MM² M8;;SEPARADO;1;;;1;16,1;SEPARADO;ROMAR ACESSORIOS INDUSTRIAIS LTDA;000000;;;
01868701005;006568;61660001301;TER ISOL ANEL 16MM² M10;;SEPARADO;1;;;1;16,39;SEPARADO;ROMAR ACESSORIOS INDUSTRIAIS LTDA;000000;;;
01868701005;006568;61660005901;BORNE DUPLO PUSH IN 4MM DDP4;;SEPARADO;7;;;7;1,9;SEPARADO;PROAUTO;014121;0,0975;;
01868701005;006568;61660006101;BORNE PUSH IN DP2.5PG-XXP;;RETIRADO;1;;;1;7,42;RETIRADO;PROAUTO;014121;0,0975;;
01868701005;006568;61660006201;JUMPER BORNE DUP 4MM DSD01402N;;SEPARADO;1;;;1;2,01;SEPARADO;PROAUTO;014121;0,0975;;
01868701005;006568;61660006501;TAMPA P/ BORNE DUP 4MM DPP4C;;SEPARADO;2;;;2;1,38;SEPARADO;PROAUTO;014121;0,0975;;
01868701005;006568;61660006601;TAMPA P/ BORNE 4MM DPES2.5C;;FÁBRICA;1;;;1;2,06;FÁBRICA;PROAUTO;014121;0,0975;;
01868701008;006568;107045500;"BARRA COBRE 1"" X 5/16""";;SEPARADO;0,2;;;0,2;170,9516;SEPARADO;ESTOQUE;000000;0;;
01868701009;006568;105049200;INTTRV MEC CTTR VM19;;SEPARADO;1;;;1;92,68;SEPARADO;ABB;014123;0,0975;;
01868701009;006568;105049500;CTTR 3P 160A AF116 30-11-13;;SEPARADO;2;;;2;756,87;SEPARADO;ABB;014123;0,0325;;
01868701009;006568;106088800;DJ 3P 80A S283 C80;;SEPARADO;1;;;1;0;SEPARADO;0;000000;;;
01868701009;006568;107069800;CB COBRE 10MM2 BR 200ºC 152A;;SEPARADO;1;;;1;53,25;SEPARADO;CONDUMIX COMERCIO DE MATERIAL ELETRICO LTDA;000000;;;
01868701009;006568;107010900;CB COBRE 50MM2 0,6/1KV 90 C PT;;SEPARADO;0,75;;;0,75;70,95;SEPARADO;REMO ELETRICA LTDA;000000;;;
01868701009;006568;107069800;CB COBRE 10MM2 BR 200ºC 152A;;SEPARADO;5;;;5;0;SEPARADO;CONDUMIX COMERCIO DE MATERIAL ELETRICO LTDA;000000;;;
01868701009;006568;61646009401;PROT SURTOS FRONT V 460V 45KA;;SEPARADO;4;;;4;38,9792;SEPARADO;CLAMPER;014107;0,0975;;
01868701010;006568;209001400;PERFIL BRCH U 12X6MM 1912;;SEPARADO;0,5;;;0,5;0;SEPARADO;0;000000;;;
01868701010;006568;61405001201;DOBRADICA TASCO 91591;;SEPARADO;3;;;3;0;SEPARADO;GW;14125/14126/014120;0;;
01868701010;006568;61405002801;FECHO LINGUETA YALE;;SEPARADO;2;;;2;0;SEPARADO;GW;14125/14126/014120;0;;
01868701010;006568;61635033349;TAMPA PASS CB QD QCF/QTA;;SEPARADO;1;;;1;24,125;SEPARADO;GW;14125/14126/014120;0;;
01868701010;006568;61635033949;SPT TRILHO QCF/QTA;;SEPARADO;2;;;2;24,125;SEPARADO;GW;14125/14126/014120;0;;
01868701010;006568;61640008649;GABINETE QTA 800X600X200 CTZ;;SEPARADO;1;;;1;627,25;SEPARADO;GW;14125/14126/014120;0;;
01868701011;006568;104016100;TER ISOL ANEL 6.70-10.00MM M8;;SEPARADO;4;;;4;0;SEPARADO;0;000000;;;
01868701011;006568;109013600;FITA ISOL 19MMX5M PT;;SEPARADO;1;;;1;0;SEPARADO;REI DAS MANGUEIRAS;000000;0;;
01868701011;006568;109013700;FITA ISOLANTE AUTOFUSAO - 19MMX5M PT;;SEPARADO;1;;;1;0;SEPARADO;REI DAS MANGUEIRAS;000000;0;;
01868701012;006568;101095500;MOD COMUNICACAO CM3-ETHERNET;;SEPARADO;1;;;1;995,11;SEPARADO;SERVINTEL;014089;0;;
01868901001;006570;101004800;SENSOR TEMP 12VCC;;SEPARADO;1;;;1;210,79;SEPARADO;POLIPECAS COMERCIAL E IMPORTADORA LTDA;000000;;;
01868901005;006570;104016100;TER ISOL ANEL 6.70-10.00MM M8;;SEPARADO;8;;;8;0;SEPARADO;0;000000;;;
01868901001;006570;107069800;CB COBRE 10MM2 BR 200ºC 152A;;SEPARADO;2,8;;;2,8;53,25;SEPARADO;CONDUMIX COMERCIO DE MATERIAL ELETRICO LTDA;000000;;;
01868901005;006570;109092400;ISOLADOR CIL 16X30 MM M6;;SEPARADO;2;;;2;9,06;SEPARADO;MX MATERIAIS ELETRICOS LTDA;000000;;;
01868901001;006570;204229500;CALCO D106 X 9,53;;SEPARADO;4;;;4;33,775;SEPARADO;GW;14125/14126/014120;0;;
01868901001;006570;204576400;ADP M/F M10X1,5 X M10X1,0;;SEPARADO;1;;;1;14;SEPARADO;EVOLUCAO METALURGICA LTDA;000000;;;
01868901001;006570;209001400;PERFIL BRCH U 12X6MM 1912;;SEPARADO;0,3;;;0,3;0;SEPARADO;0;000000;;;
01868901001;006570;210012800;ARR M10 DIN 125 BIC;;KANBAN;20;;;20;1,15;KANBAN;MX;000000;;;
01868901001;006570;30702002801;BARRA ROSCADA 6MM;;FALTA;2;;;2;24,125;FALTA;GW;14125/14126/014120;0;;
01868901001;006570;31601193601NE;BOTAO EMERGENCIA CARENAGEM 2NF;;SEPARADO;1;;;1;8548,9321;SEPARADO;SDMO  INDUSTRIES;000000;;;
01868901001;006570;31805000303;ABRACADEIRA CRON D17-27 AC;;FALTA;4;;;4;4,15;FALTA;REI DAS MANGUEIRAS;014113;0;;
01868901001;006570;31805005801;ABRACADEIRA ESCAP. MS 73-81;;SEPARADO;1;;;1;28;SEPARADO;SCAPSUL;014119;0,065;;
01868901001;006570;31807001215;JUNTA DE VEDACAO D14XD18X1,5;;FÁBRICA;1;;;1;5;FÁBRICA;CENTRAL;014105;0;;
01868901001;006570;31807001223;JUNTA DE VEDACAO D18XD24X1,5;;FÁBRICA;1;;;1;6;FÁBRICA;CENTRAL;014105;0;;
01868901001;006570;31810002505;MANGUEIRA FLEXIVEL 12X19;;KANBAN;0,6;;;0,6;102,78;KANBAN;MX;000000;;;
01868901001;006570;31810006103;MANGUEIRA FLEXIVEL 16X26;;KANBAN;0,6;;;0,6;138,6;KANBAN;MX;000000;;;
01868901001;006570;60101000101;MOTOR PERKINS 1103A-33TG2;;SEPARADO;1;;;1;25322,58;SEPARADO;SOMOV S.A;014085;0;;
01868901001;006570;60101001401;MOTOR PERKINS 1103A-33TG1;;RETIRADO;1;;;1;25322,58;RETIRADO;SOMOV S.A;014085;0;;
01868901001;006570;60201018801;GS WEG AW10 BR180S1-H MU F3;;SEPARADO;1;;;1;10554,29;SEPARADO;WEG EQUIPAMENTOS ELETRICOS S/A;014084;0;;
01868901001;006570;60305003201;RESIST. PREAQUEC. 1000W 220V;;SEPARADO;1;;;1;900;SEPARADO;SERVINTEL;014089;0;;
01868901001;006570;60501001601;TAMPA BOC ABAST TANCLIK  A101C;;SEPARADO;1;;;1;48;SEPARADO;ITULUB;014109;0;;
01868901001;006570;60501004708;FLANGE TQ POLI RETORNO;;SEPARADO;1;;;1;72,375;SEPARADO;GW;14125/14126/014120;0;;
01868901001;006570;60501004908;TRAVA FIX 450L;;SEPARADO;2;;;2;33,775;SEPARADO;GW;14125/14126/014120;0;;
01868901001;006570;60501005501;TQ COMB 180L POLIETILENO;;SEPARADO;1;;;1;1563,79;SEPARADO;ACCURATE MACHINE USINAGEM DE PRECISAO LTDA ME                                   ;014087;0;;
01868901001;006570;60501008608;CONTRA FLANGE TQ POLIETILENO;;SEPARADO;2;;;2;33,775;SEPARADO;GW;14125/14126/014120;0;;
01868901001;006570;60501010308;FLANGE TQ 200L POLI ABAST KVA;;SEPARADO;1;;;1;33,775;SEPARADO;GW;14125/14126/014120;0;;
01868901001;006570;60501010708;BOCAL ENCHIMENTO TQ TANCLICK;;SEPARADO;1;;;1;145;SEPARADO;AÇO FORT;000000;0;;
01868901001;006570;60702003501;BATERIA 12V 70AH 510CCA KONDOR;;SEPARADO;1;;;1;450;SEPARADO;JMS;014110;0;;
01868901001;006570;60702005608;SPT BAT 70AH SMART I;;SEPARADO;1;;;1;96,5;SEPARADO;GW;14125/14126/014120;0;;
01868901001;006570;60702006008;SPT FIX BAT 100AH SMART;;SEPARADO;1;;;1;91,675;SEPARADO;GW;14125/14126/014120;0;;
01868901001;006570;61401016249NE;CARENAGEM SMART I ;;SEPARADO;1;;;1;3377,5;SEPARADO;GW;14125/14126/014120;0;;
01868901001;006570;60901012816;SILENCIOSO 29DBA CRN KSE105;;SEPARADO;1;;;1;1363,04;SEPARADO;SCAPSUL;014119;0,065;;
01868901001;006570;60901024616;CURVA FLEX PK1103T KSE105 VS;;SEPARADO;1;;;1;772,34;SEPARADO;SCAPSUL;014119;0,065;;
01868901001;006570;61101000501;SENSOR PR OLEO 3RHO 7704;;SEPARADO;1;;;1;209,6;SEPARADO;MX;014112;0;;
01868901001;006570;61101001301;SENS NV COMB ULTRAS K40LSR;;SEPARADO;1;;;1;441;SEPARADO;KVA;014111;0;;
01868901001;006570;61103000100;"BOIA MEC FV34-75-PP130 3/4""BSP";;SEPARADO;1;;;1;900;SEPARADO;SANTAE;014114;0,0325;;
01868901001;006570;61301014708;BASE SMART I PK;;SEPARADO;1;;;1;965;SEPARADO;GW;14125/14126/014120;0;;
01868901001;006570;61303000101;AMT VIBRA-STOP XT2000 M12;;SEPARADO;4;;;4;103,7;SEPARADO;VIBRA-STOP;014117;0;;
01868901001;006570;61307015508;SPT MOT PK/FPT SMART I E II;;SEPARADO;1;;;1;241,25;SEPARADO;GW;14125/14126/014120;0;;
01868901001;006570;61307015608;SPT ALT WEG SMART I E II;;SEPARADO;1;;;1;241,25;SEPARADO;GW;14125/14126/014120;0;;
01868901001;006570;61402046608;FECH RAD SMART I PK1103A;;SEPARADO;1;;;1;731,47;SEPARADO;GW;14125/14126/014120;0;;
01868901001;006570;61405001101;BATENTE DE BORRACHA CONICO;;SEPARADO;3;;;3;6,4;SEPARADO;ML;000000;0;;
01868901001;006570;61601008708;SPT ESQ QCF/QTA SMART I E II;;SEPARADO;1;;;1;33,775;SEPARADO;GW;14125/14126/014120;0;;
01868901001;006570;61601008808;SPT DIR QCF/QTA SMART I E II;;SEPARADO;1;;;1;33,775;SEPARADO;GW;14125/14126/014120;0;;
01868901005;006570;61635033549;TAMPA DJ MAN ABB QCF/QTA A0/A2;;SEPARADO;1;;;1;24,125;SEPARADO;GW;14125/14126/014120;0;;
01868901001;006570;61640008851;SPT DJ ABB A0/A2 QCF/QTA;;SEPARADO;1;;;1;33,775;SEPARADO;GW;14125/14126/014120;0;;
01868901005;006570;61647041501;DCM 3P FX 160A A2A TMF;;SEPARADO;1;;;1;313,24;SEPARADO;ABB;014123;0,065;;
01868901005;006570;61648042801;DJ 3P 10A SJ203 T-C10;;RETIRADO;1;;;1;48,61;RETIRADO;#N/D;000000;;;
01868901005;006570;61652004801;RL AUX 40A 12VCC DNI0102;;SEPARADO;2;;;2;5,86;SEPARADO;SNAP;014090;0;;
01868901005;006570;61653004801;TC SASSI 250-5A ST-42;;SEPARADO;3;;;3;91;SEPARADO;SASSI;014115;0,065;;
01868901005;006570;61656004001;CONT NF BOTAO ABB LINHA MCB;;SEPARADO;2;;;2;9,33;SEPARADO;ABB;014123;0,0975;;
01868901005;006570;61659003401;PROT PLC A2 QTA SMART ELETRONET;;SEPARADO;1;;;1;78,83870968;SEPARADO;EMPORIO DO ACRILICO;014124;0;;
01868901001;006570;61801002001;PF DIN912 M10X40 12.9 PT;;SEPARADO;12;;;12;5,58;SEPARADO;MULT TEMPERA COAT TECNOLOGIA EM TRATAMENTO TERMICO E REVESTIMENTOS SUPERFICIAIS;000000;;;
01868901001;006570;61801002101;"PF DIN912 3/8""UNFX1"" 12.9 PT";;SEPARADO;8;;;8;5,11;SEPARADO;MULT TEMPERA COAT TECNOLOGIA EM TRATAMENTO TERMICO E REVESTIMENTOS SUPERFICIAIS;000000;;;
01868901001;006570;61801002201;ARR M10 DIN 127 BIC;;KANBAN;20;;;20;0,85;KANBAN;CENTRAL;000000;0;;
01868901001;006570;61802000111;"BICO RM 1/2""NPT MANG 1/2"" BIC";;SEPARADO;2;;;2;26,88;SEPARADO;BULKS;014088;0;;
01868901001;006570;61802000311;BICO RM 1/2 POL.NPT FM16 MANG;;SEPARADO;1;;;1;26,88;SEPARADO;BULKS;014088;0;;
01868901001;006570;61802000422;COTOVELO MF 90 1 2NPT GALV;;FÁBRICA;1;;;1;8,34;FÁBRICA;CENTRAL;014105;0;;
01868901001;006570;61802000711;BICO RM 1/2 NPT MANG 3/8 BIC;;SEPARADO;1;;;1;26,88;SEPARADO;BULKS;014088;0;;
01868901001;006570;61802001711;BICO RM 1/2NPT MANG 5/8 BIC;;SEPARADO;2;;;2;26,88;SEPARADO;BULKS;014088;0;;
01868901001;006570;61802002711;ADP M/M 1/2”NPT X 3/4UNF BIC;;SEPARADO;1;;;1;26,88;SEPARADO;BULKS;014088;0;;
01868901001;006570;61802002811;"BICO RM 1/4""NPT MANG 5/8"" BIC";;SEPARADO;1;;;1;18,23;SEPARADO;HITOCOM MATERIAIS TECNICOS E SERVICOS LTDA;000000;;;
01868901001;006570;61802002911;ADP M/F M18X1.5 X M14X1.5 BIC;;FALTA;1;;;1;26,88;FALTA;BULKS;014088;0;;
01868901001;006570;61802008111;ADP M RESP M22;;SEPARADO;1;;;1;190,69;SEPARADO;HITOCOM MATERIAIS TECNICOS E SERVICOS LTDA;000000;;;
01868901001;006570;61802014001;BICO RM 1/2 NPT MANG 5/16 BIC;;SEPARADO;1;;;1;26,88;SEPARADO;BULKS;014088;0;;
01868901001;006570;61805000222;ABRACADEIRA CRON D14-22 AC;;FALTA;2;;;2;4,15;FALTA;REI DAS MANGUEIRAS;014113;0;;
01868901001;006570;61807000301;ARR VED 10X16X1.5 AL;;SEPARADO;2;;;2;0;SEPARADO;0;000000;;;
01868901001;006570;61809000101;"VALV ESFERA F/F 1/2"" NPT";;SEPARADO;1;;;1;35,25;SEPARADO;HITOCOM MATERIAIS TECNICOS E SERVICOS LTDA;000000;;;
01868901001;006570;61809000301;"VALV ESF BORBOLETA F/F 1/2""NPT";;SEPARADO;1;;;1;62,82;SEPARADO;MX;014112;0;;
01868901005;006570;106001500;DJ 1P 10A CURVA C 10KA S201;;SEPARADO;1;;;1;27,95;SEPARADO;ABB;014123;0,065;;
01868901005;006570;106207600;POSTE FINAL USK-2G2;;SEPARADO;3;;;3;0;SEPARADO;0;000000;;;
01868901005;006570;104193600;SUPORTE IDENTIF P/ POSTE KLM-A;;SEPARADO;2;;;2;0;SEPARADO;0;000000;;;
01868901005;006570;107078500;CB COBRE NU 16MM2;;SEPARADO;0,5;;;0,5;10,2811;SEPARADO;COBREFLEX INDUSTRIA, DISTRIBUICAO E COMERCIO DE FIOS E CABOS EIRELI;000000;;;
01868901005;006570;204583100;PORTA DOCUMENTOS TASCO 71160;;SEPARADO;1;;;1;40,83;SEPARADO;TASCO;014108;0,0975;;
01868901005;006570;61640008749;TAMPA QTA USCA 5C CTZ;;SEPARADO;1;;;1;27,02;SEPARADO;GW;14125/14126/014120;0;;
01868901005;006570;106004400;DJ 3P 16A CURVA C 10KA S203;;SEPARADO;2;;;2;48,61;SEPARADO;ABB ELETRIFICACAO LTDA;000000;;;
01868901005;006570;61648042901;DJ 2P 10A SJ202 T-C10;;SEPARADO;1;;;1;35;SEPARADO;ABB ELETRIFICACAO LTDA;000000;;;
01868901005;006570;61652004801;RL AUX 40A 12VCC DNI0102;;SEPARADO;4;;;4;5,86;SEPARADO;SNAP;014090;0;;
01868901005;006570;61654001901;MOD IL4-AMF8;;SEPARADO;1;;;1;842,74;SEPARADO;SERVINTEL;014089;0;;
01868901005;006570;61655002601;CARREG BAT 12/24VCC KVA PRO;;SEPARADO;1;;;1;466,33;SEPARADO;KVA;014111;0;;
01868901005;006570;61656003801;SUPORTE MODULAR BOTAO ABB;;SEPARADO;1;;;1;5,55;SEPARADO;ABB;014123;0,0975;;
01868901005;006570;61656004001;CONT NF BOTAO ABB LINHA MCB;;SEPARADO;1;;;1;9,33;SEPARADO;ABB;014123;0,0975;;
01868901005;006570;61656004701;CABECOTE BOTAO EMERGENCIA ABB;;SEPARADO;1;;;1;40,97;SEPARADO;ABB;014123;0,0975;;
01868901005;006570;61656004801;ADESIVO PARADA DE EMERGENCIA;;FÁBRICA;1;;;1;25,7;FÁBRICA;APS COMPONENTES ELETRICOS S/A;000000;;;
01868901005;006570;61659003301;TERMO RETRATIL AZUL LARG 9MM;;SEPARADO;24,3;;;24,3;2,4971;SEPARADO;ESTOQUE;000000;0;;
01868901005;006570;61660001201;TER ISOL ANEL 16MM² M8;;SEPARADO;1;;;1;16,1;SEPARADO;ROMAR ACESSORIOS INDUSTRIAIS LTDA;000000;;;
01868901005;006570;61660001301;TER ISOL ANEL 16MM² M10;;SEPARADO;1;;;1;16,39;SEPARADO;ROMAR ACESSORIOS INDUSTRIAIS LTDA;000000;;;
01868901005;006570;61660005901;BORNE DUPLO PUSH IN 4MM DDP4;;SEPARADO;7;;;7;1,9;SEPARADO;PROAUTO;014121;0,0975;;
01868901005;006570;61660006101;BORNE PUSH IN DP2.5PG-XXP;;RETIRADO;1;;;1;7,42;RETIRADO;PROAUTO;014121;0,0975;;
01868901005;006570;61660006201;JUMPER BORNE DUP 4MM DSD01402N;;SEPARADO;1;;;1;2,01;SEPARADO;PROAUTO;014121;0,0975;;
01868901005;006570;61660006501;TAMPA P/ BORNE DUP 4MM DPP4C;;SEPARADO;2;;;2;1,38;SEPARADO;PROAUTO;014121;0,0975;;
01868901005;006570;61660006601;TAMPA P/ BORNE 4MM DPES2.5C;;FÁBRICA;1;;;1;2,06;FÁBRICA;PROAUTO;014121;0,0975;;
01868901008;006570;107045500;"BARRA COBRE 1"" X 5/16""";;SEPARADO;0,2;;;0,2;170,9516;SEPARADO;ESTOQUE;000000;0;;
01868901009;006570;105049200;INTTRV MEC CTTR VM19;;SEPARADO;1;;;1;92,68;SEPARADO;ABB;014123;0,0975;;
01868901009;006570;105049500;CTTR 3P 160A AF116 30-11-13;;SEPARADO;2;;;2;756,87;SEPARADO;ABB;014123;0,0325;;
01868901009;006570;106088800;DJ 3P 80A S283 C80;;SEPARADO;1;;;1;0;SEPARADO;0;000000;;;
01868901009;006570;107069800;CB COBRE 10MM2 BR 200ºC 152A;;SEPARADO;1;;;1;53,25;SEPARADO;CONDUMIX COMERCIO DE MATERIAL ELETRICO LTDA;000000;;;
01868901009;006570;107010900;CB COBRE 50MM2 0,6/1KV 90 C PT;;SEPARADO;0,75;;;0,75;70,95;SEPARADO;REMO ELETRICA LTDA;000000;;;
01868901009;006570;107069800;CB COBRE 10MM2 BR 200ºC 152A;;SEPARADO;5;;;5;0;SEPARADO;CONDUMIX COMERCIO DE MATERIAL ELETRICO LTDA;000000;;;
01868901009;006570;61646009301;PROT SURTOS FRONT V 275V 45KA;;SEPARADO;4;;;4;28,6884;SEPARADO;CLAMPER;014107;0,0975;;
01868901010;006570;209001400;PERFIL BRCH U 12X6MM 1912;;SEPARADO;0,5;;;0,5;0;SEPARADO;0;000000;;;
01868901010;006570;61405001201;DOBRADICA TASCO 91591;;SEPARADO;3;;;3;0;SEPARADO;GW;14125/14126/014120;0;;
01868901010;006570;61405002801;FECHO LINGUETA YALE;;SEPARADO;2;;;2;0;SEPARADO;GW;14125/14126/014120;0;;
01868901010;006570;61635033349;TAMPA PASS CB QD QCF/QTA;;SEPARADO;1;;;1;24,125;SEPARADO;GW;14125/14126/014120;0;;
01868901010;006570;61635033949;SPT TRILHO QCF/QTA;;SEPARADO;2;;;2;24,125;SEPARADO;GW;14125/14126/014120;0;;
01868901010;006570;61640008649;GABINETE QTA 800X600X200 CTZ;;SEPARADO;1;;;1;627,25;SEPARADO;GW;14125/14126/014120;0;;
01868901011;006570;104016100;TER ISOL ANEL 6.70-10.00MM M8;;SEPARADO;4;;;4;0;SEPARADO;0;000000;;;
01868901011;006570;109013600;FITA ISOL 19MMX5M PT;;SEPARADO;1;;;1;0;SEPARADO;REI DAS MANGUEIRAS;000000;0;;
01868901011;006570;109013700;FITA ISOLANTE AUTOFUSAO - 19MMX5M PT;;SEPARADO;1;;;1;0;SEPARADO;REI DAS MANGUEIRAS;000000;0;;
01868901012;006570;101095500;MOD COMUNICACAO CM3-ETHERNET;;SEPARADO;1;;;1;995,11;SEPARADO;SERVINTEL;014089;0;;
01869201001;006572;101004800;SENSOR TEMP 12VCC;;SEPARADO;1;;;1;210,79;SEPARADO;POLIPECAS COMERCIAL E IMPORTADORA LTDA;000000;;;
01869201005;006572;104016100;TER ISOL ANEL 6.70-10.00MM M8;;SEPARADO;8;;;8;0;SEPARADO;0;000000;;;
01869201001;006572;107069800;CB COBRE 10MM2 BR 200ºC 152A;;SEPARADO;2,8;;;2,8;53,25;SEPARADO;CONDUMIX COMERCIO DE MATERIAL ELETRICO LTDA;000000;;;
01869201005;006572;109092400;ISOLADOR CIL 16X30 MM M6;;SEPARADO;2;;;2;9,06;SEPARADO;MX MATERIAIS ELETRICOS LTDA;000000;;;
01869201001;006572;204229500;CALCO D106 X 9,53;;SEPARADO;4;;;4;33,775;SEPARADO;GW;14125/14126/014120;0;;
01869201001;006572;204576400;ADP M/F M10X1,5 X M10X1,0;;SEPARADO;1;;;1;14;SEPARADO;EVOLUCAO METALURGICA LTDA;000000;;;
01869201001;006572;209001400;PERFIL BRCH U 12X6MM 1912;;SEPARADO;0,3;;;0,3;0;SEPARADO;0;000000;;;
01869201001;006572;210012800;ARR M10 DIN 125 BIC;;KANBAN;20;;;20;1,15;KANBAN;MX;000000;;;
01869201001;006572;30702002801;BARRA ROSCADA 6MM;;FALTA;2;;;2;24,125;FALTA;GW;14125/14126/014120;0;;
01869201001;006572;31601193601NE;BOTAO EMERGENCIA CARENAGEM 2NF;;SEPARADO;1;;;1;8548,9321;SEPARADO;SDMO  INDUSTRIES;000000;;;
01869201001;006572;31805000303;ABRACADEIRA CRON D17-27 AC;;FALTA;4;;;4;4,15;FALTA;REI DAS MANGUEIRAS;014113;0;;
01869201001;006572;31805005801;ABRACADEIRA ESCAP. MS 73-81;;SEPARADO;1;;;1;28;SEPARADO;SCAPSUL;014119;0,065;;
01869201001;006572;31807001215;JUNTA DE VEDACAO D14XD18X1,5;;FÁBRICA;1;;;1;5;FÁBRICA;CENTRAL;014105;0;;
01869201001;006572;31807001223;JUNTA DE VEDACAO D18XD24X1,5;;FÁBRICA;1;;;1;6;FÁBRICA;CENTRAL;014105;0;;
01869201001;006572;31810002505;MANGUEIRA FLEXIVEL 12X19;;KANBAN;0,6;;;0,6;102,78;KANBAN;MX;000000;;;
01869201001;006572;31810006103;MANGUEIRA FLEXIVEL 16X26;;KANBAN;0,6;;;0,6;138,6;KANBAN;MX;000000;;;
01869201001;006572;60101000101;MOTOR PERKINS 1103A-33TG2;;SEPARADO;1;;;1;25322,58;SEPARADO;SOMOV S.A;014085;0;;
01869201001;006572;60101001401;MOTOR PERKINS 1103A-33TG1;;RETIRADO;1;;;1;25322,58;RETIRADO;SOMOV S.A;014085;0;;
01869201001;006572;60201018801;GS WEG AW10 BR180S1-H MU F3;;SEPARADO;1;;;1;10554,29;SEPARADO;WEG EQUIPAMENTOS ELETRICOS S/A;014084;0;;
01869201001;006572;60305003201;RESIST. PREAQUEC. 1000W 220V;;SEPARADO;1;;;1;900;SEPARADO;SERVINTEL;014089;0;;
01869201001;006572;60501001601;TAMPA BOC ABAST TANCLIK  A101C;;SEPARADO;1;;;1;48;SEPARADO;ITULUB;014109;0;;
01869201001;006572;60501004708;FLANGE TQ POLI RETORNO;;SEPARADO;1;;;1;72,375;SEPARADO;GW;14125/14126/014120;0;;
01869201001;006572;60501004908;TRAVA FIX 450L;;SEPARADO;2;;;2;33,775;SEPARADO;GW;14125/14126/014120;0;;
01869201001;006572;60501005501;TQ COMB 180L POLIETILENO;;SEPARADO;1;;;1;1563,79;SEPARADO;ACCURATE MACHINE USINAGEM DE PRECISAO LTDA ME                                   ;014087;0;;
01869201001;006572;60501008608;CONTRA FLANGE TQ POLIETILENO;;SEPARADO;2;;;2;33,775;SEPARADO;GW;14125/14126/014120;0;;
01869201001;006572;60501010308;FLANGE TQ 200L POLI ABAST KVA;;SEPARADO;1;;;1;33,775;SEPARADO;GW;14125/14126/014120;0;;
01869201001;006572;60501010708;BOCAL ENCHIMENTO TQ TANCLICK;;SEPARADO;1;;;1;145;SEPARADO;AÇO FORT;000000;0;;
01869201001;006572;60702003501;BATERIA 12V 70AH 510CCA KONDOR;;SEPARADO;1;;;1;450;SEPARADO;JMS;014110;0;;
01869201001;006572;60702005608;SPT BAT 70AH SMART I;;SEPARADO;1;;;1;96,5;SEPARADO;GW;14125/14126/014120;0;;
01869201001;006572;60702006008;SPT FIX BAT 100AH SMART;;SEPARADO;1;;;1;91,675;SEPARADO;GW;14125/14126/014120;0;;
01869201001;006572;61401016249NE;CARENAGEM SMART I ;;SEPARADO;1;;;1;3377,5;SEPARADO;GW;14125/14126/014120;0;;
01869201001;006572;60901012816;SILENCIOSO 29DBA CRN KSE105;;SEPARADO;1;;;1;1363,04;SEPARADO;SCAPSUL;014119;0,065;;
01869201001;006572;60901024616;CURVA FLEX PK1103T KSE105 VS;;SEPARADO;1;;;1;772,34;SEPARADO;SCAPSUL;014119;0,065;;
01869201001;006572;61101000501;SENSOR PR OLEO 3RHO 7704;;SEPARADO;1;;;1;209,6;SEPARADO;MX;014112;0;;
01869201001;006572;61101001301;SENS NV COMB ULTRAS K40LSR;;SEPARADO;1;;;1;441;SEPARADO;KVA;014111;0;;
01869201001;006572;61103000100;"BOIA MEC FV34-75-PP130 3/4""BSP";;SEPARADO;1;;;1;900;SEPARADO;SANTAE;014114;0,0325;;
01869201001;006572;61301014708;BASE SMART I PK;;SEPARADO;1;;;1;965;SEPARADO;GW;14125/14126/014120;0;;
01869201001;006572;61303000101;AMT VIBRA-STOP XT2000 M12;;SEPARADO;4;;;4;103,7;SEPARADO;VIBRA-STOP;014117;0;;
01869201001;006572;61307015508;SPT MOT PK/FPT SMART I E II;;SEPARADO;1;;;1;241,25;SEPARADO;GW;14125/14126/014120;0;;
01869201001;006572;61307015608;SPT ALT WEG SMART I E II;;SEPARADO;1;;;1;241,25;SEPARADO;GW;14125/14126/014120;0;;
01869201001;006572;61402046608;FECH RAD SMART I PK1103A;;SEPARADO;1;;;1;731,47;SEPARADO;GW;14125/14126/014120;0;;
01869201001;006572;61405001101;BATENTE DE BORRACHA CONICO;;SEPARADO;3;;;3;6,4;SEPARADO;ML;000000;0;;
01869201001;006572;61601008708;SPT ESQ QCF/QTA SMART I E II;;SEPARADO;1;;;1;33,775;SEPARADO;GW;14125/14126/014120;0;;
01869201001;006572;61601008808;SPT DIR QCF/QTA SMART I E II;;SEPARADO;1;;;1;33,775;SEPARADO;GW;14125/14126/014120;0;;
01869201005;006572;61635033549;TAMPA DJ MAN ABB QCF/QTA A0/A2;;SEPARADO;1;;;1;24,125;SEPARADO;GW;14125/14126/014120;0;;
01869201001;006572;61640008851;SPT DJ ABB A0/A2 QCF/QTA;;SEPARADO;1;;;1;33,775;SEPARADO;GW;14125/14126/014120;0;;
01869201005;006572;61647041101;DCM 3P FX 80A A0C TMF;;SEPARADO;1;;;1;152,8;SEPARADO;ABB;014123;0,065;;
01869201005;006572;106004400;DJ 3P 16A CURVA C 10KA S203;;SEPARADO;1;;;1;48,61;SEPARADO;ABB ELETRIFICACAO LTDA;000000;;;
01869201005;006572;61652004801;RL AUX 40A 12VCC DNI0102;;SEPARADO;2;;;2;5,86;SEPARADO;SNAP;014090;0;;
01869201005;006572;61653004801;TC SASSI 250-5A ST-42;;SEPARADO;3;;;3;91;SEPARADO;SASSI;014115;0,065;;
01869201005;006572;61656004001;CONT NF BOTAO ABB LINHA MCB;;SEPARADO;2;;;2;9,33;SEPARADO;ABB;014123;0,0975;;
01869201005;006572;61659003501;PROT PLC A0 QTA SMART ELETRONET;;SEPARADO;1;;;1;78,83870968;SEPARADO;EMPORIO DO ACRILICO;014124;0;;
01869201001;006572;61801002001;PF DIN912 M10X40 12.9 PT;;SEPARADO;12;;;12;5,58;SEPARADO;MULT TEMPERA COAT TECNOLOGIA EM TRATAMENTO TERMICO E REVESTIMENTOS SUPERFICIAIS;000000;;;
01869201001;006572;61801002101;"PF DIN912 3/8""UNFX1"" 12.9 PT";;SEPARADO;8;;;8;5,11;SEPARADO;MULT TEMPERA COAT TECNOLOGIA EM TRATAMENTO TERMICO E REVESTIMENTOS SUPERFICIAIS;000000;;;
01869201001;006572;61801002201;ARR M10 DIN 127 BIC;;KANBAN;20;;;20;0,85;KANBAN;CENTRAL;000000;0;;
01869201001;006572;61802000111;"BICO RM 1/2""NPT MANG 1/2"" BIC";;SEPARADO;2;;;2;26,88;SEPARADO;BULKS;014088;0;;
01869201001;006572;61802000311;BICO RM 1/2 POL.NPT FM16 MANG;;SEPARADO;1;;;1;26,88;SEPARADO;BULKS;014088;0;;
01869201001;006572;61802000422;COTOVELO MF 90 1 2NPT GALV;;FÁBRICA;1;;;1;8,34;FÁBRICA;CENTRAL;014105;0;;
01869201001;006572;61802000711;BICO RM 1/2 NPT MANG 3/8 BIC;;SEPARADO;1;;;1;26,88;SEPARADO;BULKS;014088;0;;
01869201001;006572;61802001711;BICO RM 1/2NPT MANG 5/8 BIC;;SEPARADO;2;;;2;26,88;SEPARADO;BULKS;014088;0;;
01869201001;006572;61802002711;ADP M/M 1/2”NPT X 3/4UNF BIC;;SEPARADO;1;;;1;26,88;SEPARADO;BULKS;014088;0;;
01869201001;006572;61802002811;"BICO RM 1/4""NPT MANG 5/8"" BIC";;SEPARADO;1;;;1;18,23;SEPARADO;HITOCOM MATERIAIS TECNICOS E SERVICOS LTDA;000000;;;
01869201001;006572;61802002911;ADP M/F M18X1.5 X M14X1.5 BIC;;FALTA;1;;;1;26,88;FALTA;BULKS;014088;0;;
01869201001;006572;61802008111;ADP M RESP M22;;SEPARADO;1;;;1;190,69;SEPARADO;HITOCOM MATERIAIS TECNICOS E SERVICOS LTDA;000000;;;
01869201001;006572;61802014001;BICO RM 1/2 NPT MANG 5/16 BIC;;SEPARADO;1;;;1;26,88;SEPARADO;BULKS;014088;0;;
01869201001;006572;61805000222;ABRACADEIRA CRON D14-22 AC;;FALTA;2;;;2;4,15;FALTA;REI DAS MANGUEIRAS;014113;0;;
01869201001;006572;61807000301;ARR VED 10X16X1.5 AL;;SEPARADO;2;;;2;0;SEPARADO;0;000000;;;
01869201001;006572;61809000101;"VALV ESFERA F/F 1/2"" NPT";;SEPARADO;1;;;1;88,15;SEPARADO;MX;014112;0;;
01869201001;006572;61809000301;"VALV ESF BORBOLETA F/F 1/2""NPT";;SEPARADO;1;;;1;62,82;SEPARADO;MX;014112;0;;
01869201005;006572;106001500;DJ 1P 10A CURVA C 10KA S201;;SEPARADO;1;;;1;27,95;SEPARADO;ABB;014123;0,065;;
01869201005;006572;106207600;POSTE FINAL USK-2G2;;SEPARADO;3;;;3;0;SEPARADO;0;000000;;;
01869201005;006572;104193600;SUPORTE IDENTIF P/ POSTE KLM-A;;SEPARADO;2;;;2;0;SEPARADO;0;000000;;;
01869201005;006572;107078500;CB COBRE NU 16MM2;;SEPARADO;0,5;;;0,5;10,2811;SEPARADO;COBREFLEX INDUSTRIA, DISTRIBUICAO E COMERCIO DE FIOS E CABOS EIRELI;000000;;;
01869201005;006572;204583100;PORTA DOCUMENTOS TASCO 71160;;SEPARADO;1;;;1;40,83;SEPARADO;TASCO;014108;0,0975;;
01869201005;006572;61640008749;TAMPA QTA USCA 5C CTZ;;SEPARADO;1;;;1;27,02;SEPARADO;GW;14125/14126/014120;0;;
01869201005;006572;106004400;DJ 3P 16A CURVA C 10KA S203;;SEPARADO;2;;;2;48,61;SEPARADO;ABB ELETRIFICACAO LTDA;000000;;;
01869201005;006572;61648042901;DJ 2P 10A SJ202 T-C10;;SEPARADO;1;;;1;35;SEPARADO;ABB ELETRIFICACAO LTDA;000000;;;
01869201005;006572;61652004801;RL AUX 40A 12VCC DNI0102;;SEPARADO;4;;;4;5,86;SEPARADO;SNAP;014090;0;;
01869201005;006572;61654001901;MOD IL4-AMF8;;SEPARADO;1;;;1;842,74;SEPARADO;SERVINTEL;014089;0;;
01869201005;006572;61655002601;CARREG BAT 12/24VCC KVA PRO;;SEPARADO;1;;;1;466,33;SEPARADO;KVA;014111;0;;
01869201005;006572;61656003801;SUPORTE MODULAR BOTAO ABB;;SEPARADO;1;;;1;5,55;SEPARADO;ABB;014123;0,0975;;
01869201005;006572;61656004001;CONT NF BOTAO ABB LINHA MCB;;SEPARADO;1;;;1;9,33;SEPARADO;ABB;014123;0,0975;;
01869201005;006572;61656004701;CABECOTE BOTAO EMERGENCIA ABB;;SEPARADO;1;;;1;40,97;SEPARADO;ABB;014123;0,0975;;
01869201005;006572;61656004801;ADESIVO PARADA DE EMERGENCIA;;FÁBRICA;1;;;1;25,7;FÁBRICA;APS COMPONENTES ELETRICOS S/A;000000;;;
01869201005;006572;61659003301;TERMO RETRATIL AZUL LARG 9MM;;SEPARADO;24,3;;;24,3;2,4971;SEPARADO;ESTOQUE;000000;0;;
01869201005;006572;61660001201;TER ISOL ANEL 16MM² M8;;SEPARADO;1;;;1;16,1;SEPARADO;ROMAR ACESSORIOS INDUSTRIAIS LTDA;000000;;;
01869201005;006572;61660001301;TER ISOL ANEL 16MM² M10;;SEPARADO;1;;;1;16,39;SEPARADO;ROMAR ACESSORIOS INDUSTRIAIS LTDA;000000;;;
01869201005;006572;61660005901;BORNE DUPLO PUSH IN 4MM DDP4;;SEPARADO;7;;;7;1,9;SEPARADO;PROAUTO;014121;0,0975;;
01869201005;006572;61660006101;BORNE PUSH IN DP2.5PG-XXP;;RETIRADO;1;;;1;7,42;RETIRADO;PROAUTO;014121;0,0975;;
01869201005;006572;61660006201;JUMPER BORNE DUP 4MM DSD01402N;;SEPARADO;1;;;1;2,01;SEPARADO;PROAUTO;014121;0,0975;;
01869201005;006572;61660006501;TAMPA P/ BORNE DUP 4MM DPP4C;;SEPARADO;2;;;2;1,38;SEPARADO;PROAUTO;014121;0,0975;;
01869201005;006572;61660006601;TAMPA P/ BORNE 4MM DPES2.5C;;FÁBRICA;1;;;1;2,06;FÁBRICA;PROAUTO;014121;0,0975;;
01869201008;006572;107045500;"BARRA COBRE 1"" X 5/16""";;SEPARADO;0,2;;;0,2;170,9516;SEPARADO;ESTOQUE;000000;0;;
01869201009;006572;105049200;INTTRV MEC CTTR VM19;;SEPARADO;1;;;1;92,68;SEPARADO;ABB;014123;0,0975;;
01869201009;006572;105049500;CTTR 3P 160A AF116 30-11-13;;SEPARADO;2;;;2;756,87;SEPARADO;ABB;014123;0,0325;;
01869201009;006572;106088800;DJ 3P 80A S283 C80;;SEPARADO;1;;;1;0;SEPARADO;0;000000;;;
01869201009;006572;107069800;CB COBRE 10MM2 BR 200ºC 152A;;SEPARADO;1;;;1;53,25;SEPARADO;CONDUMIX COMERCIO DE MATERIAL ELETRICO LTDA;000000;;;
01869201009;006572;107010900;CB COBRE 10MM2 BR 200ºC 152A;;SEPARADO;0,75;;;0,75;70,95;SEPARADO;REMO ELETRICA LTDA;000000;;;
01869201009;006572;107069800;CB COBRE 10MM2 BR 200ºC 152A;;SEPARADO;5;;;5;0;SEPARADO;CONDUMIX COMERCIO DE MATERIAL ELETRICO LTDA;000000;;;
01869201009;006572;61646009401;PROT SURTOS FRONT V 460V 45KA;;SEPARADO;4;;;4;38,9792;SEPARADO;CLAMPER;014107;0,0975;;
01869201010;006572;209001400;CB COBRE 10MM2 BR 200ºC 152A;;SEPARADO;0,5;;;0,5;0;SEPARADO;0;000000;;;
01869201010;006572;61405001201;DOBRADICA TASCO 91591;;SEPARADO;3;;;3;0;SEPARADO;GW;14125/14126/014120;0;;
01869201010;006572;61405002801;FECHO LINGUETA YALE;;SEPARADO;2;;;2;0;SEPARADO;GW;14125/14126/014120;0;;
01869201010;006572;61635033349;TAMPA PASS CB QD QCF/QTA;;SEPARADO;1;;;1;24,125;SEPARADO;GW;14125/14126/014120;0;;
01869201010;006572;61635033949;SPT TRILHO QCF/QTA;;SEPARADO;2;;;2;24,125;SEPARADO;GW;14125/14126/014120;0;;
01869201010;006572;61640008649;GABINETE QTA 800X600X200 CTZ;;SEPARADO;1;;;1;627,25;SEPARADO;GW;14125/14126/014120;0;;
01869201011;006572;104016100;TER ISOL ANEL 6.70-10.00MM M8;;SEPARADO;4;;;4;0;SEPARADO;0;000000;;;
01869201011;006572;109013600;FITA ISOL 19MMX5M PT;;SEPARADO;1;;;1;0;SEPARADO;REI DAS MANGUEIRAS;000000;0;;
01869201011;006572;109013700;FITA ISOLANTE AUTOFUSAO - 19MMX5M PT;;SEPARADO;1;;;1;0;SEPARADO;REI DAS MANGUEIRAS;000000;0;;
01869201012;006572;101095500;MOD COMUNICACAO CM3-ETHERNET;;SEPARADO;1;;;1;995,11;SEPARADO;SERVINTEL;014089;0;;
01870101001;006574;101004800;SENSOR TEMP 12VCC;;SEPARADO;1;;;1;210,79;SEPARADO;POLIPECAS COMERCIAL E IMPORTADORA LTDA;000000;;;
01870101005;006574;104016100;TER ISOL ANEL 6.70-10.00MM M8;;SEPARADO;8;;;8;0;SEPARADO;0;000000;;;
01870101001;006574;107069800;CB COBRE 10MM2 BR 200ºC 152A;;SEPARADO;2,8;;;2,8;53,25;SEPARADO;CONDUMIX COMERCIO DE MATERIAL ELETRICO LTDA;000000;;;
01870101001;006574;204576400;ADP M/F M10X1,5 X M10X1,0;;SEPARADO;2;;;2;9,06;SEPARADO;EVOLUCAO METALURGICA LTDA;000000;;;
01870101001;006574;204229500;ADP M/F M10X1,5 X M10X1,0;;SEPARADO;4;;;4;33,775;SEPARADO;;14125/14126/014120;0;;
01870101001;006574;204576400;ADP M/F M10X1,5 X M10X1,0;;SEPARADO;1;;;1;14;SEPARADO;EVOLUCAO METALURGICA LTDA;000000;;;
01870101001;006574;209001400;BOTAO DE EMERGENCIA CARENAGEM;;SEPARADO;0,3;;;0,3;0;SEPARADO;0;000000;;;
01870101001;006574;210012800;PF DIN912 M10X40 12.9 PT;;KANBAN;20;;;20;1,15;KANBAN;MX;000000;;;
01870101001;006574;30702002801;"PF DIN912 3/8""UNFX1"" 12.9 PT";;KANBAN;2;;;2;24,125;KANBAN;;14125/14126/014120;0;;
01870101001;006574;31601193601NE;"BICO RM 1/4""NPT MANG 5/8"" BIC";;SEPARADO;1;;;1;8548,9321;SEPARADO;SDMO  INDUSTRIES;000000;;;
01870101001;006574;31805000303;ABRACADEIRA CRON D17-27 AC;;FALTA;4;;;4;4,15;FALTA;REI DAS MANGUEIRAS;014113;0;;
01870101001;006574;31805005801;ABRACADEIRA ESCAP. MS 73-81;;SEPARADO;1;;;1;28;SEPARADO;SCAPSUL;014119;0,065;;
01870101001;006574;31807001215;JUNTA DE VEDACAO D14XD18X1,5 AL;;FÁBRICA;1;;;1;5;FÁBRICA;CENTRAL;014105;0;;
01870101001;006574;31807001223;JUNTA DE VEDACAO D18XD24X1,5 AL;;FÁBRICA;1;;;1;6;FÁBRICA;CENTRAL;014105;0;;
01870101001;006574;31810002505;MANGUEIRA FLEXIVEL 12X19;;KANBAN;0,6;;;0,6;102,78;KANBAN;MX;000000;;;
01870101001;006574;31810006103;MANGUEIRA FLEXIVEL 16X26;;KANBAN;0,6;;;0,6;138,6;KANBAN;MX;000000;;;
01870101001;006574;60101000101;MOTOR PERKINS 1103A-33TG2;;SEPARADO;1;;;1;25322,58;SEPARADO;SOMOV S.A;014085;0;;
01870101001;006574;60101001401;MOTOR PERKINS 1103A-33TG1;;RETIRADO;1;;;1;25322,58;RETIRADO;SOMOV S.A;014085;0;;
01870101001;006574;60201018801;GS WEG AW10 BR180S1-H MU F3;;SEPARADO;1;;;1;10554,29;SEPARADO;WEG EQUIPAMENTOS ELETRICOS S/A;014084;0;;
01870101001;006574;60305003201;RESIST. PREAQUEC. 1000W 220V;;SEPARADO;1;;;1;900;SEPARADO;SERVINTEL;014089;0;;
01870101001;006574;60501001601;TAMPA BOC ABAST TANCLIK  A101C;;SEPARADO;1;;;1;48;SEPARADO;ITULUB;014109;0;;
01870101001;006574;60501004708;FLANGE TQ POLI RETORNO;;SEPARADO;1;;;1;72,375;SEPARADO;GW;14125/14126/014120;0;;
01870101001;006574;60501004908;TRAVA FIX 450L;;SEPARADO;2;;;2;33,775;SEPARADO;GW;14125/14126/014120;0;;
01870101001;006574;60501005501;TQ COMB 180L POLIETILENO;;SEPARADO;1;;;1;1563,79;SEPARADO;ACCURATE MACHINE USINAGEM DE PRECISAO LTDA ME                                   ;014087;0;;
01870101001;006574;60501008608;CONTRA FLANGE TQ POLIETILENO;;SEPARADO;2;;;2;33,775;SEPARADO;GW;14125/14126/014120;0;;
01870101001;006574;60501010308;FLANGE TQ 200L POLI ABAST KVA;;SEPARADO;1;;;1;33,775;SEPARADO;GW;14125/14126/014120;0;;
01870101001;006574;60501010708;BOCAL ENCHIMENTO TQ TANCLICK;;SEPARADO;1;;;1;145;SEPARADO;AÇO FORT;000000;0;;
01870101001;006574;60702003501;BATERIA 12V 70AH 510CCA KONDOR;;SEPARADO;1;;;1;450;SEPARADO;JMS;014110;0;;
01870101001;006574;60702005608;SPT BAT 70AH SMART I;;SEPARADO;1;;;1;96,5;SEPARADO;GW;14125/14126/014120;0;;
01870101001;006574;60702006008;SPT FIX BAT 100AH SMART;;SEPARADO;1;;;1;91,675;SEPARADO;GW;14125/14126/014120;0;;
01870101001;006574;61401016249NE;CARENAGEM SMART I ;;SEPARADO;1;;;1;3377,5;SEPARADO;GW;14125/14126/014120;0;;
01870101001;006574;60901012816;SILENCIOSO 29DBA CRN KSE105;;SEPARADO;1;;;1;1363,04;SEPARADO;SCAPSUL;014119;0,065;;
01870101001;006574;60901024616;CURVA FLEX PK1103T KSE105 VS;;SEPARADO;1;;;1;772,34;SEPARADO;SCAPSUL;014119;0,065;;
01870101001;006574;61101000501;SENSOR PR OLEO 3RHO 7704;;SEPARADO;1;;;1;209,6;SEPARADO;MX;014112;0;;
01870101001;006574;61101001301;SENS NV COMB ULTRAS K40LSR;;SEPARADO;1;;;1;441;SEPARADO;KVA;014111;0;;
01870101001;006574;61103000100;"BOIA MEC FV34-75-PP130 3/4""BSP";;SEPARADO;1;;;1;900;SEPARADO;SANTAE;014114;0,0325;;
01870101001;006574;61301014708;BASE SMART I PK;;SEPARADO;1;;;1;965;SEPARADO;GW;14125/14126/014120;0;;
01870101001;006574;61303000101;AMT VIBRA-STOP XT2000 M12;;SEPARADO;4;;;4;103,7;SEPARADO;VIBRA-STOP;014117;0;;
01870101001;006574;61307015508;SPT MOT PK/FPT SMART I E II;;SEPARADO;1;;;1;241,25;SEPARADO;GW;14125/14126/014120;0;;
01870101001;006574;61307015608;SPT ALT WEG SMART I E II;;SEPARADO;1;;;1;241,25;SEPARADO;GW;14125/14126/014120;0;;
01870101001;006574;61402046608;FECH RAD SMART I PK1103A;;SEPARADO;1;;;1;731,47;SEPARADO;GW;14125/14126/014120;0;;
01870101001;006574;61405001101;BATENTE DE BORRACHA CONICO;;SEPARADO;3;;;3;6,4;SEPARADO;ML;000000;0;;
01870101001;006574;61601008708;SPT ESQ QCF/QTA SMART I E II;;SEPARADO;1;;;1;33,775;SEPARADO;GW;14125/14126/014120;0;;
01870101001;006574;61601008808;SPT DIR QCF/QTA SMART I E II;;SEPARADO;1;;;1;33,775;SEPARADO;GW;14125/14126/014120;0;;
01870101005;006574;61635033549;TAMPA DJ MAN ABB QCF/QTA A0/A2;;SEPARADO;1;;;1;24,125;SEPARADO;GW;14125/14126/014120;0;;
01870101001;006574;61640008851;SPT DJ ABB A0/A2 QCF/QTA;;SEPARADO;1;;;1;33,775;SEPARADO;GW;14125/14126/014120;0;;
01870101005;006574;61647041501;DCM 3P FX 160A A2A TMF;;SEPARADO;1;;;1;313,24;SEPARADO;ABB;014123;0,065;;
01870101001;006574;61648042801;CB COBRE 10MM2 BR 200ºC 152A;;RETIRADO;1;;;1;48,61;RETIRADO;#N/D;000000;;;
01870101005;006574;61652004801;RL AUX 40A 12VCC DNI0102;;SEPARADO;2;;;2;5,86;SEPARADO;SNAP;014090;0;;
01870101005;006574;61653004801;TC SASSI 250-5A ST-42;;SEPARADO;3;;;3;91;SEPARADO;SASSI;014115;0,065;;
01870101005;006574;61656004001;CONT NF BOTAO ABB LINHA MCB;;SEPARADO;2;;;2;9,33;SEPARADO;ABB;014123;0,0975;;
01870101005;006574;61659003401;PROT PLC A2 QTA SMART ELETRONET;;SEPARADO;1;;;1;78,83870968;SEPARADO;EMPORIO DO ACRILICO;014124;0;;
01870101001;006574;61801002001;PF DIN912 M10X40 12.9 PT;;SEPARADO;12;;;12;5,58;SEPARADO;MULT TEMPERA COAT TECNOLOGIA EM TRATAMENTO TERMICO E REVESTIMENTOS SUPERFICIAIS;000000;;;
01870101001;006574;61801002101;"PF DIN912 3/8""UNFX1"" 12.9 PT";;SEPARADO;8;;;8;5,11;SEPARADO;MULT TEMPERA COAT TECNOLOGIA EM TRATAMENTO TERMICO E REVESTIMENTOS SUPERFICIAIS;000000;;;
01870101001;006574;61801002201;ARR M10 DIN 127 BIC;;KANBAN;20;;;20;0,85;KANBAN;CENTRAL;000000;0;;
01870101001;006574;61802000111;"BICO RM 1/2""NPT MANG 1/2"" BIC";;SEPARADO;2;;;2;26,88;SEPARADO;BULKS;014088;0;;
01870101001;006574;61802000311;BICO RM 1/2 POL.NPT FM16 MANG;;FALTA;1;;;1;26,88;FALTA;BULKS;014088;0;;
01870101001;006574;61802000422;COTOVELO MF 90 1 2NPT GALV;;FÁBRICA;1;;;1;8,34;FÁBRICA;CENTRAL;014105;0;;
01870101001;006574;61802000711;BICO RM 1/2 NPT MANG 3/8 BIC;;SEPARADO;1;;;1;26,88;SEPARADO;BULKS;014088;0;;
01870101001;006574;61802001711;BICO RM 1/2NPT MANG 5/8 BIC;;FALTA;2;;;2;26,88;FALTA;BULKS;014088;0;;
01870101001;006574;61802002711;ADP M/M 1/2”NPT X 3/4UNF BIC;;SEPARADO;1;;;1;26,88;SEPARADO;BULKS;014088;0;;
01870101001;006574;61802002811;"BICO RM 1/4""NPT MANG 5/8"" BIC";;SEPARADO;1;;;1;18,23;SEPARADO;HITOCOM MATERIAIS TECNICOS E SERVICOS LTDA;000000;;;
01870101001;006574;61802002911;ADP M/F M18X1.5 X M14X1.5 BIC;;FALTA;1;;;1;26,88;FALTA;BULKS;014088;0;;
01870101001;006574;61802008111;ADP M RESP M22;;SEPARADO;1;;;1;190,69;SEPARADO;HITOCOM MATERIAIS TECNICOS E SERVICOS LTDA;000000;;;
01870101001;006574;61802014001;BICO RM 1/2 NPT MANG 5/16 BIC;;SEPARADO;1;;;1;26,88;SEPARADO;BULKS;014088;0;;
01870101001;006574;61805000222;ARR VED 10X16X1.5 AL;;FALTA;2;;;2;4,15;FALTA;REI DAS MANGUEIRAS;014113;0;;
01870101001;006574;61807000301;ARR VED 10X16X1.5 AL;;SEPARADO;2;;;2;0;SEPARADO;0;000000;;;
01870101001;006574;61809000101;"VALV ESFERA F/F 1/2"" NPT";;SEPARADO;1;;;1;88,15;SEPARADO;MX;014112;0;;
01870101001;006574;61809000301;"VALV ESF BORBOLETA F/F 1/2""NPT";;SEPARADO;1;;;1;62,82;SEPARADO;MX;014112;0;;
01870101005;006574;106001500;DJ 1P 10A CURVA C 10KA S201;;SEPARADO;1;;;1;27,95;SEPARADO;ABB;014123;0,065;;
01870101005;006574;106207600;POSTE FINAL USK-2G2;;SEPARADO;3;;;3;1,02;SEPARADO;PROAUTO;014121;0,0975;;
01870101005;006574;104193600;CB COBRE 10MM2 BR 200ºC 152A;;SEPARADO;2;;;2;0;SEPARADO;0;000000;;;
01870101005;006574;107078500;CB COBRE 10MM2 BR 200ºC 152A;;SEPARADO;0,5;;;0,5;10,2811;SEPARADO;COBREFLEX INDUSTRIA, DISTRIBUICAO E COMERCIO DE FIOS E CABOS EIRELI;000000;;;
01870101005;006574;204583100;PORTA DOCUMENTOS TASCO 71160;;SEPARADO;1;;;1;40,83;SEPARADO;TASCO;014108;0,0975;;
01870101005;006574;61640008749;TAMPA QTA USCA AMF8 CTZ;;SEPARADO;1;;;1;27,02;SEPARADO;GW;14125/14126/014120;0;;
01870101005;006574;106004400;DJ 3P 16A CURVA C 10KA S203;;SEPARADO;2;;;2;48,61;SEPARADO;ABB ELETRIFICACAO LTDA;000000;;;
01870101005;006574;61648042901;DJ 2P 10A SJ202 T-C10;;SEPARADO;1;;;1;35;SEPARADO;ABB ELETRIFICACAO LTDA;000000;;;
01870101005;006574;61652004801;RL AUX 40A 12VCC DNI0102;;SEPARADO;4;;;4;5,86;SEPARADO;SNAP;014090;0;;
01870101005;006574;61654001901;MOD IL4-AMF8;;SEPARADO;1;;;1;842,74;SEPARADO;SERVINTEL;014089;0;;
01870101005;006574;61655002601;CARREG BAT 12/24VCC KVA PRO;;SEPARADO;1;;;1;466,33;SEPARADO;KVA;014111;0;;
01870101005;006574;61656003801;SUPORTE MODULAR BOTAO ABB;;SEPARADO;1;;;1;5,55;SEPARADO;ABB;014123;0,0975;;
01870101005;006574;61656004001;CONT NF BOTAO ABB LINHA MCB;;SEPARADO;1;;;1;9,33;SEPARADO;ABB;014123;0,0975;;
01870101005;006574;61656004701;CABECOTE BOTAO EMERGENCIA ABB;;SEPARADO;1;;;1;40,97;SEPARADO;ABB;014123;0,0975;;
01870101005;006574;61656004801;ADESIVO PARADA DE EMERGENCIA;;FÁBRICA;1;;;1;25,7;FÁBRICA;APS COMPONENTES ELETRICOS S/A;000000;;;
01870101005;006574;61659003301;TERMO RETRATIL AZUL LARG 9MM;;SEPARADO;24,3;;;24,3;2,4971;SEPARADO;ESTOQUE;000000;0;;
01870101005;006574;61660001201;CB COBRE 10MM2 BR 200ºC 152A;;SEPARADO;1;;;1;16,1;SEPARADO;ROMAR ACESSORIOS INDUSTRIAIS LTDA;000000;;;
01870101005;006574;61660001301;CB COBRE 10MM2 BR 200ºC 152A;;SEPARADO;1;;;1;16,39;SEPARADO;ROMAR ACESSORIOS INDUSTRIAIS LTDA;000000;;;
01870101005;006574;61660005901;BORNE DUPLO PUSH IN 4MM DDP4;;SEPARADO;7;;;7;1,9;SEPARADO;PROAUTO;014121;0,0975;;
01870101005;006574;61660006101;BORNE PUSH IN DP2.5PG-XXP;;RETIRADO;1;;;1;7,42;RETIRADO;PROAUTO;014121;0,0975;;
01870101005;006574;61660006201;JUMPER BORNE DUP 4MM DSD01402N;;SEPARADO;1;;;1;2,01;SEPARADO;PROAUTO;014121;0,0975;;
01870101005;006574;61660006501;TAMPA P/ BORNE DUP 4MM DPP4C;;SEPARADO;2;;;2;1,38;SEPARADO;PROAUTO;014121;0,0975;;
01870101005;006574;61660006601;TAMPA P/ BORNE 4MM DPES2.5C;;FÁBRICA;1;;;1;2,06;FÁBRICA;PROAUTO;014121;0,0975;;
01870101008;006574;107045500;"BARRA COBRE 1"" X 5/16""";;SEPARADO;0,2;;;0,2;170,9516;SEPARADO;ESTOQUE;000000;0;;
01870101009;006574;105049200;INTTRV MEC CTTR VM19;;SEPARADO;1;;;1;92,68;SEPARADO;ABB;014123;0,0975;;
01870101009;006574;105049500;CTTR 3P 160A AF116 30-11-13;;SEPARADO;2;;;2;756,87;SEPARADO;ABB;014123;0,0325;;
01870101009;006574;106088800;DJ 3P 80A S283 C80;;SEPARADO;1;;;1;0;SEPARADO;0;000000;;;
01870101009;006574;107069800;CB COBRE 10MM2 BR 200ºC 152A;;SEPARADO;1;;;1;53,25;SEPARADO;CONDUMIX COMERCIO DE MATERIAL ELETRICO LTDA;000000;;;
01870101009;006574;107010900;CB COBRE 50MM2 0,6/1KV 90 C PT;;SEPARADO;0,75;;;0,75;70,95;SEPARADO;REMO ELETRICA LTDA;000000;;;
01870101009;006574;107069800;CB COBRE 10MM2 BR 200ºC 152A;;SEPARADO;5;;;5;0;SEPARADO;CONDUMIX COMERCIO DE MATERIAL ELETRICO LTDA;000000;;;
01870101009;006574;61646009301;PROT SURTOS FRONT V 275V 45KA;;SEPARADO;4;;;4;28,6884;SEPARADO;CLAMPER;014107;0,0975;;
01870101010;006574;209001400;PERFIL BRCH U 12X6MM 1912;;SEPARADO;0,5;;;0,5;0;SEPARADO;0;000000;;;
01870101010;006574;61405001201;DOBRADICA TASCO 91591;;SEPARADO;3;;;3;0;SEPARADO;GW;14125/14126/014120;0;;
01870101010;006574;61405002801;FECHO LINGUETA YALE;;SEPARADO;2;;;2;0;SEPARADO;GW;14125/14126/014120;0;;
01870101010;006574;61635033349;TAMPA PASS CB QD QCF/QTA;;SEPARADO;1;;;1;24,125;SEPARADO;GW;14125/14126/014120;0;;
01870101010;006574;61635033949;SPT TRILHO QCF/QTA;;SEPARADO;2;;;2;24,125;SEPARADO;GW;14125/14126/014120;0;;
01870101010;006574;61640008649;GABINETE QTA 800X600X200 CTZ;;SEPARADO;1;;;1;627,25;SEPARADO;GW;14125/14126/014120;0;;
01870101011;006574;104016100;TER ISOL ANEL 6.70-10.00MM M8;;SEPARADO;4;;;4;0;SEPARADO;0;000000;;;
01870101011;006574;109013600;FITA ISOL 19MMX5M PT;;SEPARADO;1;;;1;0;SEPARADO;REI DAS MANGUEIRAS;000000;0;;
01870101011;006574;109013700;FITA ISOLANTE AUTOFUSAO - 19MMX5M PT;;SEPARADO;1;;;1;0;SEPARADO;REI DAS MANGUEIRAS;000000;0;;
01870101012;006574;101095500;MOD COMUNICACAO CM3-ETHERNET;;SEPARADO;1;;;1;995,11;SEPARADO;SERVINTEL;014089;0;;
01870201001;006576;101004800;SENSOR TEMP 12VCC;;SEPARADO;1;;;1;210,79;SEPARADO;POLIPECAS COMERCIAL E IMPORTADORA LTDA;000000;;;
01870201005;006576;104016100;TER ISOL ANEL 6.70-10.00MM M8;;SEPARADO;8;;;8;0;SEPARADO;0;000000;;;
01870201005;006576;107069800;CB COBRE 10MM2 BR 200ºC 152A;;SEPARADO;2,8;;;2,8;53,25;SEPARADO;CONDUMIX COMERCIO DE MATERIAL ELETRICO LTDA;000000;;;
01870201005;006576;109092400;ISOLADOR CIL 16X30 MM M6;;SEPARADO;2;;;2;9,06;SEPARADO;MX MATERIAIS ELETRICOS LTDA;000000;;;
01870201001;006576;204229500;CALCO D106 X 9,53;;SEPARADO;4;;;4;33,775;SEPARADO;GW;14125/14126/014120;0;;
01870201001;006576;204576400;ADP M/F M10X1,5 X M10X1,0;;SEPARADO;1;;;1;14;SEPARADO;EVOLUCAO METALURGICA LTDA;000000;;;
01870201001;006576;209001400;PERFIL BRCH U 12X6MM 1912;;SEPARADO;0,3;;;0,3;0;SEPARADO;0;000000;;;
01870201001;006576;210012800;ARR M10 DIN 125 BIC;;KANBAN;20;;;20;1,15;KANBAN;MX;000000;;;
01870201001;006576;30702002801;BARRA ROSCADA 6MM;;FALTA;2;;;2;24,125;FALTA;GW;14125/14126/014120;0;;
01870201001;006576;31601193601NE;BOTAO EMERGENCIA CARENAGEM 2NF;;SEPARADO;1;;;1;8548,9321;SEPARADO;SDMO  INDUSTRIES;000000;;;
01870201001;006576;31805000303;ABRACADEIRA CRON D17-27 AC;;FALTA;4;;;4;4,15;FALTA;REI DAS MANGUEIRAS;014113;0;;
01870201001;006576;31805005801;ABRACADEIRA ESCAP. MS 73-81;;SEPARADO;1;;;1;28;SEPARADO;SCAPSUL;014119;0,065;;
01870201001;006576;31807001215;JUNTA DE VEDACAO D14XD18X1,5;;FÁBRICA;1;;;1;5;FÁBRICA;CENTRAL;014105;0;;
01870201001;006576;31807001223;JUNTA DE VEDACAO D18XD24X1,5;;FÁBRICA;1;;;1;6;FÁBRICA;CENTRAL;014105;0;;
01870201001;006576;31810002505;MANGUEIRA FLEXIVEL 12X19;;KANBAN;0,6;;;0,6;102,78;KANBAN;MX;000000;;;
01870201001;006576;31810006103;MANGUEIRA FLEXIVEL 16X26;;KANBAN;0,6;;;0,6;138,6;KANBAN;MX;000000;;;
01870201001;006576;60101000101;MOTOR PERKINS 1103A-33TG2;;SEPARADO;1;;;1;25322,58;SEPARADO;SOMOV S.A;014085;0;;
01870201001;006576;60101001401;MOTOR PERKINS 1103A-33TG1;;RETIRADO;1;;;1;25322,58;RETIRADO;SOMOV S.A;014085;0;;
01870201001;006576;60201018801;GS WEG AW10 BR180S1-H MU F3;;SEPARADO;1;;;1;10554,29;SEPARADO;WEG EQUIPAMENTOS ELETRICOS S/A;014084;0;;
01870201001;006576;60305003201;RESIST. PREAQUEC. 1000W 220V;;SEPARADO;1;;;1;900;SEPARADO;SERVINTEL;014089;0;;
01870201001;006576;60501001601;TAMPA BOC ABAST TANCLIK  A101C;;SEPARADO;1;;;1;48;SEPARADO;ITULUB;014109;0;;
01870201001;006576;60501004708;FLANGE TQ POLI RETORNO;;SEPARADO;1;;;1;72,375;SEPARADO;GW;14125/14126/014120;0;;
01870201001;006576;60501004908;TRAVA FIX 450L;;SEPARADO;2;;;2;33,775;SEPARADO;GW;14125/14126/014120;0;;
01870201001;006576;60501005501;TQ COMB 180L POLIETILENO;;SEPARADO;1;;;1;1563,79;SEPARADO;ACCURATE MACHINE USINAGEM DE PRECISAO LTDA ME                                   ;014087;0;;
01870201001;006576;60501008608;CONTRA FLANGE TQ POLIETILENO;;SEPARADO;2;;;2;33,775;SEPARADO;GW;14125/14126/014120;0;;
01870201001;006576;60501010308;FLANGE TQ 200L POLI ABAST KVA;;SEPARADO;1;;;1;33,775;SEPARADO;GW;14125/14126/014120;0;;
01870201001;006576;60501010708;BOCAL ENCHIMENTO TQ TANCLICK;;SEPARADO;1;;;1;145;SEPARADO;AÇO FORT;000000;0;;
01870201001;006576;60702003501;BATERIA 12V 70AH 510CCA KONDOR;;SEPARADO;1;;;1;450;SEPARADO;JMS;014110;0;;
01870201001;006576;60702005608;SPT BAT 70AH SMART I;;SEPARADO;1;;;1;96,5;SEPARADO;GW;14125/14126/014120;0;;
01870201001;006576;60702006008;SPT FIX BAT 100AH SMART;;SEPARADO;1;;;1;91,675;SEPARADO;GW;14125/14126/014120;0;;
01870201001;006576;61401016249NE;CARENAGEM SMART I ;;SEPARADO;1;;;1;3377,5;SEPARADO;GW;14125/14126/014120;0;;
01870201001;006576;60901012816;SILENCIOSO 29DBA CRN KSE105;;SEPARADO;1;;;1;1363,04;SEPARADO;SCAPSUL;014119;0,065;;
01870201001;006576;60901024616;CURVA FLEX PK1103T KSE105 VS;;SEPARADO;1;;;1;772,34;SEPARADO;SCAPSUL;014119;0,065;;
01870201001;006576;61101000501;SENSOR PR OLEO 3RHO 7704;;SEPARADO;1;;;1;209,6;SEPARADO;MX;014112;0;;
01870201001;006576;61101001301;SENS NV COMB ULTRAS K40LSR;;SEPARADO;1;;;1;441;SEPARADO;KVA;014111;0;;
01870201001;006576;61103000100;"BOIA MEC FV34-75-PP130 3/4""BSP";;SEPARADO;1;;;1;900;SEPARADO;SANTAE;014114;0,0325;;
01870201001;006576;61301014708;BASE SMART I PK;;SEPARADO;1;;;1;965;SEPARADO;GW;14125/14126/014120;0;;
01870201001;006576;61303000101;AMT VIBRA-STOP XT2000 M12;;SEPARADO;4;;;4;103,7;SEPARADO;VIBRA-STOP;014117;0;;
01870201001;006576;61307015508;SPT MOT PK/FPT SMART I E II;;SEPARADO;1;;;1;241,25;SEPARADO;GW;14125/14126/014120;0;;
01870201001;006576;61307015608;SPT ALT WEG SMART I E II;;SEPARADO;1;;;1;241,25;SEPARADO;GW;14125/14126/014120;0;;
01870201001;006576;61402046608;FECH RAD SMART I PK1103A;;SEPARADO;1;;;1;731,47;SEPARADO;GW;14125/14126/014120;0;;
01870201001;006576;61405001101;BATENTE DE BORRACHA CONICO;;SEPARADO;3;;;3;6,4;SEPARADO;ML;000000;0;;
01870201001;006576;61601008708;SPT ESQ QCF/QTA SMART I E II;;SEPARADO;1;;;1;33,775;SEPARADO;GW;14125/14126/014120;0;;
01870201001;006576;61601008808;SPT DIR QCF/QTA SMART I E II;;SEPARADO;1;;;1;33,775;SEPARADO;GW;14125/14126/014120;0;;
01870201005;006576;61635033549;TAMPA DJ MAN ABB QCF/QTA A0/A2;;SEPARADO;1;;;1;24,125;SEPARADO;GW;14125/14126/014120;0;;
01870201001;006576;61640008851;SPT DJ ABB A0/A2 QCF/QTA;;SEPARADO;1;;;1;33,775;SEPARADO;GW;14125/14126/014120;0;;
01870201005;006576;61647041101;DCM 3P FX 80A A0C TMF;;SEPARADO;1;;;1;152,8;SEPARADO;ABB;014123;0,065;;
01870201005;006576;106004400;DJ 3P 16A CURVA C 10KA S203;;SEPARADO;1;;;1;48,61;SEPARADO;ABB ELETRIFICACAO LTDA;000000;;;
01870201005;006576;61652004801;RL AUX 40A 12VCC DNI0102;;SEPARADO;2;;;2;5,86;SEPARADO;SNAP;014090;0;;
01870201005;006576;61653004801;TC SASSI 250-5A ST-42;;SEPARADO;3;;;3;91;SEPARADO;SASSI;014115;0,065;;
01870201005;006576;61656004001;CONT NF BOTAO ABB LINHA MCB;;SEPARADO;2;;;2;9,33;SEPARADO;ABB;014123;0,0975;;
01870201005;006576;61659003501;PROT PLC A0 QTA SMART ELETRONET;;SEPARADO;1;;;1;78,83870968;SEPARADO;EMPORIO DO ACRILICO;014124;0;;
01870201001;006576;61801002001;PF DIN912 M10X40 12.9 PT;;SEPARADO;12;;;12;5,58;SEPARADO;MULT TEMPERA COAT TECNOLOGIA EM TRATAMENTO TERMICO E REVESTIMENTOS SUPERFICIAIS;000000;;;
01870201001;006576;61801002101;"PF DIN912 3/8""UNFX1"" 12.9 PT";;SEPARADO;8;;;8;5,11;SEPARADO;MULT TEMPERA COAT TECNOLOGIA EM TRATAMENTO TERMICO E REVESTIMENTOS SUPERFICIAIS;000000;;;
01870201001;006576;61801002201;ARR M10 DIN 127 BIC;;KANBAN;20;;;20;0,85;KANBAN;CENTRAL;000000;0;;
01870201001;006576;61802000111;"BICO RM 1/2""NPT MANG 1/2"" BIC";;SEPARADO;2;;;2;26,88;SEPARADO;BULKS;014088;0;;
01870201001;006576;61802000311;BICO RM 1/2 POL.NPT FM16 MANG;;FALTA;1;;;1;26,88;FALTA;BULKS;014088;0;;
01870201001;006576;61802000422;COTOVELO MF 90 1 2NPT GALV;;FÁBRICA;1;;;1;8,34;FÁBRICA;CENTRAL;014105;0;;
01870201001;006576;61802000711;BICO RM 1/2 NPT MANG 3/8 BIC;;SEPARADO;1;;;1;26,88;SEPARADO;BULKS;014088;0;;
01870201001;006576;61802001711;BICO RM 1/2NPT MANG 5/8 BIC;;FALTA;2;;;2;26,88;FALTA;BULKS;014088;0;;
01870201001;006576;61802002711;ADP M/M 1/2”NPT X 3/4UNF BIC;;SEPARADO;1;;;1;26,88;SEPARADO;BULKS;014088;0;;
01870201001;006576;61802002811;"BICO RM 1/4""NPT MANG 5/8"" BIC";;SEPARADO;1;;;1;18,23;SEPARADO;HITOCOM MATERIAIS TECNICOS E SERVICOS LTDA;000000;;;
01870201001;006576;61802002911;ADP M/F M18X1.5 X M14X1.5 BIC;;FALTA;1;;;1;26,88;FALTA;BULKS;014088;0;;
01870201001;006576;61802008111;ADP M RESP M22;;SEPARADO;1;;;1;26,88;SEPARADO;BULKS;014088;0;;
01870201001;006576;61802014001;BICO RM 1/2 NPT MANG 5/16 BIC;;SEPARADO;1;;;1;26,88;SEPARADO;BULKS;014088;0;;
01870201001;006576;61805000222;ABRACADEIRA CRON D14-22 AC;;FALTA;2;;;2;4,15;FALTA;REI DAS MANGUEIRAS;014113;0;;
01870201001;006576;61807000301;ARR VED 10X16X1.5 AL;;SEPARADO;2;;;2;0;SEPARADO;0;000000;;;
01870201001;006576;61809000101;"VALV ESFERA F/F 1/2"" NPT";;SEPARADO;1;;;1;88,15;SEPARADO;MX;014112;0;;
01870201001;006576;61809000301;"VALV ESF BORBOLETA F/F 1/2""NPT";;SEPARADO;1;;;1;62,82;SEPARADO;MX;014112;0;;
01870201005;006576;106001500;DJ 1P 10A CURVA C 10KA S201;;SEPARADO;1;;;1;27,95;SEPARADO;ABB;014123;0,065;;
01870201005;006576;106207600;POSTE FINAL USK-2G2;;SEPARADO;3;;;3;1,02;SEPARADO;PROAUTO;014121;0,0975;;
01870201005;006576;104193600;SUPORTE IDENTIF P/ POSTE KLM-A;;SEPARADO;2;;;2;0;SEPARADO;0;000000;;;
01870201005;006576;107078500;CB COBRE NU 16MM2;;SEPARADO;0,5;;;0,5;10,2811;SEPARADO;COBREFLEX INDUSTRIA, DISTRIBUICAO E COMERCIO DE FIOS E CABOS EIRELI;000000;;;
01870201005;006576;204583100;PORTA DOCUMENTOS TASCO 71160;;SEPARADO;1;;;1;40,83;SEPARADO;TASCO;014108;0,0975;;
01870201005;006576;61640008749;TAMPA QTA USCA 5C CTZ;;SEPARADO;1;;;1;27,02;SEPARADO;GW;14125/14126/014120;0;;
01870201005;006576;106004400;DJ 3P 16A CURVA C 10KA S203;;SEPARADO;2;;;2;48,61;SEPARADO;ABB ELETRIFICACAO LTDA;000000;;;
01870201005;006576;61648042901;DJ 2P 10A SJ202 T-C10;;SEPARADO;1;;;1;35;SEPARADO;ABB ELETRIFICACAO LTDA;000000;;;
01870201005;006576;61652004801;RL AUX 40A 12VCC DNI0102;;SEPARADO;4;;;4;5,86;SEPARADO;SNAP;014090;0;;
01870201005;006576;61654001901;MOD IL4-AMF8;;SEPARADO;1;;;1;842,74;SEPARADO;SERVINTEL;014089;0;;
01870201005;006576;61655002601;CARREG BAT 12/24VCC KVA PRO;;SEPARADO;1;;;1;466,33;SEPARADO;KVA;014111;0;;
01870201005;006576;61656003801;SUPORTE MODULAR BOTAO ABB;;SEPARADO;1;;;1;5,55;SEPARADO;ABB;014123;0,0975;;
01870201005;006576;61656004001;CONT NF BOTAO ABB LINHA MCB;;SEPARADO;1;;;1;9,33;SEPARADO;ABB;014123;0,0975;;
01870201005;006576;61656004701;CABECOTE BOTAO EMERGENCIA ABB;;SEPARADO;1;;;1;40,97;SEPARADO;ABB;014123;0,0975;;
01870201005;006576;61656004801;ADESIVO PARADA DE EMERGENCIA;;FÁBRICA;1;;;1;25,7;FÁBRICA;APS COMPONENTES ELETRICOS S/A;000000;;;
01870201005;006576;61659003301;TERMO RETRATIL AZUL LARG 9MM;;SEPARADO;24,3;;;24,3;2,4971;SEPARADO;ESTOQUE;000000;0;;
01870201005;006576;61660001201;TER ISOL ANEL 16MM² M8;;SEPARADO;1;;;1;16,1;SEPARADO;ROMAR ACESSORIOS INDUSTRIAIS LTDA;000000;;;
01870201005;006576;61660001301;TER ISOL ANEL 16MM² M10;;SEPARADO;1;;;1;16,39;SEPARADO;ROMAR ACESSORIOS INDUSTRIAIS LTDA;000000;;;
01870201005;006576;61660005901;BORNE DUPLO PUSH IN 4MM DDP4;;SEPARADO;7;;;7;1,9;SEPARADO;PROAUTO;014121;0,0975;;
01870201005;006576;61660006101;BORNE PUSH IN DP2.5PG-XXP;;RETIRADO;1;;;1;7,42;RETIRADO;PROAUTO;014121;0,0975;;
01870201005;006576;61660006201;JUMPER BORNE DUP 4MM DSD01402N;;SEPARADO;1;;;1;2,01;SEPARADO;PROAUTO;014121;0,0975;;
01870201005;006576;61660006501;TAMPA P/ BORNE DUP 4MM DPP4C;;SEPARADO;2;;;2;1,38;SEPARADO;PROAUTO;014121;0,0975;;
01870201005;006576;61660006601;TAMPA P/ BORNE 4MM DPES2.5C;;FÁBRICA;1;;;1;2,06;FÁBRICA;PROAUTO;014121;0,0975;;
01870201008;006576;107045500;"BARRA COBRE 1"" X 5/16""";;SEPARADO;0,2;;;0,2;170,9516;SEPARADO;ESTOQUE;000000;0;;
01870201009;006576;105049200;INTTRV MEC CTTR VM19;;SEPARADO;1;;;1;92,68;SEPARADO;ABB;014123;0,0975;;
01870201009;006576;105049500;CTTR 3P 160A AF116 30-11-13;;SEPARADO;2;;;2;756,87;SEPARADO;ABB;014123;0,0325;;
01870201009;006576;106088800;DJ 3P 80A S283 C80;;SEPARADO;1;;;1;0;SEPARADO;0;000000;;;
01870201009;006576;107069800;CB COBRE 10MM2 BR 200ºC 152A;;SEPARADO;1;;;1;53,25;SEPARADO;CONDUMIX COMERCIO DE MATERIAL ELETRICO LTDA;000000;;;
01870201009;006576;107010900;CB COBRE 50MM2 0,6/1KV 90 C PT;;SEPARADO;0,75;;;0,75;70,95;SEPARADO;REMO ELETRICA LTDA;000000;;;
01870201009;006576;107069800;CB COBRE 10MM2 BR 200ºC 152A;;SEPARADO;5;;;5;0;SEPARADO;CONDUMIX COMERCIO DE MATERIAL ELETRICO LTDA;000000;;;
01870201009;006576;61646009401;PROT SURTOS FRONT V 460V 45KA;;SEPARADO;4;;;4;38,9792;SEPARADO;CLAMPER;014107;0,0975;;
01870201010;006576;209001400;PERFIL BRCH U 12X6MM 1912;;SEPARADO;0,5;;;0,5;0;SEPARADO;0;000000;;;
01870201010;006576;61405001201;DOBRADICA TASCO 91591;;SEPARADO;3;;;3;0;SEPARADO;GW;14125/14126/014120;0;;
01870201010;006576;61405002801;FECHO LINGUETA YALE;;SEPARADO;2;;;2;0;SEPARADO;GW;14125/14126/014120;0;;
01870201010;006576;61635033349;TAMPA PASS CB QD QCF/QTA;;SEPARADO;1;;;1;24,125;SEPARADO;GW;14125/14126/014120;0;;
01870201010;006576;61635033949;SPT TRILHO QCF/QTA;;SEPARADO;2;;;2;24,125;SEPARADO;GW;14125/14126/014120;0;;
01870201010;006576;61640008649;GABINETE QTA 800X600X200 CTZ;;SEPARADO;1;;;1;627,25;SEPARADO;GW;14125/14126/014120;0;;
01870201011;006576;104016100;TER ISOL ANEL 6.70-10.00MM M8;;SEPARADO;4;;;4;0;SEPARADO;0;000000;;;
01870201011;006576;109013600;FITA ISOL 19MMX5M PT;;SEPARADO;1;;;1;0;SEPARADO;REI DAS MANGUEIRAS;000000;0;;
01870201011;006576;109013700;FITA ISOLANTE AUTOFUSAO - 19MMX5M PT;;SEPARADO;1;;;1;0;SEPARADO;REI DAS MANGUEIRAS;000000;0;;
01870201012;006576;101095500;MOD COMUNICACAO CM3-ETHERNET;;SEPARADO;1;;;1;995,11;SEPARADO;SERVINTEL;014089;0;;
01870301001;006578;101004800;SENSOR TEMP 12VCC;;SEPARADO;1;;;1;210,79;SEPARADO;POLIPECAS COMERCIAL E IMPORTADORA LTDA;000000;;;
01870301005;006578;104016100;TER ISOL ANEL 6.70-10.00MM M8;;SEPARADO;8;;;8;0;SEPARADO;0;000000;;;
01870301001;006578;107069800;CB COBRE 10MM2 BR 200ºC 152A;;SEPARADO;2,8;;;2,8;53,25;SEPARADO;CONDUMIX COMERCIO DE MATERIAL ELETRICO LTDA;000000;;;
01870301005;006578;109092400;ISOLADOR CIL 16X30 MM M6;;SEPARADO;2;;;2;9,06;SEPARADO;MX MATERIAIS ELETRICOS LTDA;000000;;;
01870301001;006578;204229500;CALCO D106 X 9,53;;SEPARADO;4;;;4;33,775;SEPARADO;GW;14125/14126/014120;0;;
01870301001;006578;204576400;ADP M/F M10X1,5 X M10X1,0;;SEPARADO;1;;;1;26,88;SEPARADO;BULKS;014088;0;;
01870301001;006578;209001400;PERFIL BRCH U 12X6MM 1912;;SEPARADO;0,3;;;0,3;0;SEPARADO;0;000000;;;
01870301001;006578;210012800;ARR M10 DIN 125 BIC;;KANBAN;20;;;20;1,15;KANBAN;MX;000000;;;
01870301001;006578;30702002801;BARRA ROSCADA 6MM;;FALTA;2;;;2;24,125;FALTA;GW;14125/14126/014120;0;;
01870301001;006578;31601193601NE;BOTAO EMERGENCIA CARENAGEM 2NF;;SEPARADO;1;;;1;8548,9321;SEPARADO;SDMO  INDUSTRIES;000000;;;
01870301001;006578;31805000303;ABRACADEIRA CRON D17-27 AC;;FALTA;4;;;4;4,15;FALTA;REI DAS MANGUEIRAS;014113;0;;
01870301001;006578;31805005801;ABRACADEIRA ESCAP. MS 73-81;;SEPARADO;1;;;1;28;SEPARADO;SCAPSUL;014119;0,065;;
01870301001;006578;31807001215;JUNTA DE VEDACAO D14XD18X1,5;;FÁBRICA;1;;;1;5;FÁBRICA;CENTRAL;014105;0;;
01870301001;006578;31807001223;JUNTA DE VEDACAO D18XD24X1,5;;FÁBRICA;1;;;1;6;FÁBRICA;CENTRAL;014105;0;;
01870301001;006578;31810002505;MANGUEIRA FLEXIVEL 12X19;;KANBAN;0,6;;;0,6;102,78;KANBAN;MX;000000;;;
01870301001;006578;31810006103;MANGUEIRA FLEXIVEL 16X26;;KANBAN;0,6;;;0,6;138,6;KANBAN;MX;000000;;;
01870301001;006578;60101001401;MOTOR PERKINS 1103A-33TG1;;SEPARADO;1;;;1;25322,58;SEPARADO;SOMOV S.A;014085;0;;
01870301001;006578;60201018801;GS WEG AW10 BR180S1-H MU F3;;SEPARADO;1;;;1;10554,29;SEPARADO;WEG EQUIPAMENTOS ELETRICOS S/A;014084;0;;
01870301001;006578;60305003201;RESIST. PREAQUEC. 1000W 220V;;SEPARADO;1;;;1;900;SEPARADO;SERVINTEL;014089;0;;
01870301001;006578;60501001601;TAMPA BOC ABAST TANCLIK  A101C;;SEPARADO;1;;;1;48;SEPARADO;ITULUB;014109;0;;
01870301001;006578;60501004708;FLANGE TQ POLI RETORNO;;SEPARADO;1;;;1;72,375;SEPARADO;GW;14125/14126/014120;0;;
01870301001;006578;60501004908;TRAVA FIX 450L;;SEPARADO;2;;;2;33,775;SEPARADO;GW;14125/14126/014120;0;;
01870301001;006578;60501005501;TQ COMB 180L POLIETILENO;;SEPARADO;1;;;1;1563,79;SEPARADO;ACCURATE MACHINE USINAGEM DE PRECISAO LTDA ME                                   ;014087;0;;
01870301001;006578;60501008608;CONTRA FLANGE TQ POLIETILENO;;SEPARADO;2;;;2;33,775;SEPARADO;GW;14125/14126/014120;0;;
01870301001;006578;60501010308;FLANGE TQ 200L POLI ABAST KVA;;SEPARADO;1;;;1;33,775;SEPARADO;GW;14125/14126/014120;0;;
01870301001;006578;60501010708;BOCAL ENCHIMENTO TQ TANCLICK;;SEPARADO;1;;;1;145;SEPARADO;AÇO FORT;000000;0;;
01870301001;006578;60702003501;BATERIA 12V 70AH 510CCA KONDOR;;SEPARADO;1;;;1;450;SEPARADO;JMS;014110;0;;
01870301001;006578;60702005608;SPT BAT 70AH SMART I;;SEPARADO;1;;;1;96,5;SEPARADO;GW;14125/14126/014120;0;;
01870301001;006578;60702006008;SPT FIX BAT 100AH SMART;;SEPARADO;1;;;1;91,675;SEPARADO;GW;14125/14126/014120;0;;
01870301001;006578;61401016249NE;CARENAGEM SMART I ;;SEPARADO;1;;;1;3377,5;SEPARADO;GW;14125/14126/014120;0;;
01870301001;006578;60901012816;SILENCIOSO 29DBA CRN KSE105;;SEPARADO;1;;;1;1363,04;SEPARADO;SCAPSUL;014119;0,065;;
01870301001;006578;60901024616;CURVA FLEX PK1103T KSE105 VS;;SEPARADO;1;;;1;772,34;SEPARADO;SCAPSUL;014119;0,065;;
01870301001;006578;61101000501;SENSOR PR OLEO 3RHO 7704;;SEPARADO;1;;;1;209,6;SEPARADO;MX;014112;0;;
01870301001;006578;61101001301;SENS NV COMB ULTRAS K40LSR;;SEPARADO;1;;;1;441;SEPARADO;KVA;014111;0;;
01870301001;006578;61103000100;"BOIA MEC FV34-75-PP130 3/4""BSP";;SEPARADO;1;;;1;900;SEPARADO;SANTAE;014114;0,0325;;
01870301001;006578;61301014708;BASE SMART I PK;;SEPARADO;1;;;1;965;SEPARADO;GW;14125/14126/014120;0;;
01870301001;006578;61303000101;AMT VIBRA-STOP XT2000 M12;;SEPARADO;4;;;4;103,7;SEPARADO;VIBRA-STOP;014117;0;;
01870301001;006578;61307015508;SPT MOT PK/FPT SMART I E II;;SEPARADO;1;;;1;241,25;SEPARADO;GW;14125/14126/014120;0;;
01870301001;006578;61307015608;SPT ALT WEG SMART I E II;;SEPARADO;1;;;1;241,25;SEPARADO;GW;14125/14126/014120;0;;
01870301001;006578;61402046608;FECH RAD SMART I PK1103A;;SEPARADO;1;;;1;731,47;SEPARADO;GW;14125/14126/014120;0;;
01870301001;006578;61405001101;BATENTE DE BORRACHA CONICO;;SEPARADO;3;;;3;6,4;SEPARADO;ML;000000;0;;
01870301001;006578;61601008708;SPT ESQ QCF/QTA SMART I E II;;SEPARADO;1;;;1;33,775;SEPARADO;GW;14125/14126/014120;0;;
01870301001;006578;61601008808;SPT DIR QCF/QTA SMART I E II;;SEPARADO;1;;;1;33,775;SEPARADO;GW;14125/14126/014120;0;;
01870301005;006578;61635033549;TAMPA DJ MAN ABB QCF/QTA A0/A2;;SEPARADO;1;;;1;24,125;SEPARADO;GW;14125/14126/014120;0;;
01870301005;006578;61640008851;SPT DJ ABB A0/A2 QCF/QTA;;SEPARADO;1;;;1;33,775;SEPARADO;GW;14125/14126/014120;0;;
01870301005;006578;61647041501;DCM 3P FX 160A A2A TMF;;SEPARADO;1;;;1;313,24;SEPARADO;ABB;014123;0,065;;
01870301001;006578;61648042801;DJ 3P 10A SJ203 T-C10;;RETIRADO;1;;;1;48,61;RETIRADO;#N/D;000000;;;
01870301005;006578;61652004801;RL AUX 40A 12VCC DNI0102;;SEPARADO;2;;;2;5,86;SEPARADO;SNAP;014090;0;;
01870301005;006578;61653004801;TC SASSI 250-5A ST-42;;SEPARADO;3;;;3;91;SEPARADO;SASSI;014115;0,065;;
01870301005;006578;61656004001;CONT NF BOTAO ABB LINHA MCB;;SEPARADO;2;;;2;9,33;SEPARADO;ABB;014123;0,0975;;
01870301005;006578;61659003401;PROT PLC A2 QTA SMART ELETRONET;;SEPARADO;1;;;1;78,83870968;SEPARADO;EMPORIO DO ACRILICO;014124;0;;
01870301001;006578;61801002001;PF DIN912 M10X40 12.9 PT;;SEPARADO;12;;;12;5,58;SEPARADO;MULT TEMPERA COAT TECNOLOGIA EM TRATAMENTO TERMICO E REVESTIMENTOS SUPERFICIAIS;000000;;;
01870301001;006578;61801002101;"PF DIN912 3/8""UNFX1"" 12.9 PT";;SEPARADO;8;;;8;5,11;SEPARADO;MULT TEMPERA COAT TECNOLOGIA EM TRATAMENTO TERMICO E REVESTIMENTOS SUPERFICIAIS;000000;;;
01870301001;006578;61801002201;ARR M10 DIN 127 BIC;;KANBAN;20;;;20;0,85;KANBAN;CENTRAL;000000;0;;
01870301001;006578;61802000111;"BICO RM 1/2""NPT MANG 1/2"" BIC";;SEPARADO;2;;;2;26,88;SEPARADO;BULKS;014088;0;;
01870301001;006578;61802000311;BICO RM 1/2 POL.NPT FM16 MANG;;FALTA;1;;;1;26,88;FALTA;BULKS;014088;0;;
01870301001;006578;61802000422;COTOVELO MF 90 1 2NPT GALV;;FALTA;1;;;1;8,34;FALTA;CENTRAL;014105;0;;
01870301001;006578;61802000711;BICO RM 1/2 NPT MANG 3/8 BIC;;SEPARADO;1;;;1;26,88;SEPARADO;BULKS;014088;0;;
01870301001;006578;61802001711;BICO RM 1/2NPT MANG 5/8 BIC;;FALTA;2;;;2;26,88;FALTA;BULKS;014088;0;;
01870301001;006578;61802002711;ADP M/M 1/2”NPT X 3/4UNF BIC;;SEPARADO;1;;;1;26,88;SEPARADO;BULKS;014088;0;;
01870301001;006578;61802002811;"BICO RM 1/4""NPT MANG 5/8"" BIC";;SEPARADO;1;;;1;18,23;SEPARADO;HITOCOM MATERIAIS TECNICOS E SERVICOS LTDA;000000;;;
01870301001;006578;61802002911;ADP M/F M18X1.5 X M14X1.5 BIC;;FALTA;1;;;1;26,88;FALTA;BULKS;014088;0;;
01870301001;006578;61802008111;ADP M RESP M22;;SEPARADO;1;;;1;26,88;SEPARADO;BULKS;014088;0;;
01870301001;006578;61802014001;BICO RM 1/2 NPT MANG 5/16 BIC;;SEPARADO;1;;;1;26,88;SEPARADO;BULKS;014088;0;;
01870301001;006578;61805000222;ABRACADEIRA CRON D14-22 AC;;FALTA;2;;;2;4,15;FALTA;REI DAS MANGUEIRAS;014113;0;;
01870301001;006578;61807000301;ARR VED 10X16X1.5 AL;;SEPARADO;2;;;2;0;SEPARADO;0;000000;;;
01870301001;006578;61809000101;"VALV ESFERA F/F 1/2"" NPT";;SEPARADO;1;;;1;88,15;SEPARADO;MX;014112;0;;
01870301001;006578;61809000301;"VALV ESF BORBOLETA F/F 1/2""NPT";;SEPARADO;1;;;1;62,82;SEPARADO;MX;014112;0;;
01870301005;006578;106001500;DJ 1P 10A CURVA C 10KA S201;;SEPARADO;1;;;1;27,95;SEPARADO;ABB;014123;0,065;;
01870301005;006578;106207600;POSTE FINAL USK-2G2;;SEPARADO;3;;;3;0;SEPARADO;0;000000;;;
01870301005;006578;104193600;SUPORTE IDENTIF P/ POSTE KLM-A;;SEPARADO;2;;;2;0;SEPARADO;0;000000;;;
01870301005;006578;107078500;CB COBRE NU 16MM2;;SEPARADO;0,5;;;0,5;10,2811;SEPARADO;COBREFLEX INDUSTRIA, DISTRIBUICAO E COMERCIO DE FIOS E CABOS EIRELI;000000;;;
01870301005;006578;204583100;PORTA DOCUMENTOS TASCO 71160;;SEPARADO;1;;;1;40,83;SEPARADO;TASCO;014108;0,0975;;
01870301005;006578;61640008749;TAMPA QTA USCA 5C CTZ;;SEPARADO;1;;;1;27,02;SEPARADO;GW;14125/14126/014120;0;;
01870301005;006578;106004400;DJ 3P 16A CURVA C 10KA S203;;SEPARADO;2;;;2;48,61;SEPARADO;ABB ELETRIFICACAO LTDA;000000;;;
01870301005;006578;61648042901;DJ 2P 10A SJ202 T-C10;;SEPARADO;1;;;1;35;SEPARADO;ABB ELETRIFICACAO LTDA;000000;;;
01870301005;006578;61652004801;RL AUX 40A 12VCC DNI0102;;SEPARADO;4;;;4;5,86;SEPARADO;SNAP;014090;0;;
01870301005;006578;61654001901;MOD IL4-AMF8;;SEPARADO;1;;;1;842,74;SEPARADO;SERVINTEL;014089;0;;
01870301005;006578;61655002601;CARREG BAT 12/24VCC KVA PRO;;SEPARADO;1;;;1;466,33;SEPARADO;KVA;014111;0;;
01870301005;006578;61656003801;SUPORTE MODULAR BOTAO ABB;;SEPARADO;1;;;1;5,55;SEPARADO;ABB;014123;0,0975;;
01870301005;006578;61656004001;CONT NF BOTAO ABB LINHA MCB;;SEPARADO;1;;;1;9,33;SEPARADO;ABB;014123;0,0975;;
01870301005;006578;61656004701;CABECOTE BOTAO EMERGENCIA ABB;;SEPARADO;1;;;1;40,97;SEPARADO;ABB;014123;0,0975;;
01870301005;006578;61656004801;ADESIVO PARADA DE EMERGENCIA;;FÁBRICA;1;;;1;25,7;FÁBRICA;APS COMPONENTES ELETRICOS S/A;000000;;;
01870301005;006578;61659003301;TERMO RETRATIL AZUL LARG 9MM;;SEPARADO;24,3;;;24,3;2,4971;SEPARADO;ESTOQUE;000000;0;;
01870301005;006578;61660001201;TER ISOL ANEL 16MM² M8;;SEPARADO;1;;;1;16,1;SEPARADO;ROMAR ACESSORIOS INDUSTRIAIS LTDA;000000;;;
01870301005;006578;61660001301;TER ISOL ANEL 16MM² M10;;SEPARADO;1;;;1;16,39;SEPARADO;ROMAR ACESSORIOS INDUSTRIAIS LTDA;000000;;;
01870301005;006578;61660005901;BORNE DUPLO PUSH IN 4MM DDP4;;SEPARADO;7;;;7;1,9;SEPARADO;PROAUTO;014121;0,0975;;
01870301005;006578;61660006101;BORNE PUSH IN DP2.5PG-XXP;;RETIRADO;1;;;1;7,42;RETIRADO;PROAUTO;014121;0,0975;;
01870301005;006578;61660006201;JUMPER BORNE DUP 4MM DSD01402N;;SEPARADO;1;;;1;2,01;SEPARADO;PROAUTO;014121;0,0975;;
01870301005;006578;61660006501;TAMPA P/ BORNE DUP 4MM DPP4C;;SEPARADO;2;;;2;1,38;SEPARADO;PROAUTO;014121;0,0975;;
01870301005;006578;61660006601;TAMPA P/ BORNE 4MM DPES2.5C;;FÁBRICA;1;;;1;2,06;FÁBRICA;PROAUTO;014121;0,0975;;
01870301008;006578;107045500;"BARRA COBRE 1"" X 5/16""";;SEPARADO;0,2;;;0,2;170,9516;SEPARADO;ESTOQUE;000000;0;;
01870301009;006578;105049200;INTTRV MEC CTTR VM19;;SEPARADO;1;;;1;92,68;SEPARADO;ABB;014123;0,0975;;
01870301009;006578;105049500;CTTR 3P 160A AF116 30-11-13;;SEPARADO;2;;;2;756,87;SEPARADO;ABB;014123;0,0325;;
01870301009;006578;106088800;DJ 3P 80A S283 C80;;SEPARADO;1;;;1;0;SEPARADO;0;000000;;;
01870301009;006578;107069800;CB COBRE 10MM2 BR 200ºC 152A;;SEPARADO;1;;;1;53,25;SEPARADO;CONDUMIX COMERCIO DE MATERIAL ELETRICO LTDA;000000;;;
01870301009;006578;107010900;CB COBRE 50MM2 0,6/1KV 90 C PT;;SEPARADO;0,75;;;0,75;70,95;SEPARADO;REMO ELETRICA LTDA;000000;;;
01870301009;006578;107069800;CB COBRE 10MM2 BR 200ºC 152A;;SEPARADO;5;;;5;0;SEPARADO;CONDUMIX COMERCIO DE MATERIAL ELETRICO LTDA;000000;;;
01870301009;006578;61646009301;PROT SURTOS FRONT V 275V 45KA;;SEPARADO;4;;;4;28,6884;SEPARADO;CLAMPER;014107;0,0975;;
01870301010;006578;209001400;PERFIL BRCH U 12X6MM 1912;;SEPARADO;0,5;;;0,5;0;SEPARADO;0;000000;;;
01870301010;006578;61405001201;DOBRADICA TASCO 91591;;SEPARADO;3;;;3;0;SEPARADO;GW;14125/14126/014120;0;;
01870301010;006578;61405002801;FECHO LINGUETA YALE;;SEPARADO;2;;;2;0;SEPARADO;GW;14125/14126/014120;0;;
01870301010;006578;61635033349;TAMPA PASS CB QD QCF/QTA;;SEPARADO;1;;;1;24,125;SEPARADO;GW;14125/14126/014120;0;;
01870301010;006578;61635033949;SPT TRILHO QCF/QTA;;SEPARADO;2;;;2;24,125;SEPARADO;GW;14125/14126/014120;0;;
01870301010;006578;61640008649;GABINETE QTA 800X600X200 CTZ;;SEPARADO;1;;;1;627,25;SEPARADO;GW;14125/14126/014120;0;;
01870301011;006578;104016100;TER ISOL ANEL 6.70-10.00MM M8;;SEPARADO;4;;;4;0;SEPARADO;0;000000;;;
01870301011;006578;109013600;FITA ISOL 19MMX5M PT;;SEPARADO;1;;;1;0;SEPARADO;REI DAS MANGUEIRAS;000000;0;;
01870301011;006578;109013700;FITA ISOLANTE AUTOFUSAO - 19MMX5M PT;;SEPARADO;1;;;1;0;SEPARADO;REI DAS MANGUEIRAS;000000;0;;
01870301012;006578;101095500;MOD COMUNICACAO CM3-ETHERNET;;SEPARADO;1;;;1;995,11;SEPARADO;SERVINTEL;014089;0;;
01870401001;006580;101004800;SENSOR TEMP 12VCC;;SEPARADO;1;;;1;210,79;SEPARADO;POLIPECAS COMERCIAL E IMPORTADORA LTDA;000000;;;
01870401001;006580;104016100;TER ISOL ANEL 6.70-10.00MM M8;;SEPARADO;8;;;8;0;SEPARADO;0;000000;;;
01870401005;006580;107069800;CB COBRE 10MM2 BR 200ºC 152A;;SEPARADO;2,8;;;2,8;53,25;SEPARADO;CONDUMIX COMERCIO DE MATERIAL ELETRICO LTDA;000000;;;
01870401005;006580;109092400;ISOLADOR CIL 16X30 MM M6;;SEPARADO;2;;;2;9,06;SEPARADO;MX MATERIAIS ELETRICOS LTDA;000000;;;
01870401001;006580;204229500;CALCO D106 X 9,53;;SEPARADO;4;;;4;33,775;SEPARADO;GW;14125/14126/014120;0;;
01870401001;006580;204576400;ADP M/F M10X1,5 X M10X1,0;;SEPARADO;1;;;1;26,88;SEPARADO;BULKS;014088;0;;
01870401001;006580;209001400;PERFIL BRCH U 12X6MM 1912;;SEPARADO;0,3;;;0,3;0;SEPARADO;0;000000;;;
01870401001;006580;210012800;ARR M10 DIN 125 BIC;;KANBAN;20;;;20;1,15;KANBAN;MX;000000;;;
01870401001;006580;30702002801;BARRA ROSCADA 6MM;;FALTA;2;;;2;24,125;FALTA;GW;14125/14126/014120;0;;
01870401001;006580;31601193601NE;BOTAO EMERGENCIA CARENAGEM 2NF;;SEPARADO;1;;;1;8548,9321;SEPARADO;SDMO  INDUSTRIES;000000;;;
01870401001;006580;31805000303;ABRACADEIRA CRON D17-27 AC;;FALTA;4;;;4;4,15;FALTA;REI DAS MANGUEIRAS;014113;0;;
01870401001;006580;31805005801;ABRACADEIRA ESCAP. MS 73-81;;SEPARADO;1;;;1;28;SEPARADO;SCAPSUL;014119;0,065;;
01870401001;006580;31807001215;JUNTA DE VEDACAO D14XD18X1,5;;FÁBRICA;1;;;1;5;FÁBRICA;CENTRAL;014105;0;;
01870401001;006580;31807001223;JUNTA DE VEDACAO D18XD24X1,5;;FÁBRICA;1;;;1;6;FÁBRICA;CENTRAL;014105;0;;
01870401001;006580;31810002505;MANGUEIRA FLEXIVEL 12X19;;KANBAN;0,6;;;0,6;102,78;KANBAN;MX;000000;;;
01870401001;006580;31810006103;MANGUEIRA FLEXIVEL 16X26;;KANBAN;0,6;;;0,6;138,6;KANBAN;MX;000000;;;
01870401001;006580;60101001401;MOTOR PERKINS 1103A-33TG1;;SEPARADO;1;;;1;25322,58;SEPARADO;SOMOV S.A;014085;0;;
01870401001;006580;60201018801;GS WEG AW10 BR180S1-H MU F3;;SEPARADO;1;;;1;10554,29;SEPARADO;WEG EQUIPAMENTOS ELETRICOS S/A;014084;0;;
01870401001;006580;60305003201;RESIST. PREAQUEC. 1000W 220V;;SEPARADO;1;;;1;900;SEPARADO;SERVINTEL;014089;0;;
01870401001;006580;60501001601;TAMPA BOC ABAST TANCLIK  A101C;;SEPARADO;1;;;1;48;SEPARADO;ITULUB;014109;0;;
01870401001;006580;60501004708;FLANGE TQ POLI RETORNO;;SEPARADO;1;;;1;72,375;SEPARADO;GW;14125/14126/014120;0;;
01870401001;006580;60501004908;TRAVA FIX 450L;;SEPARADO;2;;;2;33,775;SEPARADO;GW;14125/14126/014120;0;;
01870401001;006580;60501005501;TQ COMB 180L POLIETILENO;;SEPARADO;1;;;1;1563,79;SEPARADO;ACCURATE MACHINE USINAGEM DE PRECISAO LTDA ME                                   ;014087;0;;
01870401001;006580;60501008608;CONTRA FLANGE TQ POLIETILENO;;SEPARADO;2;;;2;33,775;SEPARADO;GW;14125/14126/014120;0;;
01870401001;006580;60501010308;FLANGE TQ 200L POLI ABAST KVA;;SEPARADO;1;;;1;33,775;SEPARADO;GW;14125/14126/014120;0;;
01870401001;006580;60501010708;BOCAL ENCHIMENTO TQ TANCLICK;;SEPARADO;1;;;1;145;SEPARADO;AÇO FORT;000000;0;;
01870401001;006580;60702003501;BATERIA 12V 70AH 510CCA KONDOR;;SEPARADO;1;;;1;450;SEPARADO;JMS;014110;0;;
01870401001;006580;60702005608;SPT BAT 70AH SMART I;;SEPARADO;1;;;1;96,5;SEPARADO;GW;14125/14126/014120;0;;
01870401001;006580;60702006008;SPT FIX BAT 100AH SMART;;SEPARADO;1;;;1;91,675;SEPARADO;GW;14125/14126/014120;0;;
01870401001;006580;61401016249NE;CARENAGEM SMART I ;;SEPARADO;1;;;1;3377,5;SEPARADO;GW;14125/14126/014120;0;;
01870401001;006580;60901012816;SILENCIOSO 29DBA CRN KSE105;;SEPARADO;1;;;1;1363,04;SEPARADO;SCAPSUL;014119;0,065;;
01870401001;006580;60901024616;CURVA FLEX PK1103T KSE105 VS;;SEPARADO;1;;;1;772,34;SEPARADO;SCAPSUL;014119;0,065;;
01870401001;006580;61101000501;SENSOR PR OLEO 3RHO 7704;;SEPARADO;1;;;1;209,6;SEPARADO;MX;014112;0;;
01870401001;006580;61101001301;SENS NV COMB ULTRAS K40LSR;;SEPARADO;1;;;1;441;SEPARADO;KVA;014111;0;;
01870401001;006580;61103000100;"BOIA MEC FV34-75-PP130 3/4""BSP";;SEPARADO;1;;;1;900;SEPARADO;SANTAE;014114;0,0325;;
01870401001;006580;61301014708;BASE SMART I PK;;SEPARADO;1;;;1;965;SEPARADO;GW;14125/14126/014120;0;;
01870401001;006580;61303000101;AMT VIBRA-STOP XT2000 M12;;SEPARADO;4;;;4;103,7;SEPARADO;VIBRA-STOP;014117;0;;
01870401001;006580;61307015508;SPT MOT PK/FPT SMART I E II;;SEPARADO;1;;;1;241,25;SEPARADO;GW;14125/14126/014120;0;;
01870401001;006580;61307015608;SPT ALT WEG SMART I E II;;SEPARADO;1;;;1;241,25;SEPARADO;GW;14125/14126/014120;0;;
01870401001;006580;61402046608;FECH RAD SMART I PK1103A;;SEPARADO;1;;;1;731,47;SEPARADO;GW;14125/14126/014120;0;;
01870401001;006580;61405001101;BATENTE DE BORRACHA CONICO;;SEPARADO;3;;;3;6,4;SEPARADO;ML;000000;0;;
01870401001;006580;61601008708;SPT ESQ QCF/QTA SMART I E II;;SEPARADO;1;;;1;33,775;SEPARADO;GW;14125/14126/014120;0;;
01870401001;006580;61601008808;SPT DIR QCF/QTA SMART I E II;;SEPARADO;1;;;1;33,775;SEPARADO;GW;14125/14126/014120;0;;
01870401005;006580;61635033549;TAMPA DJ MAN ABB QCF/QTA A0/A2;;SEPARADO;1;;;1;24,125;SEPARADO;GW;14125/14126/014120;0;;
01870401005;006580;61640008851;SPT DJ ABB A0/A2 QCF/QTA;;SEPARADO;1;;;1;33,775;SEPARADO;GW;14125/14126/014120;0;;
01870401005;006580;61647041501;DCM 3P FX 160A A2A TMF;;SEPARADO;1;;;1;313,24;SEPARADO;ABB;014123;0,065;;
01870401005;006580;61648042801;DJ 3P 10A SJ203 T-C10;;RETIRADO;1;;;1;48,61;RETIRADO;#N/D;000000;;;
01870401005;006580;61652004801;RL AUX 40A 12VCC DNI0102;;SEPARADO;2;;;2;5,86;SEPARADO;SNAP;014090;0;;
01870401005;006580;61653004801;TC SASSI 250-5A ST-42;;SEPARADO;3;;;3;91;SEPARADO;SASSI;014115;0,065;;
01870401005;006580;61656004001;CONT NF BOTAO ABB LINHA MCB;;SEPARADO;2;;;2;9,33;SEPARADO;ABB;014123;0,0975;;
01870401005;006580;61659003401;PROT PLC A2 QTA SMART ELETRONET;;SEPARADO;1;;;1;78,83870968;SEPARADO;EMPORIO DO ACRILICO;014124;0;;
01870401001;006580;61801002001;PF DIN912 M10X40 12.9 PT;;SEPARADO;12;;;12;5,58;SEPARADO;MULT TEMPERA COAT TECNOLOGIA EM TRATAMENTO TERMICO E REVESTIMENTOS SUPERFICIAIS;000000;;;
01870401001;006580;61801002101;"PF DIN912 3/8""UNFX1"" 12.9 PT";;SEPARADO;8;;;8;5,11;SEPARADO;MULT TEMPERA COAT TECNOLOGIA EM TRATAMENTO TERMICO E REVESTIMENTOS SUPERFICIAIS;000000;;;
01870401001;006580;61801002201;ARR M10 DIN 127 BIC;;KANBAN;20;;;20;0,85;KANBAN;CENTRAL;000000;0;;
01870401001;006580;61802000111;"BICO RM 1/2""NPT MANG 1/2"" BIC";;SEPARADO;2;;;2;26,88;SEPARADO;BULKS;014088;0;;
01870401001;006580;61802000311;BICO RM 1/2 POL.NPT FM16 MANG;;FALTA;1;;;1;26,88;FALTA;BULKS;014088;0;;
01870401001;006580;61802000422;COTOVELO MF 90 1 2NPT GALV;;FALTA;1;;;1;8,34;FALTA;CENTRAL;014105;0;;
01870401001;006580;61802000711;BICO RM 1/2 NPT MANG 3/8 BIC;;SEPARADO;1;;;1;26,88;SEPARADO;BULKS;014088;0;;
01870401001;006580;61802001711;BICO RM 1/2NPT MANG 5/8 BIC;;FALTA;2;;;2;26,88;FALTA;BULKS;014088;0;;
01870401001;006580;61802002711;ADP M/M 1/2”NPT X 3/4UNF BIC;;SEPARADO;1;;;1;26,88;SEPARADO;BULKS;014088;0;;
01870401001;006580;61802002811;"BICO RM 1/4""NPT MANG 5/8"" BIC";;SEPARADO;1;;;1;18,23;SEPARADO;HITOCOM MATERIAIS TECNICOS E SERVICOS LTDA;000000;;;
01870401001;006580;61802002911;ADP M/F M18X1.5 X M14X1.5 BIC;;FALTA;1;;;1;26,88;FALTA;BULKS;014088;0;;
01870401001;006580;61802008111;ADP M RESP M22;;SEPARADO;1;;;1;26,88;SEPARADO;BULKS;014088;0;;
01870401001;006580;61802014001;BICO RM 1/2 NPT MANG 5/16 BIC;;SEPARADO;1;;;1;26,88;SEPARADO;BULKS;014088;0;;
01870401001;006580;61805000222;ABRACADEIRA CRON D14-22 AC;;FALTA;2;;;2;4,15;FALTA;REI DAS MANGUEIRAS;014113;0;;
01870401001;006580;61807000301;ARR VED 10X16X1.5 AL;;SEPARADO;2;;;2;0;SEPARADO;0;000000;;;
01870401001;006580;61809000101;"VALV ESFERA F/F 1/2"" NPT";;SEPARADO;1;;;1;88,15;SEPARADO;MX;014112;0;;
01870401001;006580;61809000301;"VALV ESF BORBOLETA F/F 1/2""NPT";;SEPARADO;1;;;1;62,82;SEPARADO;MX;014112;0;;
01870401005;006580;106001500;DJ 1P 10A CURVA C 10KA S201;;SEPARADO;1;;;1;27,95;SEPARADO;ABB;014123;0,065;;
01870401005;006580;106207600;POSTE FINAL USK-2G2;;SEPARADO;3;;;3;0;SEPARADO;0;000000;;;
01870401005;006580;104193600;SUPORTE IDENTIF P/ POSTE KLM-A;;SEPARADO;2;;;2;0;SEPARADO;0;000000;;;
01870401005;006580;107078500;CB COBRE NU 16MM2;;SEPARADO;0,5;;;0,5;10,2811;SEPARADO;COBREFLEX INDUSTRIA, DISTRIBUICAO E COMERCIO DE FIOS E CABOS EIRELI;000000;;;
01870401005;006580;204583100;PORTA DOCUMENTOS TASCO 71160;;SEPARADO;1;;;1;40,83;SEPARADO;TASCO;014108;0,0975;;
01870401005;006580;61640008749;TAMPA QTA USCA 5C CTZ;;SEPARADO;1;;;1;27,02;SEPARADO;GW;14125/14126/014120;0;;
01870401005;006580;106004400;DJ 3P 16A CURVA C 10KA S203;;SEPARADO;2;;;2;48,61;SEPARADO;ABB ELETRIFICACAO LTDA;000000;;;
01870401005;006580;61648042901;DJ 2P 10A SJ202 T-C10;;SEPARADO;1;;;1;35;SEPARADO;ABB ELETRIFICACAO LTDA;000000;;;
01870401005;006580;61652004801;RL AUX 40A 12VCC DNI0102;;SEPARADO;4;;;4;5,86;SEPARADO;SNAP;014090;0;;
01870401005;006580;61654001901;MOD IL4-AMF8;;SEPARADO;1;;;1;842,74;SEPARADO;SERVINTEL;014089;0;;
01870401005;006580;61655002601;CARREG BAT 12/24VCC KVA PRO;;SEPARADO;1;;;1;466,33;SEPARADO;KVA;014111;0;;
01870401005;006580;61656003801;SUPORTE MODULAR BOTAO ABB;;SEPARADO;1;;;1;5,55;SEPARADO;ABB;014123;0,0975;;
01870401005;006580;61656004001;CONT NF BOTAO ABB LINHA MCB;;SEPARADO;1;;;1;9,33;SEPARADO;ABB;014123;0,0975;;
01870401005;006580;61656004701;CABECOTE BOTAO EMERGENCIA ABB;;SEPARADO;1;;;1;40,97;SEPARADO;ABB;014123;0,0975;;
01870401005;006580;61656004801;ADESIVO PARADA DE EMERGENCIA;;FÁBRICA;1;;;1;25,7;FÁBRICA;APS COMPONENTES ELETRICOS S/A;000000;;;
01870401005;006580;61659003301;TERMO RETRATIL AZUL LARG 9MM;;SEPARADO;24,3;;;24,3;2,4971;SEPARADO;ESTOQUE;000000;0;;
01870401005;006580;61660001201;TER ISOL ANEL 16MM² M8;;SEPARADO;1;;;1;16,1;SEPARADO;ROMAR ACESSORIOS INDUSTRIAIS LTDA;000000;;;
01870401005;006580;61660001301;TER ISOL ANEL 16MM² M10;;SEPARADO;1;;;1;16,39;SEPARADO;ROMAR ACESSORIOS INDUSTRIAIS LTDA;000000;;;
01870401005;006580;61660005901;BORNE DUPLO PUSH IN 4MM DDP4;;SEPARADO;7;;;7;1,9;SEPARADO;PROAUTO;014121;0,0975;;
01870401005;006580;61660006101;BORNE PUSH IN DP2.5PG-XXP;;RETIRADO;1;;;1;7,42;RETIRADO;PROAUTO;014121;0,0975;;
01870401005;006580;61660006201;JUMPER BORNE DUP 4MM DSD01402N;;SEPARADO;1;;;1;2,01;SEPARADO;PROAUTO;014121;0,0975;;
01870401005;006580;61660006501;TAMPA P/ BORNE DUP 4MM DPP4C;;SEPARADO;2;;;2;1,38;SEPARADO;PROAUTO;014121;0,0975;;
01870401005;006580;61660006601;TAMPA P/ BORNE 4MM DPES2.5C;;FÁBRICA;1;;;1;2,06;FÁBRICA;PROAUTO;014121;0,0975;;
01870401008;006580;107045500;"BARRA COBRE 1"" X 5/16""";;SEPARADO;0,2;;;0,2;170,9516;SEPARADO;ESTOQUE;000000;0;;
01870401009;006580;105049200;INTTRV MEC CTTR VM19;;SEPARADO;1;;;1;92,68;SEPARADO;ABB;014123;0,0975;;
01870401009;006580;105049500;CTTR 3P 160A AF116 30-11-13;;SEPARADO;2;;;2;756,87;SEPARADO;ABB;014123;0,0325;;
01870401009;006580;106088800;DJ 3P 80A S283 C80;;SEPARADO;1;;;1;0;SEPARADO;0;000000;;;
01870401009;006580;107069800;CB COBRE 10MM2 BR 200ºC 152A;;SEPARADO;1;;;1;53,25;SEPARADO;CONDUMIX COMERCIO DE MATERIAL ELETRICO LTDA;000000;;;
01870401009;006580;107010900;CB COBRE 50MM2 0,6/1KV 90 C PT;;SEPARADO;0,75;;;0,75;70,95;SEPARADO;REMO ELETRICA LTDA;000000;;;
01870401009;006580;107069800;CB COBRE 10MM2 BR 200ºC 152A;;SEPARADO;5;;;5;0;SEPARADO;CONDUMIX COMERCIO DE MATERIAL ELETRICO LTDA;000000;;;
01870401009;006580;61646009301;PROT SURTOS FRONT V 275V 45KA;;SEPARADO;4;;;4;28,6884;SEPARADO;CLAMPER;014107;0,0975;;
01870401010;006580;209001400;PERFIL BRCH U 12X6MM 1912;;SEPARADO;0,5;;;0,5;0;SEPARADO;0;000000;;;
01870401010;006580;61405001201;DOBRADICA TASCO 91591;;SEPARADO;3;;;3;0;SEPARADO;GW;14125/14126/014120;0;;
01870401010;006580;61405002801;FECHO LINGUETA YALE;;SEPARADO;2;;;2;0;SEPARADO;GW;14125/14126/014120;0;;
01870401010;006580;61635033349;TAMPA PASS CB QD QCF/QTA;;SEPARADO;1;;;1;24,125;SEPARADO;GW;14125/14126/014120;0;;
01870401010;006580;61635033949;SPT TRILHO QCF/QTA;;SEPARADO;2;;;2;24,125;SEPARADO;GW;14125/14126/014120;0;;
01870401010;006580;61640008649;GABINETE QTA 800X600X200 CTZ;;SEPARADO;1;;;1;627,25;SEPARADO;GW;14125/14126/014120;0;;
01870401011;006580;104016100;TER ISOL ANEL 6.70-10.00MM M8;;SEPARADO;4;;;4;0;SEPARADO;0;000000;;;
01870401011;006580;109013600;FITA ISOL 19MMX5M PT;;SEPARADO;1;;;1;0;SEPARADO;REI DAS MANGUEIRAS;000000;0;;
01870401011;006580;109013700;FITA ISOLANTE AUTOFUSAO - 19MMX5M PT;;SEPARADO;1;;;1;0;SEPARADO;REI DAS MANGUEIRAS;000000;0;;
01870401012;006580;101095500;MOD COMUNICACAO CM3-ETHERNET;;SEPARADO;1;;;1;995,11;SEPARADO;SERVINTEL;014089;0;;
01870501001;006582;101004800;SENSOR TEMP 12VCC;;SEPARADO;1;;;1;210,79;SEPARADO;POLIPECAS COMERCIAL E IMPORTADORA LTDA;000000;;;
01870501005;006582;104016100;TER ISOL ANEL 6.70-10.00MM M8;;SEPARADO;8;;;8;0;SEPARADO;0;000000;;;
01870501001;006582;107069800;CB COBRE 10MM2 BR 200ºC 152A;;SEPARADO;2,8;;;2,8;53,25;SEPARADO;CONDUMIX COMERCIO DE MATERIAL ELETRICO LTDA;000000;;;
01870501005;006582;109092400;ISOLADOR CIL 16X30 MM M6;;SEPARADO;2;;;2;26,9;SEPARADO;MX;014112;0;;
01870501001;006582;204229500;CALCO D106 X 9,53;;SEPARADO;4;;;4;33,775;SEPARADO;GW;14125/14126/014120;0;;
01870501001;006582;204576400;ADP M/F M10X1,5 X M10X1,0;;SEPARADO;1;;;1;26,88;SEPARADO;BULKS;014088;0;;
01870501001;006582;209001400;PERFIL BRCH U 12X6MM 1912;;SEPARADO;0,3;;;0,3;0;SEPARADO;0;000000;;;
01870501001;006582;210012800;ARR M10 DIN 125 BIC;;KANBAN;20;;;20;1,15;KANBAN;MX;000000;;;
01870501001;006582;30702002801;BARRA ROSCADA 6MM;;FALTA;2;;;2;24,125;FALTA;GW;14125/14126/014120;0;;
01870501001;006582;31601193601NE;BOTAO EMERGENCIA CARENAGEM 2NF;;SEPARADO;1;;;1;8548,9321;SEPARADO;SDMO  INDUSTRIES;000000;;;
01870501001;006582;31805000303;ABRACADEIRA CRON D17-27 AC;;FALTA;4;;;4;4,15;FALTA;REI DAS MANGUEIRAS;014113;0;;
01870501001;006582;31805005801;ABRACADEIRA ESCAP. MS 73-81;;SEPARADO;1;;;1;28;SEPARADO;SCAPSUL;014119;0,065;;
01870501001;006582;31807001215;JUNTA DE VEDACAO D14XD18X1,5;;FÁBRICA;1;;;1;5;FÁBRICA;CENTRAL;014105;0;;
01870501001;006582;31807001223;JUNTA DE VEDACAO D18XD24X1,5;;FÁBRICA;1;;;1;6;FÁBRICA;CENTRAL;014105;0;;
01870501001;006582;31810002505;MANGUEIRA FLEXIVEL 12X19;;KANBAN;0,6;;;0,6;102,78;KANBAN;MX;000000;;;
01870501001;006582;31810006103;MANGUEIRA FLEXIVEL 16X26;;KANBAN;0,6;;;0,6;138,6;KANBAN;MX;000000;;;
01870501001;006582;60101001401;MOTOR PERKINS 1103A-33TG1;;SEPARADO;1;;;1;25322,58;SEPARADO;SOMOV S.A;014085;0;;
01870501001;006582;60201018801;GS WEG AW10 BR180S1-H MU F3;;SEPARADO;1;;;1;10554,29;SEPARADO;WEG EQUIPAMENTOS ELETRICOS S/A;014084;0;;
01870501001;006582;60305003201;RESIST. PREAQUEC. 1000W 220V;;SEPARADO;1;;;1;900;SEPARADO;SERVINTEL;014089;0;;
01870501001;006582;60501001601;TAMPA BOC ABAST TANCLIK  A101C;;SEPARADO;1;;;1;48;SEPARADO;ITULUB;014109;0;;
01870501001;006582;60501004708;FLANGE TQ POLI RETORNO;;SEPARADO;1;;;1;72,375;SEPARADO;GW;14125/14126/014120;0;;
01870501001;006582;60501004908;TRAVA FIX 450L;;SEPARADO;2;;;2;33,775;SEPARADO;GW;14125/14126/014120;0;;
01870501001;006582;60501005501;TQ COMB 180L POLIETILENO;;SEPARADO;1;;;1;1563,79;SEPARADO;ACCURATE MACHINE USINAGEM DE PRECISAO LTDA ME                                   ;014087;0;;
01870501001;006582;60501008608;CONTRA FLANGE TQ POLIETILENO;;SEPARADO;2;;;2;33,775;SEPARADO;GW;14125/14126/014120;0;;
01870501001;006582;60501010308;FLANGE TQ 200L POLI ABAST KVA;;SEPARADO;1;;;1;33,775;SEPARADO;GW;14125/14126/014120;0;;
01870501001;006582;60501010708;BOCAL ENCHIMENTO TQ TANCLICK;;FALTA;1;;;1;145;FALTA;AÇO FORT;000000;0;;
01870501001;006582;60702003501;BATERIA 12V 70AH 510CCA KONDOR;;SEPARADO;1;;;1;450;SEPARADO;JMS;014110;0;;
01870501001;006582;60702005608;SPT BAT 70AH SMART I;;SEPARADO;1;;;1;96,5;SEPARADO;GW;14125/14126/014120;0;;
01870501001;006582;60702006008;SPT FIX BAT 100AH SMART;;SEPARADO;1;;;1;91,675;SEPARADO;GW;14125/14126/014120;0;;
01870501001;006582;61401016249NE;CARENAGEM SMART I ;;SEPARADO;1;;;1;3377,5;SEPARADO;GW;14125/14126/014120;0;;
01870501001;006582;60901012816;SILENCIOSO 29DBA CRN KSE105;;SEPARADO;1;;;1;1363,04;SEPARADO;SCAPSUL;014119;0,065;;
01870501001;006582;60901024616;CURVA FLEX PK1103T KSE105 VS;;SEPARADO;1;;;1;772,34;SEPARADO;SCAPSUL;014119;0,065;;
01870501001;006582;61101000501;SENSOR PR OLEO 3RHO 7704;;SEPARADO;1;;;1;209,6;SEPARADO;MX;014112;0;;
01870501001;006582;61101001301;SENS NV COMB ULTRAS K40LSR;;SEPARADO;1;;;1;441;SEPARADO;KVA;014111;0;;
01870501001;006582;61103000100;"BOIA MEC FV34-75-PP130 3/4""BSP";;SEPARADO;1;;;1;900;SEPARADO;SANTAE;014114;0,0325;;
01870501001;006582;61301014708;BASE SMART I PK;;SEPARADO;1;;;1;965;SEPARADO;GW;14125/14126/014120;0;;
01870501001;006582;61303000101;AMT VIBRA-STOP XT2000 M12;;SEPARADO;4;;;4;103,7;SEPARADO;VIBRA-STOP;014117;0;;
01870501001;006582;61307015508;SPT MOT PK/FPT SMART I E II;;SEPARADO;1;;;1;241,25;SEPARADO;GW;14125/14126/014120;0;;
01870501001;006582;61307015608;SPT ALT WEG SMART I E II;;SEPARADO;1;;;1;241,25;SEPARADO;GW;14125/14126/014120;0;;
01870501001;006582;61402046608;FECH RAD SMART I PK1103A;;SEPARADO;1;;;1;731,47;SEPARADO;GW;14125/14126/014120;0;;
01870501001;006582;61405001101;BATENTE DE BORRACHA CONICO;;SEPARADO;3;;;3;6,4;SEPARADO;ML;000000;0;;
01870501001;006582;61601008708;SPT ESQ QCF/QTA SMART I E II;;SEPARADO;1;;;1;33,775;SEPARADO;GW;14125/14126/014120;0;;
01870501001;006582;61601008808;SPT DIR QCF/QTA SMART I E II;;SEPARADO;1;;;1;33,775;SEPARADO;GW;14125/14126/014120;0;;
01870501005;006582;61635033549;TAMPA DJ MAN ABB QCF/QTA A0/A2;;SEPARADO;1;;;1;24,125;SEPARADO;GW;14125/14126/014120;0;;
01870501005;006582;61640008851;SPT DJ ABB A0/A2 QCF/QTA;;SEPARADO;1;;;1;33,775;SEPARADO;GW;14125/14126/014120;0;;
01870501005;006582;61647041101;DCM 3P FX 80A A0C TMF;;SEPARADO;1;;;1;152,8;SEPARADO;ABB;014123;0,065;;
01870501001;006582;61648042801;DJ 3P 10A SJ203 T-C10;;RETIRADO;1;;;1;48,61;RETIRADO;#N/D;000000;;;
01870501005;006582;61652004801;RL AUX 40A 12VCC DNI0102;;SEPARADO;2;;;2;5,86;SEPARADO;SNAP;014090;0;;
01870501005;006582;61653004801;TC SASSI 250-5A ST-42;;SEPARADO;3;;;3;91;SEPARADO;SASSI;014115;0,065;;
01870501005;006582;61656004001;CONT NF BOTAO ABB LINHA MCB;;SEPARADO;2;;;2;9,33;SEPARADO;ABB;014123;0,0975;;
01870501005;006582;61659003501;PROT PLC A0 QTA SMART ELETRONET;;SEPARADO;1;;;1;78,83870968;SEPARADO;EMPORIO DO ACRILICO;014124;0;;
01870501001;006582;61801002001;PF DIN912 M10X40 12.9 PT;;SEPARADO;12;;;12;5,58;SEPARADO;MULT TEMPERA COAT TECNOLOGIA EM TRATAMENTO TERMICO E REVESTIMENTOS SUPERFICIAIS;000000;;;
01870501001;006582;61801002101;"PF DIN912 3/8""UNFX1"" 12.9 PT";;SEPARADO;8;;;8;5,11;SEPARADO;MULT TEMPERA COAT TECNOLOGIA EM TRATAMENTO TERMICO E REVESTIMENTOS SUPERFICIAIS;000000;;;
01870501001;006582;61801002201;ARR M10 DIN 127 BIC;;KANBAN;20;;;20;0,85;KANBAN;CENTRAL;000000;0;;
01870501001;006582;61802000111;"BICO RM 1/2""NPT MANG 1/2"" BIC";;SEPARADO;2;;;2;26,88;SEPARADO;BULKS;014088;0;;
01870501001;006582;61802000311;BICO RM 1/2 POL.NPT FM16 MANG;;FALTA;1;;;1;26,88;FALTA;BULKS;014088;0;;
01870501001;006582;61802000422;COTOVELO MF 90 1 2NPT GALV;;FALTA;1;;;1;8,34;FALTA;CENTRAL;014105;0;;
01870501001;006582;61802000711;BICO RM 1/2 NPT MANG 3/8 BIC;;SEPARADO;1;;;1;26,88;SEPARADO;BULKS;014088;0;;
01870501001;006582;61802001711;BICO RM 1/2NPT MANG 5/8 BIC;;FALTA;2;;;2;26,88;FALTA;BULKS;014088;0;;
01870501001;006582;61802002711;ADP M/M 1/2”NPT X 3/4UNF BIC;;SEPARADO;1;;;1;26,88;SEPARADO;BULKS;014088;0;;
01870501001;006582;61802002811;"BICO RM 1/4""NPT MANG 5/8"" BIC";;SEPARADO;1;;;1;26,88;SEPARADO;BULKS;014088;0;;
01870501001;006582;61802002911;ADP M/F M18X1.5 X M14X1.5 BIC;;FALTA;1;;;1;26,88;FALTA;BULKS;014088;0;;
01870501001;006582;61802008111;ADP M RESP M22;;SEPARADO;1;;;1;26,88;SEPARADO;BULKS;014088;0;;
01870501001;006582;61802014001;BICO RM 1/2 NPT MANG 5/16 BIC;;SEPARADO;1;;;1;26,88;SEPARADO;BULKS;014088;0;;
01870501001;006582;61805000222;ABRACADEIRA CRON D14-22 AC;;FALTA;2;;;2;4,15;FALTA;REI DAS MANGUEIRAS;014113;0;;
01870501001;006582;61807000301;ARR VED 10X16X1.5 AL;;SEPARADO;2;;;2;0;SEPARADO;0;000000;;;
01870501001;006582;61809000101;"VALV ESFERA F/F 1/2"" NPT";;SEPARADO;1;;;1;88,15;SEPARADO;MX;014112;0;;
01870501001;006582;61809000301;"VALV ESF BORBOLETA F/F 1/2""NPT";;SEPARADO;1;;;1;62,82;SEPARADO;MX;014112;0;;
01870501005;006582;106001500;DJ 1P 10A CURVA C 10KA S201;;SEPARADO;1;;;1;27,95;SEPARADO;ABB;014123;0,065;;
01870501005;006582;106207600;POSTE FINAL USK-2G2;;SEPARADO;3;;;3;1,02;SEPARADO;PROAUTO;014121;0,0975;;
01870501005;006582;104193600;SUPORTE IDENTIF P/ POSTE KLM-A;;SEPARADO;2;;;2;0;SEPARADO;0;000000;;;
01870501005;006582;107078500;CB COBRE NU 16MM2;;SEPARADO;0,5;;;0,5;10,2811;SEPARADO;COBREFLEX INDUSTRIA, DISTRIBUICAO E COMERCIO DE FIOS E CABOS EIRELI;000000;;;
01870501005;006582;204583100;PORTA DOCUMENTOS TASCO 71160;;SEPARADO;1;;;1;40,83;SEPARADO;TASCO;014108;0,0975;;
01870501005;006582;61640008749;TAMPA QTA USCA 5C CTZ;;SEPARADO;1;;;1;27,02;SEPARADO;GW;14125/14126/014120;0;;
01870501005;006582;106004400;DJ 3P 16A CURVA C 10KA S203;;SEPARADO;2;;;2;48,61;SEPARADO;ABB ELETRIFICACAO LTDA;000000;;;
01870501005;006582;61648042901;DJ 2P 10A SJ202 T-C10;;SEPARADO;1;;;1;35;SEPARADO;ABB ELETRIFICACAO LTDA;000000;;;
01870501005;006582;61652004801;RL AUX 40A 12VCC DNI0102;;SEPARADO;4;;;4;5,86;SEPARADO;SNAP;014090;0;;
01870501005;006582;61654001901;MOD IL4-AMF8;;SEPARADO;1;;;1;842,74;SEPARADO;SERVINTEL;014089;0;;
01870501005;006582;61655002601;CARREG BAT 12/24VCC KVA PRO;;SEPARADO;1;;;1;466,33;SEPARADO;KVA;014111;0;;
01870501005;006582;61656003801;SUPORTE MODULAR BOTAO ABB;;SEPARADO;1;;;1;5,55;SEPARADO;ABB;014123;0,0975;;
01870501005;006582;61656004001;CONT NF BOTAO ABB LINHA MCB;;SEPARADO;1;;;1;9,33;SEPARADO;ABB;014123;0,0975;;
01870501005;006582;61656004701;CABECOTE BOTAO EMERGENCIA ABB;;SEPARADO;1;;;1;40,97;SEPARADO;ABB;014123;0,0975;;
01870501005;006582;61656004801;ADESIVO PARADA DE EMERGENCIA;;FÁBRICA;1;;;1;25,7;FÁBRICA;APS COMPONENTES ELETRICOS S/A;000000;;;
01870501005;006582;61659003301;TERMO RETRATIL AZUL LARG 9MM;;SEPARADO;24,3;;;24,3;2,4971;SEPARADO;ESTOQUE;000000;0;;
01870501005;006582;61660001201;TER ISOL ANEL 16MM² M8;;SEPARADO;1;;;1;16,1;SEPARADO;ROMAR ACESSORIOS INDUSTRIAIS LTDA;000000;;;
01870501005;006582;61660001301;TER ISOL ANEL 16MM² M10;;SEPARADO;1;;;1;16,39;SEPARADO;ROMAR ACESSORIOS INDUSTRIAIS LTDA;000000;;;
01870501005;006582;61660005901;BORNE DUPLO PUSH IN 4MM DDP4;;SEPARADO;7;;;7;1,9;SEPARADO;PROAUTO;014121;0,0975;;
01870501005;006582;61660006101;BORNE PUSH IN DP2.5PG-XXP;;RETIRADO;1;;;1;7,42;RETIRADO;PROAUTO;014121;0,0975;;
01870501005;006582;61660006201;JUMPER BORNE DUP 4MM DSD01402N;;SEPARADO;1;;;1;2,01;SEPARADO;PROAUTO;014121;0,0975;;
01870501005;006582;61660006501;TAMPA P/ BORNE DUP 4MM DPP4C;;SEPARADO;2;;;2;1,38;SEPARADO;PROAUTO;014121;0,0975;;
01870501005;006582;61660006601;TAMPA P/ BORNE 4MM DPES2.5C;;FÁBRICA;1;;;1;2,06;FÁBRICA;PROAUTO;014121;0,0975;;
01870501008;006582;107045500;"BARRA COBRE 1"" X 5/16""";;SEPARADO;0,2;;;0,2;170,9516;SEPARADO;ESTOQUE;000000;0;;
01870501009;006582;105049200;INTTRV MEC CTTR VM19;;SEPARADO;1;;;1;92,68;SEPARADO;ABB;014123;0,0975;;
01870501009;006582;105049500;CTTR 3P 160A AF116 30-11-13;;SEPARADO;2;;;2;756,87;SEPARADO;ABB;014123;0,0325;;
01870501009;006582;106088800;DJ 3P 80A S283 C80;;SEPARADO;1;;;1;0;SEPARADO;0;000000;;;
01870501009;006582;107069800;CB COBRE 10MM2 BR 200ºC 152A;;SEPARADO;1;;;1;53,25;SEPARADO;CONDUMIX COMERCIO DE MATERIAL ELETRICO LTDA;000000;;;
01870501009;006582;107010900;CB COBRE 50MM2 0,6/1KV 90 C PT;;SEPARADO;0,75;;;0,75;70,95;SEPARADO;REMO ELETRICA LTDA;000000;;;
01870501009;006582;107069800;CB COBRE 10MM2 BR 200ºC 152A;;SEPARADO;5;;;5;0;SEPARADO;CONDUMIX COMERCIO DE MATERIAL ELETRICO LTDA;000000;;;
01870501009;006582;61646009401;PROT SURTOS FRONT V 460V 45KA;;SEPARADO;4;;;4;38,9792;SEPARADO;CLAMPER;014107;0,0975;;
01870501010;006582;209001400;PERFIL BRCH U 12X6MM 1912;;SEPARADO;0,5;;;0,5;0;SEPARADO;0;000000;;;
01870501010;006582;61405001201;DOBRADICA TASCO 91591;;SEPARADO;3;;;3;0;SEPARADO;GW;14125/14126/014120;0;;
01870501010;006582;61405002801;FECHO LINGUETA YALE;;SEPARADO;2;;;2;0;SEPARADO;GW;14125/14126/014120;0;;
01870501010;006582;61635033349;TAMPA PASS CB QD QCF/QTA;;SEPARADO;1;;;1;24,125;SEPARADO;GW;14125/14126/014120;0;;
01870501010;006582;61635033949;SPT TRILHO QCF/QTA;;SEPARADO;2;;;2;24,125;SEPARADO;GW;14125/14126/014120;0;;
01870501010;006582;61640008649;GABINETE QTA 800X600X200 CTZ;;SEPARADO;1;;;1;627,25;SEPARADO;GW;14125/14126/014120;0;;
01870501011;006582;104016100;TER ISOL ANEL 6.70-10.00MM M8;;SEPARADO;4;;;4;0;SEPARADO;0;000000;;;
01870501011;006582;109013600;FITA ISOL 19MMX5M PT;;SEPARADO;1;;;1;0;SEPARADO;REI DAS MANGUEIRAS;000000;0;;
01870501011;006582;109013700;FITA ISOLANTE AUTOFUSAO - 19MMX5M PT;;SEPARADO;1;;;1;0;SEPARADO;REI DAS MANGUEIRAS;000000;0;;
01870501012;006582;101095500;MOD COMUNICACAO CM3-ETHERNET;;SEPARADO;1;;;1;995,11;SEPARADO;SERVINTEL;014089;0;;
01870601001;006584;101004800;SENSOR TEMP 12VCC;;SEPARADO;1;;;1;210,79;SEPARADO;POLIPECAS COMERCIAL E IMPORTADORA LTDA;000000;;;
01870601005;006584;104016100;TER ISOL ANEL 6.70-10.00MM M8;;SEPARADO;8;;;8;0;SEPARADO;0;000000;;;
01870601005;006584;107069800;CB COBRE 10MM2 BR 200ºC 152A;;SEPARADO;2,8;;;2,8;;SEPARADO;estoque;000000;;;
01870601005;006584;109092400;ISOLADOR CIL 16X30 MM M6;;SEPARADO;2;;;2;26,9;SEPARADO;MX;014112;0;;
01870601001;006584;204229500;CALCO D106 X 9,53;;SEPARADO;4;;;4;33,775;SEPARADO;GW;14125/14126/014120;0;;
01870601001;006584;204576400;ADP M/F M10X1,5 X M10X1,0;;FALTA;1;;;1;26,88;FALTA;BULKS;014088;0;;
01870601001;006584;209001400;PERFIL BRCH U 12X6MM 1912;;SEPARADO;0,3;;;0,3;0;SEPARADO;0;000000;;;
01870601001;006584;210012800;ARR M10 DIN 125 BIC;;KANBAN;20;;;20;1,15;KANBAN;MX;000000;;;
01870601001;006584;30702002801;BARRA ROSCADA 6MM;;FALTA;2;;;2;24,125;FALTA;GW;14125/14126/014120;0;;
01870601001;006584;31601193601NE;BOTAO EMERGENCIA CARENAGEM 2NF;;SEPARADO;1;;;1;8548,9321;SEPARADO;SDMO  INDUSTRIES;000000;;;
01870601001;006584;31805000303;ABRACADEIRA CRON D17-27 AC;;FALTA;4;;;4;4,15;FALTA;REI DAS MANGUEIRAS;014113;0;;
01870601001;006584;31805005801;ABRACADEIRA ESCAP. MS 73-81;;SEPARADO;1;;;1;28;SEPARADO;SCAPSUL;014119;0,065;;
01870601001;006584;31807001215;JUNTA DE VEDACAO D14XD18X1,5;;FÁBRICA;1;;;1;5;FÁBRICA;CENTRAL;014105;0;;
01870601001;006584;31807001223;JUNTA DE VEDACAO D18XD24X1,5;;FÁBRICA;1;;;1;6;FÁBRICA;CENTRAL;014105;0;;
01870601001;006584;31810002505;MANGUEIRA FLEXIVEL 12X19;;KANBAN;0,6;;;0,6;102,78;KANBAN;MX;000000;;;
01870601001;006584;31810006103;MANGUEIRA FLEXIVEL 16X26;;KANBAN;0,6;;;0,6;138,6;KANBAN;MX;000000;;;
01870601001;006584;60101001401;MOTOR PERKINS 1103A-33TG1;;SEPARADO;1;;;1;25322,58;SEPARADO;SOMOV S.A;014085;0;;
01870601001;006584;60201018801;GS WEG AW10 BR180S1-H MU F3;;SEPARADO;1;;;1;10554,29;SEPARADO;WEG EQUIPAMENTOS ELETRICOS S/A;014084;0;;
01870601001;006584;60305003201;RESIST. PREAQUEC. 1000W 220V;;SEPARADO;1;;;1;900;SEPARADO;SERVINTEL;014089;0;;
01870601001;006584;60501001601;TAMPA BOC ABAST TANCLIK  A101C;;SEPARADO;1;;;1;48;SEPARADO;ITULUB;014109;0;;
01870601001;006584;60501004708;FLANGE TQ POLI RETORNO;;SEPARADO;1;;;1;72,375;SEPARADO;GW;14125/14126/014120;0;;
01870601001;006584;60501004908;TRAVA FIX 450L;;SEPARADO;2;;;2;33,775;SEPARADO;GW;14125/14126/014120;0;;
01870601001;006584;60501005501;TQ COMB 180L POLIETILENO;;FALTA;1;;;1;1563,79;FALTA;ACCURATE MACHINE USINAGEM DE PRECISAO LTDA ME                                   ;014087;0;;
01870601001;006584;60501008608;CONTRA FLANGE TQ POLIETILENO;;SEPARADO;2;;;2;33,775;SEPARADO;GW;14125/14126/014120;0;;
01870601001;006584;60501010308;FLANGE TQ 200L POLI ABAST KVA;;SEPARADO;1;;;1;33,775;SEPARADO;GW;14125/14126/014120;0;;
01870601001;006584;60501010708;BOCAL ENCHIMENTO TQ TANCLICK;;FALTA;1;;;1;145;FALTA;AÇO FORT;000000;0;;
01870601001;006584;60702003501;BATERIA 12V 70AH 510CCA KONDOR;;FALTA;1;;;1;450;FALTA;JMS;014110;0;;
01870601001;006584;60702005608;SPT BAT 70AH SMART I;;SEPARADO;1;;;1;96,5;SEPARADO;GW;14125/14126/014120;0;;
01870601001;006584;60702006008;SPT FIX BAT 100AH SMART;;SEPARADO;1;;;1;91,675;SEPARADO;GW;14125/14126/014120;0;;
01870601001;006584;61401016249NE;CARENAGEM SMART I ;;SEPARADO;1;;;1;3377,5;SEPARADO;GW;14125/14126/014120;0;;
01870601001;006584;60901012816;SILENCIOSO 29DBA CRN KSE105;;SEPARADO;1;;;1;1363,04;SEPARADO;SCAPSUL;014119;0,065;;
01870601001;006584;60901024616;CURVA FLEX PK1103T KSE105 VS;;SEPARADO;1;;;1;772,34;SEPARADO;SCAPSUL;014119;0,065;;
01870601001;006584;61101000501;SENSOR PR OLEO 3RHO 7704;;SEPARADO;1;;;1;209,6;SEPARADO;MX;014112;0;;
01870601001;006584;61101001301;SENS NV COMB ULTRAS K40LSR;;SEPARADO;1;;;1;441;SEPARADO;KVA;014111;0;;
01870601001;006584;61103000100;"BOIA MEC FV34-75-PP130 3/4""BSP";;SEPARADO;1;;;1;900;SEPARADO;SANTAE;014114;0,0325;;
01870601001;006584;61301014708;BASE SMART I PK;;SEPARADO;1;;;1;965;SEPARADO;GW;14125/14126/014120;0;;
01870601001;006584;61303000101;AMT VIBRA-STOP XT2000 M12;;SEPARADO;4;;;4;103,7;SEPARADO;VIBRA-STOP;014117;0;;
01870601001;006584;61307015508;SPT MOT PK/FPT SMART I E II;;SEPARADO;1;;;1;241,25;SEPARADO;GW;14125/14126/014120;0;;
01870601001;006584;61307015608;SPT ALT WEG SMART I E II;;SEPARADO;1;;;1;241,25;SEPARADO;GW;14125/14126/014120;0;;
01870601001;006584;61402046608;FECH RAD SMART I PK1103A;;SEPARADO;1;;;1;731,47;SEPARADO;GW;14125/14126/014120;0;;
01870601001;006584;61405001101;BATENTE DE BORRACHA CONICO;;SEPARADO;3;;;3;6,4;SEPARADO;ML;000000;0;;
01870601001;006584;61601008708;SPT ESQ QCF/QTA SMART I E II;;SEPARADO;1;;;1;33,775;SEPARADO;GW;14125/14126/014120;0;;
01870601001;006584;61601008808;SPT DIR QCF/QTA SMART I E II;;SEPARADO;1;;;1;33,775;SEPARADO;GW;14125/14126/014120;0;;
01870601005;006584;61635033549;TAMPA DJ MAN ABB QCF/QTA A0/A2;;SEPARADO;1;;;1;24,125;SEPARADO;GW;14125/14126/014120;0;;
01870601005;006584;61640008851;SPT DJ ABB A0/A2 QCF/QTA;;SEPARADO;1;;;1;33,775;SEPARADO;GW;14125/14126/014120;0;;
01870601005;006584;61647041501;DCM 3P FX 160A A2A TMF;;SEPARADO;1;;;1;313,24;SEPARADO;ABB;014123;0,065;;
01870601001;006584;61648042801;DJ 3P 10A SJ203 T-C10;;RETIRADO;1;;;1;48,61;RETIRADO;#N/D;000000;;;
01870601005;006584;61652004801;RL AUX 40A 12VCC DNI0102;;SEPARADO;2;;;2;5,86;SEPARADO;SNAP;014090;0;;
01870601005;006584;61653004801;TC SASSI 250-5A ST-42;;SEPARADO;3;;;3;91;SEPARADO;SASSI;014115;0,065;;
01870601005;006584;61656004001;CONT NF BOTAO ABB LINHA MCB;;FALTA;2;;;2;9,33;FALTA;ABB;014123;0,0975;;
01870601005;006584;61659003401;PROT PLC A2 QTA SMART ELETRONET;;SEPARADO;1;;;1;78,83870968;SEPARADO;EMPORIO DO ACRILICO;014124;0;;
01870601001;006584;61801002001;PF DIN912 M10X40 12.9 PT;;SEPARADO;12;;;12;5,58;SEPARADO;MULT TEMPERA COAT TECNOLOGIA EM TRATAMENTO TERMICO E REVESTIMENTOS SUPERFICIAIS;000000;;;
01870601001;006584;61801002101;"PF DIN912 3/8""UNFX1"" 12.9 PT";;SEPARADO;8;;;8;5,11;SEPARADO;MULT TEMPERA COAT TECNOLOGIA EM TRATAMENTO TERMICO E REVESTIMENTOS SUPERFICIAIS;000000;;;
01870601001;006584;61801002201;ARR M10 DIN 127 BIC;;KANBAN;20;;;20;0,85;KANBAN;CENTRAL;000000;0;;
01870601001;006584;61802000111;"BICO RM 1/2""NPT MANG 1/2"" BIC";;SEPARADO;2;;;2;26,88;SEPARADO;BULKS;014088;0;;
01870601001;006584;61802000311;BICO RM 1/2 POL.NPT FM16 MANG;;FALTA;1;;;1;26,88;FALTA;BULKS;014088;0;;
01870601001;006584;61802000422;COTOVELO MF 90 1 2NPT GALV;;FALTA;1;;;1;8,34;FALTA;CENTRAL;014105;0;;
01870601001;006584;61802000711;BICO RM 1/2 NPT MANG 3/8 BIC;;SEPARADO;1;;;1;26,88;SEPARADO;BULKS;014088;0;;
01870601001;006584;61802001711;BICO RM 1/2NPT MANG 5/8 BIC;;FALTA;2;;;2;26,88;FALTA;BULKS;014088;0;;
01870601001;006584;61802002711;ADP M/M 1/2”NPT X 3/4UNF BIC;;SEPARADO;1;;;1;26,88;SEPARADO;BULKS;014088;0;;
01870601001;006584;61802002811;"BICO RM 1/4""NPT MANG 5/8"" BIC";;SEPARADO;1;;;1;26,88;SEPARADO;BULKS;014088;0;;
01870601001;006584;61802002911;ADP M/F M18X1.5 X M14X1.5 BIC;;FALTA;1;;;1;26,88;FALTA;BULKS;014088;0;;
01870601001;006584;61802008111;ADP M RESP M22;;FALTA;1;;;1;26,88;FALTA;BULKS;014088;0;;
01870601001;006584;61802014001;BICO RM 1/2 NPT MANG 5/16 BIC;;SEPARADO;1;;;1;26,88;SEPARADO;BULKS;014088;0;;
01870601001;006584;61805000222;ABRACADEIRA CRON D14-22 AC;;FALTA;2;;;2;4,15;FALTA;REI DAS MANGUEIRAS;014113;0;;
01870601001;006584;61807000301;ARR VED 10X16X1.5 AL;;SEPARADO;2;;;2;0;SEPARADO;0;000000;;;
01870601001;006584;61809000101;"VALV ESFERA F/F 1/2"" NPT";;SEPARADO;1;;;1;88,15;SEPARADO;MX;014112;0;;
01870601001;006584;61809000301;"VALV ESF BORBOLETA F/F 1/2""NPT";;SEPARADO;1;;;1;62,82;SEPARADO;MX;014112;0;;
01870601005;006584;106001500;DJ 1P 10A CURVA C 10KA S201;;SEPARADO;1;;;1;27,95;SEPARADO;ABB;014123;0,065;;
01870601005;006584;106207600;POSTE FINAL USK-2G2;;SEPARADO;3;;;3;1,02;SEPARADO;PROAUTO;000000;0;;
01870601005;006584;104193600;SUPORTE IDENTIF P/ POSTE KLM-A;;SEPARADO;2;;;2;0;SEPARADO;0;000000;;;
01870601005;006584;107078500;CB COBRE NU 16MM2;;SEPARADO;0,5;;;0,5;10,2811;SEPARADO;COBREFLEX INDUSTRIA, DISTRIBUICAO E COMERCIO DE FIOS E CABOS EIRELI;000000;;;
01870601005;006584;204583100;PORTA DOCUMENTOS TASCO 71160;;SEPARADO;1;;;1;40,83;SEPARADO;TASCO;014108;0,0975;;
01870601005;006584;61640008749;TAMPA QTA USCA 5C CTZ;;SEPARADO;1;;;1;27,02;SEPARADO;GW;14125/14126/014120;0;;
01870601005;006584;106004400;DJ 3P 16A CURVA C 10KA S203;;SEPARADO;2;;;2;48,61;SEPARADO;ABB ELETRIFICACAO LTDA;000000;;;
01870601005;006584;61648042901;DJ 2P 10A SJ202 T-C10;;SEPARADO;1;;;1;35;SEPARADO;ABB ELETRIFICACAO LTDA;000000;;;
01870601005;006584;61652004801;RL AUX 40A 12VCC DNI0102;;SEPARADO;4;;;4;5,86;SEPARADO;SNAP;014090;0;;
01870601005;006584;61654001901;MOD IL4-AMF8;;SEPARADO;1;;;1;842,74;SEPARADO;SERVINTEL;014089;0;;
01870601005;006584;61655002601;CARREG BAT 12/24VCC KVA PRO;;SEPARADO;1;;;1;466,33;SEPARADO;KVA;014111;0;;
01870601005;006584;61656003801;SUPORTE MODULAR BOTAO ABB;;FALTA;1;;;1;5,55;FALTA;ABB;014123;0,0975;;
01870601005;006584;61656004001;CONT NF BOTAO ABB LINHA MCB;;FALTA;1;;;1;9,33;FALTA;ABB;014123;0,0975;;
01870601005;006584;61656004701;CABECOTE BOTAO EMERGENCIA ABB;;FALTA;1;;;1;40,97;FALTA;ABB;014123;0,0975;;
01870601005;006584;61656004801;ADESIVO PARADA DE EMERGENCIA;;FÁBRICA;1;;;1;25,7;FÁBRICA;APS COMPONENTES ELETRICOS S/A;000000;;;
01870601005;006584;61659003301;TERMO RETRATIL AZUL LARG 9MM;;SEPARADO;24,3;;;24,3;2,4971;SEPARADO;ESTOQUE;000000;0;;
01870601005;006584;61660001201;TER ISOL ANEL 16MM² M8;;SEPARADO;1;;;1;16,1;SEPARADO;ROMAR ACESSORIOS INDUSTRIAIS LTDA;000000;;;
01870601005;006584;61660001301;TER ISOL ANEL 16MM² M10;;SEPARADO;1;;;1;16,39;SEPARADO;ROMAR ACESSORIOS INDUSTRIAIS LTDA;000000;;;
01870601005;006584;61660005901;BORNE DUPLO PUSH IN 4MM DDP4;;SEPARADO;7;;;7;1,9;SEPARADO;PROAUTO;014121;0,0975;;
01870601005;006584;61660006101;BORNE PUSH IN DP2.5PG-XXP;;RETIRADO;1;;;1;7,42;RETIRADO;PROAUTO;014121;0,0975;;
01870601005;006584;61660006201;JUMPER BORNE DUP 4MM DSD01402N;;SEPARADO;1;;;1;2,01;SEPARADO;PROAUTO;014121;0,0975;;
01870601005;006584;61660006501;TAMPA P/ BORNE DUP 4MM DPP4C;;SEPARADO;2;;;2;1,38;SEPARADO;PROAUTO;014121;0,0975;;
01870601005;006584;61660006601;TAMPA P/ BORNE 4MM DPES2.5C;;FALTA;1;;;1;2,06;FALTA;PROAUTO;014121;0,0975;;
01870601008;006584;107045500;"BARRA COBRE 1"" X 5/16""";;SEPARADO;0,2;;;0,2;170,9516;SEPARADO;ESTOQUE;000000;0;;
01870601009;006584;105049200;INTTRV MEC CTTR VM19;;FALTA;1;;;1;92,68;FALTA;ABB;014123;0,0975;;
01870601009;006584;105049500;CTTR 3P 160A AF116 30-11-13;;FALTA;2;;;2;756,87;FALTA;ABB;014123;0,0325;;
01870601009;006584;106088800;DJ 3P 80A S283 C80;;SEPARADO;1;;;1;0;SEPARADO;0;000000;;;
01870601009;006584;107069800;CB COBRE 10MM2 BR 200ºC 152A;;SEPARADO;1;;;1;53,25;SEPARADO;CONDUMIX COMERCIO DE MATERIAL ELETRICO LTDA;000000;;;
01870601009;006584;107010900;CB COBRE 50MM2 0,6/1KV 90 C PT;;SEPARADO;0,75;;;0,75;70,95;SEPARADO;REMO ELETRICA LTDA;000000;;;
01870601009;006584;107069800;CB COBRE 10MM2 BR 200ºC 152A;;SEPARADO;5;;;5;0;SEPARADO;CONDUMIX COMERCIO DE MATERIAL ELETRICO LTDA;000000;;;
01870601009;006584;61646009301;PROT SURTOS FRONT V 275V 45KA;;SEPARADO;4;;;4;28,6884;SEPARADO;CLAMPER;014107;0,0975;;
01870601010;006584;209001400;PERFIL BRCH U 12X6MM 1912;;SEPARADO;0,5;;;0,5;0;SEPARADO;0;000000;;;
01870601010;006584;61405001201;DOBRADICA TASCO 91591;;SEPARADO;3;;;3;0;SEPARADO;GW;14125/14126/014120;0;;
01870601010;006584;61405002801;FECHO LINGUETA YALE;;SEPARADO;2;;;2;0;SEPARADO;GW;14125/14126/014120;0;;
01870601010;006584;61635033349;TAMPA PASS CB QD QCF/QTA;;SEPARADO;1;;;1;24,125;SEPARADO;GW;14125/14126/014120;0;;
01870601010;006584;61635033949;SPT TRILHO QCF/QTA;;SEPARADO;2;;;2;24,125;SEPARADO;GW;14125/14126/014120;0;;
01870601010;006584;61640008649;GABINETE QTA 800X600X200 CTZ;;SEPARADO;1;;;1;627,25;SEPARADO;GW;14125/14126/014120;0;;
01870601011;006584;104016100;TER ISOL ANEL 6.70-10.00MM M8;;SEPARADO;4;;;4;0;SEPARADO;0;000000;;;
01870601011;006584;109013600;FITA ISOL 19MMX5M PT;;FALTA;1;;;1;10;FALTA;REI DAS MANGUEIRAS;000000;0;;
01870601011;006584;109013700;FITA ISOLANTE AUTOFUSAO - 19MMX5M PT;;FALTA;1;;;1;9,85;FALTA;REI DAS MANGUEIRAS;000000;0;;
01870601012;006584;101095500;MOD COMUNICACAO CM3-ETHERNET;;SEPARADO;1;;;1;995,11;SEPARADO;SERVINTEL;014089;0;;
01870701001;006586;101004800;SENSOR TEMP 12VCC;;SEPARADO;1;;;1;210,79;SEPARADO;POLIPECAS COMERCIAL E IMPORTADORA LTDA;000000;;;
01870701001;006586;104016100;TER ISOL ANEL 6.70-10.00MM M8;;SEPARADO;8;;;8;0;SEPARADO;0;000000;;;
01870701001;006586;107069800;CB COBRE 10MM2 BR 200ºC 152A;;SEPARADO;2,8;;;2,8;53,25;SEPARADO;CONDUMIX COMERCIO DE MATERIAL ELETRICO LTDA;000000;;;
01870701001;006586;109092400;ISOLADOR CIL 16X30 MM M6;;SEPARADO;2;;;2;26,9;SEPARADO;MX;014112;0;;
01870701001;006586;204229500;CALCO D106 X 9,53;;SEPARADO;4;;;4;33,775;SEPARADO;GW;14125/14126/014120;0;;
01870701001;006586;204576400;ADP M/F M10X1,5 X M10X1,0;;FALTA;1;;;1;26,88;FALTA;BULKS;014088;0;;
01870701001;006586;209001400;PERFIL BRCH U 12X6MM 1912;;SEPARADO;0,3;;;0,3;0;SEPARADO;0;000000;;;
01870701001;006586;210012800;ARR M10 DIN 125 BIC;;KANBAN;20;;;20;1,15;KANBAN;MX;000000;;;
01870701001;006586;30702002801;BARRA ROSCADA 6MM;;FALTA;2;;;2;24,125;FALTA;GW;14125/14126/014120;0;;
01870701001;006586;31601193601NE;BOTAO EMERGENCIA CARENAGEM 2NF;;SEPARADO;1;;;1;8548,9321;SEPARADO;SDMO  INDUSTRIES;000000;;;
01870701001;006586;31805000303;ABRACADEIRA CRON D17-27 AC;;FALTA;4;;;4;4,15;FALTA;REI DAS MANGUEIRAS;014113;0;;
01870701001;006586;31805005801;ABRACADEIRA ESCAP. MS 73-81;;SEPARADO;1;;;1;28;SEPARADO;SCAPSUL;014119;0,065;;
01870701001;006586;31807001215;JUNTA DE VEDACAO D14XD18X1,5;;FÁBRICA;1;;;1;5;FÁBRICA;CENTRAL;014105;0;;
01870701001;006586;31807001223;JUNTA DE VEDACAO D18XD24X1,5;;FÁBRICA;1;;;1;6;FÁBRICA;CENTRAL;014105;0;;
01870701001;006586;31810002505;MANGUEIRA FLEXIVEL 12X19;;KANBAN;0,6;;;0,6;102,78;KANBAN;MX;000000;;;
01870701001;006586;31810006103;MANGUEIRA FLEXIVEL 16X26;;KANBAN;0,6;;;0,6;138,6;KANBAN;MX;000000;;;
01870701001;006586;60101001401;MOTOR PERKINS 1103A-33TG1;;SEPARADO;1;;;1;25322,58;SEPARADO;SOMOV S.A;014085;0;;
01870701001;006586;60201018801;GS WEG AW10 BR180S1-H MU F3;;SEPARADO;1;;;1;10554,29;SEPARADO;WEG EQUIPAMENTOS ELETRICOS S/A;014084;0;;
01870701001;006586;60305003201;RESIST. PREAQUEC. 1000W 220V;;FALTA;1;;;1;900;FALTA;SERVINTEL;014089;0;;
01870701001;006586;60501001601;TAMPA BOC ABAST TANCLIK  A101C;;SEPARADO;1;;;1;48;SEPARADO;ITULUB;014109;0;;
01870701001;006586;60501004708;FLANGE TQ POLI RETORNO;;SEPARADO;1;;;1;72,375;SEPARADO;GW;14125/14126/014120;0;;
01870701001;006586;60501004908;TRAVA FIX 450L;;SEPARADO;2;;;2;33,775;SEPARADO;GW;14125/14126/014120;0;;
01870701001;006586;60501005501;TQ COMB 180L POLIETILENO;;FALTA;1;;;1;1563,79;FALTA;ACCURATE MACHINE USINAGEM DE PRECISAO LTDA ME                                   ;014087;0;;
01870701001;006586;60501008608;CONTRA FLANGE TQ POLIETILENO;;SEPARADO;2;;;2;33,775;SEPARADO;GW;14125/14126/014120;0;;
01870701001;006586;60501010308;FLANGE TQ 200L POLI ABAST KVA;;SEPARADO;1;;;1;33,775;SEPARADO;GW;14125/14126/014120;0;;
01870701001;006586;60501010708;BOCAL ENCHIMENTO TQ TANCLICK;;FALTA;1;;;1;145;FALTA;AÇO FORT;000000;0;;
01870701001;006586;60702003501;BATERIA 12V 70AH 510CCA KONDOR;;FALTA;1;;;1;450;FALTA;JMS;014110;0;;
01870701001;006586;60702005608;SPT BAT 70AH SMART I;;SEPARADO;1;;;1;96,5;SEPARADO;GW;14125/14126/014120;0;;
01870701001;006586;60702006008;SPT FIX BAT 100AH SMART;;SEPARADO;1;;;1;91,675;SEPARADO;GW;14125/14126/014120;0;;
01870701001;006586;61401016249NE;CARENAGEM SMART I ;;SEPARADO;1;;;1;3377,5;SEPARADO;GW;14125/14126/014120;0;;
01870701001;006586;60901012816;SILENCIOSO 29DBA CRN KSE105;;SEPARADO;1;;;1;1363,04;SEPARADO;SCAPSUL;014119;0,065;;
01870701001;006586;60901024616;CURVA FLEX PK1103T KSE105 VS;;SEPARADO;1;;;1;772,34;SEPARADO;SCAPSUL;014119;0,065;;
01870701001;006586;61101000501;SENSOR PR OLEO 3RHO 7704;;SEPARADO;1;;;1;209,6;SEPARADO;MX;014112;0;;
01870701001;006586;61101001301;SENS NV COMB ULTRAS K40LSR;;SEPARADO;1;;;1;441;SEPARADO;KVA;014111;0;;
01870701001;006586;61103000100;"BOIA MEC FV34-75-PP130 3/4""BSP";;FALTA;1;;;1;900;FALTA;SANTAE;014114;0,0325;;
01870701001;006586;61301014708;BASE SMART I PK;;SEPARADO;1;;;1;965;SEPARADO;GW;14125/14126/014120;0;;
01870701001;006586;61303000101;AMT VIBRA-STOP XT2000 M12;;FALTA;4;;;4;103,7;FALTA;VIBRA-STOP;014117;0;;
01870701001;006586;61307015508;SPT MOT PK/FPT SMART I E II;;SEPARADO;1;;;1;241,25;SEPARADO;GW;14125/14126/014120;0;;
01870701001;006586;61307015608;SPT ALT WEG SMART I E II;;SEPARADO;1;;;1;241,25;SEPARADO;GW;14125/14126/014120;0;;
01870701001;006586;61402046608;FECH RAD SMART I PK1103A;;SEPARADO;1;;;1;731,47;SEPARADO;GW;14125/14126/014120;0;;
01870701001;006586;61405001101;BATENTE DE BORRACHA CONICO;;SEPARADO;3;;;3;6,4;SEPARADO;ML;000000;0;;
01870701001;006586;61601008708;SPT ESQ QCF/QTA SMART I E II;;SEPARADO;1;;;1;33,775;SEPARADO;GW;14125/14126/014120;0;;
01870701001;006586;61601008808;SPT DIR QCF/QTA SMART I E II;;SEPARADO;1;;;1;33,775;SEPARADO;GW;14125/14126/014120;0;;
01870701001;006586;61635033549;TAMPA DJ MAN ABB QCF/QTA A0/A2;;SEPARADO;1;;;1;24,125;SEPARADO;GW;14125/14126/014120;0;;
01870701001;006586;61640008851;SPT DJ ABB A0/A2 QCF/QTA;;SEPARADO;1;;;1;33,775;SEPARADO;GW;14125/14126/014120;0;;
01870701001;006586;61647041501;DCM 3P FX 160A A2A TMF;;SEPARADO;1;;;1;313,24;SEPARADO;ABB;014123;0,065;;
01870701006;006586;106004400;DJ 3P 16A CURVA C 10KA S203;;SEPARADO;1;;;1;48,61;SEPARADO;#N/D;000000;;;
01870701001;006586;61652004801;RL AUX 40A 12VCC DNI0102;;SEPARADO;2;;;2;5,86;SEPARADO;SNAP;014090;0;;
01870701001;006586;61653004801;TC SASSI 250-5A ST-42;;SEPARADO;3;;;3;91;SEPARADO;SASSI;014115;0,065;;
01870701001;006586;61656004001;CONT NF BOTAO ABB LINHA MCB;;FALTA;2;;;2;9,33;FALTA;ABB;014123;0,0975;;
01870701001;006586;61659003401;PROT PLC A2 QTA SMART ELETRONET;;SEPARADO;1;;;1;78,83870968;SEPARADO;EMPORIO DO ACRILICO;014124;0;;
01870701001;006586;61801002001;PF DIN912 M10X40 12.9 PT;;SEPARADO;12;;;12;5,58;SEPARADO;MULT TEMPERA COAT TECNOLOGIA EM TRATAMENTO TERMICO E REVESTIMENTOS SUPERFICIAIS;000000;;;
01870701001;006586;61801002101;"PF DIN912 3/8""UNFX1"" 12.9 PT";;SEPARADO;8;;;8;5,11;SEPARADO;MULT TEMPERA COAT TECNOLOGIA EM TRATAMENTO TERMICO E REVESTIMENTOS SUPERFICIAIS;000000;;;
01870701001;006586;61801002201;ARR M10 DIN 127 BIC;;KANBAN;20;;;20;0,85;KANBAN;CENTRAL;000000;0;;
01870701001;006586;61802000111;"BICO RM 1/2""NPT MANG 1/2"" BIC";;SEPARADO;2;;;2;26,88;SEPARADO;BULKS;014088;0;;
01870701001;006586;61802000311;BICO RM 1/2 POL.NPT FM16 MANG;;FALTA;1;;;1;26,88;FALTA;BULKS;014088;0;;
01870701001;006586;61802000422;COTOVELO MF 90 1 2NPT GALV;;FALTA;1;;;1;8,34;FALTA;CENTRAL;014105;0;;
01870701001;006586;61802000711;BICO RM 1/2 NPT MANG 3/8 BIC;;SEPARADO;1;;;1;26,88;SEPARADO;BULKS;014088;0;;
01870701001;006586;61802001711;BICO RM 1/2NPT MANG 5/8 BIC;;FALTA;2;;;2;26,88;FALTA;BULKS;014088;0;;
01870701001;006586;61802002711;ADP M/M 1/2”NPT X 3/4UNF BIC;;SEPARADO;1;;;1;26,88;SEPARADO;BULKS;014088;0;;
01870701001;006586;61802002811;"BICO RM 1/4""NPT MANG 5/8"" BIC";;SEPARADO;1;;;1;26,88;SEPARADO;BULKS;014088;0;;
01870701001;006586;61802002911;ADP M/F M18X1.5 X M14X1.5 BIC;;FALTA;1;;;1;26,88;FALTA;BULKS;014088;0;;
01870701001;006586;61802008111;ADP M RESP M22;;FALTA;1;;;1;26,88;FALTA;BULKS;014088;0;;
01870701001;006586;61802014001;BICO RM 1/2 NPT MANG 5/16 BIC;;SEPARADO;1;;;1;26,88;SEPARADO;BULKS;014088;0;;
01870701001;006586;61805000222;ABRACADEIRA CRON D14-22 AC;;FALTA;2;;;2;4,15;FALTA;REI DAS MANGUEIRAS;014113;0;;
01870701001;006586;61807000301;ARR VED 10X16X1.5 AL;;SEPARADO;2;;;2;1,1;SEPARADO;CENTRAL;000000;0;;
01870701001;006586;61809000101;"VALV ESFERA F/F 1/2"" NPT";;SEPARADO;1;;;1;88,15;SEPARADO;MX;014112;0;;
01870701001;006586;61809000301;"VALV ESF BORBOLETA F/F 1/2""NPT";;SEPARADO;1;;;1;62,82;SEPARADO;MX;014112;0;;
01870701006;006586;106001500;DJ 1P 10A CURVA C 10KA S201;;FALTA;1;;;1;27,95;FALTA;ABB;014123;0,065;;
01870701006;006586;106207600;POSTE FINAL USK-2G2;;SEPARADO;3;;;3;1,02;SEPARADO;PROAUTO;014121;0,0975;;
01870701006;006586;104193600;SUPORTE IDENTIF P/ POSTE KLM-A;;SEPARADO;2;;;2;0;SEPARADO;0;000000;;;
01870701006;006586;107078500;CB COBRE NU 16MM2;;SEPARADO;0,5;;;0,5;10,2811;SEPARADO;COBREFLEX INDUSTRIA, DISTRIBUICAO E COMERCIO DE FIOS E CABOS EIRELI;000000;;;
01870701006;006586;204583100;PORTA DOCUMENTOS TASCO 71160;;SEPARADO;1;;;1;40,83;SEPARADO;TASCO;014108;0,0975;;
01870701006;006586;61640008749;TAMPA QTA USCA 5C CTZ;;SEPARADO;1;;;1;27,02;SEPARADO;GW;14125/14126/014120;0;;
01870701006;006586;106004400;DJ 3P 16A CURVA C 10KA S203;;SEPARADO;2;;;2;48,61;SEPARADO;ABB ELETRIFICACAO LTDA;000000;;;
01870701006;006586;61648042901;DJ 2P 10A SJ202 T-C10;;SEPARADO;1;;;1;35;SEPARADO;ABB ELETRIFICACAO LTDA;000000;;;
01870701006;006586;61652004801;RL AUX 40A 12VCC DNI0102;;SEPARADO;4;;;4;5,86;SEPARADO;SNAP;014090;0;;
01870701006;006586;101033600;MOD IL4-AMF8;;FALTA;1;;;1;842,74;FALTA;SERVINTEL;014089;0;;
01870701006;006586;61655002601;CARREG BAT 12/24VCC KVA PRO;;SEPARADO;1;;;1;466,33;SEPARADO;KVA;014111;0;;
01870701006;006586;61656003801;SUPORTE MODULAR BOTAO ABB;;FALTA;1;;;1;5,55;FALTA;ABB;014123;0,0975;;
01870701006;006586;61656004001;CONT NF BOTAO ABB LINHA MCB;;FALTA;1;;;1;9,33;FALTA;ABB;014123;0,0975;;
01870701006;006586;61656004701;CABECOTE BOTAO EMERGENCIA ABB;;FALTA;1;;;1;40,97;FALTA;ABB;014123;0,0975;;
01870701006;006586;61656004801;ADESIVO PARADA DE EMERGENCIA;;FÁBRICA;1;;;1;25,7;FÁBRICA;APS COMPONENTES ELETRICOS S/A;000000;;;
01870701006;006586;61659003301;TERMO RETRATIL AZUL LARG 9MM;;SEPARADO;24,3;;;24,3;2,4971;SEPARADO;ESTOQUE;000000;0;;
01870701006;006586;61660001201;TER ISOL ANEL 16MM² M8;;SEPARADO;1;;;1;16,1;SEPARADO;ROMAR ACESSORIOS INDUSTRIAIS LTDA;000000;;;
01870701006;006586;61660001301;TER ISOL ANEL 16MM² M10;;SEPARADO;1;;;1;16,39;SEPARADO;ROMAR ACESSORIOS INDUSTRIAIS LTDA;000000;;;
01870701006;006586;61660005901;BORNE DUPLO PUSH IN 4MM DDP4;;SEPARADO;7;;;7;1,9;SEPARADO;PROAUTO;014121;0,0975;;
01870701006;006586;61660006101;BORNE PUSH IN DP2.5PG-XXP;;RETIRADO;1;;;1;7,42;RETIRADO;PROAUTO;014121;0,0975;;
01870701006;006586;61660006201;JUMPER BORNE DUP 4MM DSD01402N;;SEPARADO;1;;;1;2,01;SEPARADO;PROAUTO;014121;0,0975;;
01870701006;006586;61660006501;TAMPA P/ BORNE DUP 4MM DPP4C;;SEPARADO;2;;;2;1,38;SEPARADO;PROAUTO;014121;0,0975;;
01870701006;006586;61660006601;TAMPA P/ BORNE 4MM DPES2.5C;;FALTA;1;;;1;2,06;FALTA;PROAUTO;014121;0,0975;;
01870701009;006586;107045500;"BARRA COBRE 1"" X 5/16""";;SEPARADO;0,2;;;0,2;170,9516;SEPARADO;ESTOQUE;000000;0;;
01870701010;006586;105049200;INTTRV MEC CTTR VM19;;FALTA;1;;;1;92,68;FALTA;ABB;014123;0,0975;;
01870701010;006586;105049500;CTTR 3P 160A AF116 30-11-13;;FALTA;2;;;2;756,87;FALTA;ABB;014123;0,0325;;
01870701010;006586;106088800;DJ 3P 80A S283 C80;;SEPARADO;1;;;1;0;SEPARADO;0;000000;;;
01870701010;006586;107069800;CB COBRE 10MM2 BR 200ºC 152A;;SEPARADO;1;;;1;53,25;SEPARADO;CONDUMIX COMERCIO DE MATERIAL ELETRICO LTDA;000000;;;
01870701010;006586;107010900;CB COBRE 50MM2 0,6/1KV 90 C PT;;SEPARADO;0,75;;;0,75;70,95;SEPARADO;REMO ELETRICA LTDA;000000;;;
01870701010;006586;107069800;CB COBRE 10MM2 BR 200ºC 152A;;SEPARADO;5;;;5;0;SEPARADO;CONDUMIX COMERCIO DE MATERIAL ELETRICO LTDA;000000;;;
01870701010;006586;61646009301;PROT SURTOS FRONT V 275V 45KA;;SEPARADO;4;;;4;28,6884;SEPARADO;CLAMPER;014107;0,0975;;
01870701011;006586;209001400;PERFIL BRCH U 12X6MM 1912;;SEPARADO;0,5;;;0,5;0;SEPARADO;0;000000;;;
01870701011;006586;61405001201;DOBRADICA TASCO 91591;;FALTA;3;;;3;0;FALTA;GW;14125/14126/014120;0;;
01870701011;006586;61405002801;FECHO LINGUETA YALE;;FALTA;2;;;2;0;FALTA;GW;14125/14126/014120;0;;
01870701011;006586;61635033349;TAMPA PASS CB QD QCF/QTA;;SEPARADO;1;;;1;24,125;SEPARADO;GW;14125/14126/014120;0;;
01870701011;006586;61635033949;SPT TRILHO QCF/QTA;;SEPARADO;2;;;2;24,125;SEPARADO;GW;14125/14126/014120;0;;
01870701011;006586;61640008649;GABINETE QTA 800X600X200 CTZ;;SEPARADO;1;;;1;627,25;SEPARADO;GW;14125/14126/014120;0;;
01870701012;006586;104016100;TER ISOL ANEL 6.70-10.00MM M8;;SEPARADO;4;;;4;0;SEPARADO;0;000000;;;
01870701012;006586;109013600;FITA ISOL 19MMX5M PT;;FALTA;1;;;1;10;FALTA;REI DAS MANGUEIRAS;000000;0;;
01870701012;006586;109013700;FITA ISOLANTE AUTOFUSAO - 19MMX5M PT;;FALTA;1;;;1;9,85;FALTA;REI DAS MANGUEIRAS;000000;0;;
01870701013;006586;101095500;MOD COMUNICACAO CM3-ETHERNET;;SEPARADO;1;;;1;995,11;SEPARADO;SERVINTEL;014089;0;;
01870801001;006588;101004800;SENSOR TEMP 12VCC;;SEPARADO;1;;;1;210,79;SEPARADO;POLIPECAS COMERCIAL E IMPORTADORA LTDA;000000;;;
01870801001;006588;104016100;TER ISOL ANEL 6.70-10.00MM M8;;SEPARADO;8;;;8;0;SEPARADO;0;000000;;;
01870801001;006588;107069800;CB COBRE 10MM2 BR 200ºC 152A;;SEPARADO;2,8;;;2,8;53,25;SEPARADO;CONDUMIX COMERCIO DE MATERIAL ELETRICO LTDA;000000;;;
01870801006;006588;109092400;ISOLADOR CIL 16X30 MM M6;;SEPARADO;2;;;2;26,9;SEPARADO;MX;014112;0;;
01870801001;006588;204229500;CALCO D106 X 9,53;;SEPARADO;4;;;4;33,775;SEPARADO;GW;14125/14126/014120;0;;
01870801001;006588;204576400;ADP M/F M10X1,5 X M10X1,0;;FALTA;1;;;1;26,88;FALTA;BULKS;014088;0;;
01870801001;006588;209001400;PERFIL BRCH U 12X6MM 1912;;SEPARADO;0,3;;;0,3;0;SEPARADO;0;000000;;;
01870801001;006588;210012800;ARR M10 DIN 125 BIC;;KANBAN;20;;;20;1,15;KANBAN;MX;000000;;;
01870801001;006588;30702002801;BARRA ROSCADA 6MM;;FALTA;2;;;2;24,125;FALTA;GW;14125/14126/014120;0;;
01870801001;006588;31601193601NE;BOTAO EMERGENCIA CARENAGEM 2NF;;SEPARADO;1;;;1;8548,9321;SEPARADO;SDMO  INDUSTRIES;000000;;;
01870801001;006588;31805000303;ABRACADEIRA CRON D17-27 AC;;FALTA;4;;;4;4,15;FALTA;REI DAS MANGUEIRAS;014113;0;;
01870801001;006588;31805005801;ABRACADEIRA ESCAP. MS 73-81;;SEPARADO;1;;;1;28;SEPARADO;SCAPSUL;014119;0,065;;
01870801001;006588;31807001215;JUNTA DE VEDACAO D14XD18X1,5;;FÁBRICA;1;;;1;5;FÁBRICA;CENTRAL;014105;0;;
01870801001;006588;31807001223;JUNTA DE VEDACAO D18XD24X1,5;;FÁBRICA;1;;;1;6;FÁBRICA;CENTRAL;014105;0;;
01870801001;006588;31810002505;MANGUEIRA FLEXIVEL 12X19;;KANBAN;0,6;;;0,6;102,78;KANBAN;MX;000000;;;
01870801001;006588;31810006103;MANGUEIRA FLEXIVEL 16X26;;KANBAN;0,6;;;0,6;138,6;KANBAN;MX;000000;;;
01870801001;006588;60101001401;MOTOR PERKINS 1103A-33TG1;;SEPARADO;1;;;1;25322,58;SEPARADO;SOMOV S.A;014085;0;;
01870801001;006588;60201018801;GS WEG AW10 BR180S1-H MU F3;;SEPARADO;1;;;1;10554,29;SEPARADO;WEG EQUIPAMENTOS ELETRICOS S/A;014084;0;;
01870801001;006588;60305003201;RESIST. PREAQUEC. 1000W 220V;;FALTA;1;;;1;900;FALTA;SERVINTEL;014089;0;;
01870801001;006588;60501001601;TAMPA BOC ABAST TANCLIK  A101C;;SEPARADO;1;;;1;48;SEPARADO;ITULUB;014109;0;;
01870801001;006588;60501004708;FLANGE TQ POLI RETORNO;;SEPARADO;1;;;1;72,375;SEPARADO;GW;14125/14126/014120;0;;
01870801001;006588;60501004908;TRAVA FIX 450L;;SEPARADO;2;;;2;33,775;SEPARADO;GW;14125/14126/014120;0;;
01870801001;006588;60501005501;TQ COMB 180L POLIETILENO;;FALTA;1;;;1;1563,79;FALTA;ACCURATE MACHINE USINAGEM DE PRECISAO LTDA ME                                   ;014087;0;;
01870801001;006588;60501008608;CONTRA FLANGE TQ POLIETILENO;;SEPARADO;2;;;2;33,775;SEPARADO;GW;14125/14126/014120;0;;
01870801001;006588;60501010308;FLANGE TQ 200L POLI ABAST KVA;;SEPARADO;1;;;1;33,775;SEPARADO;GW;14125/14126/014120;0;;
01870801001;006588;60501010708;BOCAL ENCHIMENTO TQ TANCLICK;;FALTA;1;;;1;145;FALTA;AÇO FORT;000000;0;;
01870801001;006588;60702003501;BATERIA 12V 70AH 510CCA KONDOR;;FALTA;1;;;1;450;FALTA;JMS;014110;0;;
01870801001;006588;60702005608;SPT BAT 70AH SMART I;;SEPARADO;1;;;1;96,5;SEPARADO;GW;14125/14126/014120;0;;
01870801001;006588;60702006008;SPT FIX BAT 100AH SMART;;SEPARADO;1;;;1;91,675;SEPARADO;GW;14125/14126/014120;0;;
01870801001;006588;61401016249NE;CARENAGEM SMART I ;;SEPARADO;1;;;1;3377,5;SEPARADO;GW;14125/14126/014120;0;;
01870801001;006588;60901012816;SILENCIOSO 29DBA CRN KSE105;;SEPARADO;1;;;1;1363,04;SEPARADO;SCAPSUL;014119;0,065;;
01870801001;006588;60901024616;CURVA FLEX PK1103T KSE105 VS;;SEPARADO;1;;;1;772,34;SEPARADO;SCAPSUL;014119;0,065;;
01870801001;006588;61101000501;SENSOR PR OLEO 3RHO 7704;;SEPARADO;1;;;1;209,6;SEPARADO;MX;014112;0;;
01870801001;006588;61101001301;SENS NV COMB ULTRAS K40LSR;;SEPARADO;1;;;1;441;SEPARADO;KVA;014111;0;;
01870801001;006588;61103000100;"BOIA MEC FV34-75-PP130 3/4""BSP";;FALTA;1;;;1;900;FALTA;SANTAE;014114;0,0325;;
01870801001;006588;61301014708;BASE SMART I PK;;SEPARADO;1;;;1;965;SEPARADO;GW;14125/14126/014120;0;;
01870801001;006588;61303000101;AMT VIBRA-STOP XT2000 M12;;FALTA;4;;;4;103,7;FALTA;VIBRA-STOP;014117;0;;
01870801001;006588;61307015508;SPT MOT PK/FPT SMART I E II;;SEPARADO;1;;;1;241,25;SEPARADO;GW;14125/14126/014120;0;;
01870801001;006588;61307015608;SPT ALT WEG SMART I E II;;SEPARADO;1;;;1;241,25;SEPARADO;GW;14125/14126/014120;0;;
01870801001;006588;61402046608;FECH RAD SMART I PK1103A;;SEPARADO;1;;;1;731,47;SEPARADO;GW;14125/14126/014120;0;;
01870801001;006588;61405001101;BATENTE DE BORRACHA CONICO;;SEPARADO;3;;;3;6,4;SEPARADO;ML;000000;0;;
01870801001;006588;61601008708;SPT ESQ QCF/QTA SMART I E II;;SEPARADO;1;;;1;33,775;SEPARADO;GW;14125/14126/014120;0;;
01870801001;006588;61601008808;SPT DIR QCF/QTA SMART I E II;;SEPARADO;1;;;1;33,775;SEPARADO;GW;14125/14126/014120;0;;
01870801006;006588;61635033549;TAMPA DJ MAN ABB QCF/QTA A0/A2;;SEPARADO;1;;;1;24,125;SEPARADO;GW;14125/14126/014120;0;;
01870801006;006588;61640008851;SPT DJ ABB A0/A2 QCF/QTA;;SEPARADO;1;;;1;33,775;SEPARADO;GW;14125/14126/014120;0;;
01870801006;006588;61647041501;DCM 3P FX 160A A2A TMF;;SEPARADO;1;;;1;313,24;SEPARADO;ABB;014123;0,065;;
01870801006;006588;106004400;DJ 3P 10A SJ203 T-C10;;SEPARADO;1;;;1;48,61;SEPARADO;#N/D;000000;;;
01870801006;006588;61652004801;RL AUX 40A 12VCC DNI0102;;SEPARADO;2;;;2;5,86;SEPARADO;SNAP;014090;0;;
01870801006;006588;61653004801;TC SASSI 250-5A ST-42;;SEPARADO;3;;;3;91;SEPARADO;SASSI;014115;0,065;;
01870801006;006588;61656004001;CONT NF BOTAO ABB LINHA MCB;;FALTA;2;;;2;9,33;FALTA;ABB;014123;0,0975;;
01870801006;006588;61659003401;PROT PLC A2 QTA SMART ELETRONET;;SEPARADO;1;;;1;78,83870968;SEPARADO;EMPORIO DO ACRILICO;014124;0;;
01870801001;006588;61801002001;PF DIN912 M10X40 12.9 PT;;SEPARADO;12;;;12;5,58;SEPARADO;MULT TEMPERA COAT TECNOLOGIA EM TRATAMENTO TERMICO E REVESTIMENTOS SUPERFICIAIS;000000;;;
01870801001;006588;61801002101;"PF DIN912 3/8""UNFX1"" 12.9 PT";;SEPARADO;8;;;8;5,11;SEPARADO;MULT TEMPERA COAT TECNOLOGIA EM TRATAMENTO TERMICO E REVESTIMENTOS SUPERFICIAIS;000000;;;
01870801001;006588;61801002201;ARR M10 DIN 127 BIC;;KANBAN;20;;;20;0,85;KANBAN;CENTRAL;000000;0;;
01870801001;006588;61802000111;"BICO RM 1/2""NPT MANG 1/2"" BIC";;FALTA;2;;;2;26,88;FALTA;BULKS;014088;0;;
01870801001;006588;61802000311;BICO RM 1/2 POL.NPT FM16 MANG;;FALTA;1;;;1;26,88;FALTA;BULKS;014088;0;;
01870801001;006588;61802000422;COTOVELO MF 90 1 2NPT GALV;;FALTA;1;;;1;8,34;FALTA;CENTRAL;014105;0;;
01870801001;006588;61802000711;BICO RM 1/2 NPT MANG 3/8 BIC;;SEPARADO;1;;;1;26,88;SEPARADO;BULKS;014088;0;;
01870801001;006588;61802001711;BICO RM 1/2NPT MANG 5/8 BIC;;FALTA;2;;;2;26,88;FALTA;BULKS;014088;0;;
01870801001;006588;61802002711;ADP M/M 1/2”NPT X 3/4UNF BIC;;SEPARADO;1;;;1;26,88;SEPARADO;BULKS;014088;0;;
01870801001;006588;61802002811;"BICO RM 1/4""NPT MANG 5/8"" BIC";;SEPARADO;1;;;1;26,88;SEPARADO;BULKS;014088;0;;
01870801001;006588;61802002911;ADP M/F M18X1.5 X M14X1.5 BIC;;FALTA;1;;;1;26,88;FALTA;BULKS;014088;0;;
01870801001;006588;61802008111;ADP M RESP M22;;FALTA;1;;;1;26,88;FALTA;BULKS;014088;0;;
01870801001;006588;61802014001;BICO RM 1/2 NPT MANG 5/16 BIC;;SEPARADO;1;;;1;26,88;SEPARADO;BULKS;014088;0;;
01870801001;006588;61805000222;ABRACADEIRA CRON D14-22 AC;;FALTA;2;;;2;4,15;FALTA;REI DAS MANGUEIRAS;014113;0;;
01870801001;006588;61807000301;ARR VED 10X16X1.5 AL;;SEPARADO;2;;;2;1,1;SEPARADO;CENTRAL;000000;0;;
01870801001;006588;61809000101;"VALV ESFERA F/F 1/2"" NPT";;SEPARADO;1;;;1;88,15;SEPARADO;MX;014112;0;;
01870801001;006588;61809000301;"VALV ESF BORBOLETA F/F 1/2""NPT";;SEPARADO;1;;;1;62,82;SEPARADO;MX;014112;0;;
01870801006;006588;106001500;DJ 1P 10A CURVA C 10KA S201;;FALTA;1;;;1;27,95;FALTA;ABB;014123;0,065;;
01870801006;006588;106207600;POSTE FINAL USK-2G2;;SEPARADO;3;;;3;1,02;SEPARADO;PROAUTO;014121;0,0975;;
01870801006;006588;104193600;SUPORTE IDENTIF P/ POSTE KLM-A;;SEPARADO;2;;;2;0;SEPARADO;0;000000;;;
01870801006;006588;107078500;CB COBRE NU 16MM2;;SEPARADO;0,5;;;0,5;10,2811;SEPARADO;COBREFLEX INDUSTRIA, DISTRIBUICAO E COMERCIO DE FIOS E CABOS EIRELI;000000;;;
01870801006;006588;204583100;PORTA DOCUMENTOS TASCO 71160;;FALTA;1;;;1;40,83;FALTA;TASCO;014108;0,0975;;
01870801006;006588;61640008749;TAMPA QTA USCA 5C CTZ;;SEPARADO;1;;;1;27,02;SEPARADO;GW;14125/14126/014120;0;;
01870801006;006588;106004400;DJ 3P 16A CURVA C 10KA S203;;SEPARADO;2;;;2;48,61;SEPARADO;ABB ELETRIFICACAO LTDA;000000;;;
01870801006;006588;61648042901;DJ 2P 10A SJ202 T-C10;;SEPARADO;1;;;1;35;SEPARADO;ABB ELETRIFICACAO LTDA;000000;;;
01870801006;006588;61652004801;RL AUX 40A 12VCC DNI0102;;SEPARADO;4;;;4;5,86;SEPARADO;SNAP;014090;0;;
01870801006;006588;101033600;MOD IL4-AMF8;;FALTA;1;;;1;842,74;FALTA;SERVINTEL;014089;0;;
01870801006;006588;61655002601;CARREG BAT 12/24VCC KVA PRO;;SEPARADO;1;;;1;466,33;SEPARADO;KVA;014111;0;;
01870801006;006588;61656003801;SUPORTE MODULAR BOTAO ABB;;FALTA;1;;;1;5,55;FALTA;ABB;014123;0,0975;;
01870801006;006588;61656004001;CONT NF BOTAO ABB LINHA MCB;;FALTA;1;;;1;9,33;FALTA;ABB;014123;0,0975;;
01870801006;006588;61656004701;CABECOTE BOTAO EMERGENCIA ABB;;FALTA;1;;;1;40,97;FALTA;ABB;014123;0,0975;;
01870801006;006588;61656004801;ADESIVO PARADA DE EMERGENCIA;;FÁBRICA;1;;;1;25,7;FÁBRICA;APS COMPONENTES ELETRICOS S/A;000000;;;
01870801006;006588;61659003301;TERMO RETRATIL AZUL LARG 9MM;;SEPARADO;24,3;;;24,3;2,4971;SEPARADO;ESTOQUE;000000;0;;
01870801006;006588;61660001201;TER ISOL ANEL 16MM² M8;;SEPARADO;1;;;1;16,1;SEPARADO;ROMAR ACESSORIOS INDUSTRIAIS LTDA;000000;;;
01870801006;006588;61660001301;TER ISOL ANEL 16MM² M10;;SEPARADO;1;;;1;16,39;SEPARADO;ROMAR ACESSORIOS INDUSTRIAIS LTDA;000000;;;
01870801006;006588;61660005901;BORNE DUPLO PUSH IN 4MM DDP4;;SEPARADO;7;;;7;1,9;SEPARADO;PROAUTO;014121;0,0975;;
01870801006;006588;61660006101;BORNE PUSH IN DP2.5PG-XXP;;RETIRADO;1;;;1;7,42;RETIRADO;PROAUTO;014121;0,0975;;
01870801006;006588;61660006201;JUMPER BORNE DUP 4MM DSD01402N;;SEPARADO;1;;;1;2,01;SEPARADO;PROAUTO;014121;0,0975;;
01870801006;006588;61660006501;TAMPA P/ BORNE DUP 4MM DPP4C;;SEPARADO;2;;;2;1,38;SEPARADO;PROAUTO;014121;0,0975;;
01870801006;006588;61660006601;TAMPA P/ BORNE 4MM DPES2.5C;;FALTA;1;;;1;2,06;FALTA;PROAUTO;014121;0,0975;;
01870801009;006588;107045500;"BARRA COBRE 1"" X 5/16""";;SEPARADO;0,2;;;0,2;170,9516;SEPARADO;ESTOQUE;000000;0;;
01870801010;006588;105049200;INTTRV MEC CTTR VM19;;FALTA;1;;;1;92,68;FALTA;ABB;014123;0,0975;;
01870801010;006588;105049500;CTTR 3P 160A AF116 30-11-13;;FALTA;2;;;2;756,87;FALTA;ABB;014123;0,0325;;
01870801010;006588;106088800;DJ 3P 80A S283 C80;;SEPARADO;1;;;1;0;SEPARADO;0;000000;;;
01870801010;006588;107069800;CB COBRE 10MM2 BR 200ºC 152A;;SEPARADO;1;;;1;53,25;SEPARADO;CONDUMIX COMERCIO DE MATERIAL ELETRICO LTDA;000000;;;
01870801010;006588;107010900;CB COBRE 50MM2 0,6/1KV 90 C PT;;SEPARADO;0,75;;;0,75;70,95;SEPARADO;REMO ELETRICA LTDA;000000;;;
01870801010;006588;107069800;CB COBRE 10MM2 BR 200ºC 152A;;SEPARADO;5;;;5;0;SEPARADO;CONDUMIX COMERCIO DE MATERIAL ELETRICO LTDA;000000;;;
01870801010;006588;61646009301;PROT SURTOS FRONT V 275V 45KA;;SEPARADO;4;;;4;28,6884;SEPARADO;CLAMPER;014107;0,0975;;
01870801011;006588;209001400;PERFIL BRCH U 12X6MM 1912;;SEPARADO;0,5;;;0,5;0;SEPARADO;0;000000;;;
01870801011;006588;61405001201;DOBRADICA TASCO 91591;;FALTA;3;;;3;0;FALTA;GW;14125/14126/014120;0;;
01870801011;006588;61405002801;FECHO LINGUETA YALE;;FALTA;2;;;2;0;FALTA;GW;14125/14126/014120;0;;
01870801011;006588;61635033349;TAMPA PASS CB QD QCF/QTA;;SEPARADO;1;;;1;24,125;SEPARADO;GW;14125/14126/014120;0;;
01870801011;006588;61635033949;SPT TRILHO QCF/QTA;;SEPARADO;2;;;2;24,125;SEPARADO;GW;14125/14126/014120;0;;
01870801011;006588;61640008649;GABINETE QTA 800X600X200 CTZ;;SEPARADO;1;;;1;627,25;SEPARADO;GW;14125/14126/014120;0;;
01870801012;006588;104016100;TER ISOL ANEL 6.70-10.00MM M8;;SEPARADO;4;;;4;0;SEPARADO;0;000000;;;
01870801012;006588;109013600;FITA ISOL 19MMX5M PT;;FALTA;1;;;1;10;FALTA;REI DAS MANGUEIRAS;000000;0;;
01870801012;006588;109013700;FITA ISOLANTE AUTOFUSAO - 19MMX5M PT;;FALTA;1;;;1;9,85;FALTA;REI DAS MANGUEIRAS;000000;0;;
01870801013;006588;101095500;MOD COMUNICACAO CM3-ETHERNET;;FALTA;1;;;1;995,11;FALTA;SERVINTEL;014089;0;;
01870901001;006590;101004800;SENSOR TEMP 12VCC;;SEPARADO;1;;;1;210,79;SEPARADO;POLIPECAS COMERCIAL E IMPORTADORA LTDA;000000;;;
01870901001;006590;104016100;TER ISOL ANEL 6.70-10.00MM M8;;SEPARADO;8;;;8;0;SEPARADO;0;000000;;;
01870901001;006590;107069800;CB COBRE 10MM2 BR 200ºC 152A;;SEPARADO;2,8;;;2,8;53,25;SEPARADO;CONDUMIX COMERCIO DE MATERIAL ELETRICO LTDA;000000;;;
01870901006;006590;109092400;ISOLADOR CIL 16X30 MM M6;;SEPARADO;2;;;2;26,9;SEPARADO;MX;014112;0;;
01870901001;006590;204229500;CALCO D106 X 9,53;;SEPARADO;4;;;4;33,775;SEPARADO;GW;14125/14126/014120;0;;
01870901001;006590;204576400;ADP M/F M10X1,5 X M10X1,0;;FALTA;1;;;1;26,88;FALTA;BULKS;014088;0;;
01870901001;006590;209001400;PERFIL BRCH U 12X6MM 1912;;SEPARADO;0,3;;;0,3;0;SEPARADO;0;000000;;;
01870901001;006590;210012800;ARR M10 DIN 125 BIC;;KANBAN;20;;;20;1,15;KANBAN;MX;000000;;;
01870901001;006590;30702002801;BARRA ROSCADA 6MM;;FALTA;2;;;2;24,125;FALTA;GW;14125/14126/014120;0;;
01870901001;006590;31601193601NE;BOTAO EMERGENCIA CARENAGEM 2NF;;SEPARADO;1;;;1;8548,9321;SEPARADO;SDMO  INDUSTRIES;000000;;;
01870901001;006590;31805000303;ABRACADEIRA CRON D17-27 AC;;FALTA;4;;;4;4,15;FALTA;REI DAS MANGUEIRAS;014113;0;;
01870901001;006590;31805005801;ABRACADEIRA ESCAP. MS 73-81;;SEPARADO;1;;;1;28;SEPARADO;SCAPSUL;014119;0,065;;
01870901001;006590;31807001215;JUNTA DE VEDACAO D14XD18X1,5;;FÁBRICA;1;;;1;5;FÁBRICA;CENTRAL;014105;0;;
01870901001;006590;31807001223;JUNTA DE VEDACAO D18XD24X1,5;;FÁBRICA;1;;;1;6;FÁBRICA;CENTRAL;014105;0;;
01870901001;006590;31810002505;MANGUEIRA FLEXIVEL 12X19;;KANBAN;0,6;;;0,6;102,78;KANBAN;MX;000000;;;
01870901001;006590;31810006103;MANGUEIRA FLEXIVEL 16X26;;KANBAN;0,6;;;0,6;138,6;KANBAN;MX;000000;;;
01870901001;006590;60101001401;MOTOR PERKINS 1103A-33TG1;;SEPARADO;1;;;1;25322,58;SEPARADO;SOMOV S.A;014085;0;;
01870901001;006590;60201018801;GS WEG AW10 BR180S1-H MU F3;;SEPARADO;1;;;1;10554,29;SEPARADO;WEG EQUIPAMENTOS ELETRICOS S/A;014084;0;;
01870901001;006590;60305003201;RESIST. PREAQUEC. 1000W 220V;;FALTA;1;;;1;900;FALTA;SERVINTEL;014089;0;;
01870901001;006590;60501001601;TAMPA BOC ABAST TANCLIK  A101C;;SEPARADO;1;;;1;48;SEPARADO;ITULUB;014109;0;;
01870901001;006590;60501004708;FLANGE TQ POLI RETORNO;;SEPARADO;1;;;1;72,375;SEPARADO;GW;14125/14126/014120;0;;
01870901001;006590;60501004908;TRAVA FIX 450L;;SEPARADO;2;;;2;33,775;SEPARADO;GW;14125/14126/014120;0;;
01870901001;006590;60501005501;TQ COMB 180L POLIETILENO;;FALTA;1;;;1;1563,79;FALTA;ACCURATE MACHINE USINAGEM DE PRECISAO LTDA ME                                   ;014087;0;;
01870901001;006590;60501008608;CONTRA FLANGE TQ POLIETILENO;;SEPARADO;2;;;2;33,775;SEPARADO;GW;14125/14126/014120;0;;
01870901001;006590;60501010308;FLANGE TQ 200L POLI ABAST KVA;;SEPARADO;1;;;1;33,775;SEPARADO;GW;14125/14126/014120;0;;
01870901001;006590;60501010708;BOCAL ENCHIMENTO TQ TANCLICK;;FALTA;1;;;1;145;FALTA;AÇO FORT;000000;0;;
01870901001;006590;60702003501;BATERIA 12V 70AH 510CCA KONDOR;;FALTA;1;;;1;450;FALTA;JMS;014110;0;;
01870901001;006590;60702005608;SPT BAT 70AH SMART I;;SEPARADO;1;;;1;96,5;SEPARADO;GW;14125/14126/014120;0;;
01870901001;006590;60702006008;SPT FIX BAT 100AH SMART;;SEPARADO;1;;;1;91,675;SEPARADO;GW;14125/14126/014120;0;;
01870901001;006590;61401016249NE;CARENAGEM SMART I ;;SEPARADO;1;;;1;3377,5;SEPARADO;GW;14125/14126/014120;0;;
01870901001;006590;60901012816;SILENCIOSO 29DBA CRN KSE105;;SEPARADO;1;;;1;1363,04;SEPARADO;SCAPSUL;014119;0,065;;
01870901001;006590;60901024616;CURVA FLEX PK1103T KSE105 VS;;SEPARADO;1;;;1;772,34;SEPARADO;SCAPSUL;014119;0,065;;
01870901001;006590;61101000501;SENSOR PR OLEO 3RHO 7704;;SEPARADO;1;;;1;209,6;SEPARADO;MX;014112;0;;
01870901001;006590;61101001301;SENS NV COMB ULTRAS K40LSR;;SEPARADO;1;;;1;441;SEPARADO;KVA;014111;0;;
01870901001;006590;61103000100;"BOIA MEC FV34-75-PP130 3/4""BSP";;FALTA;1;;;1;900;FALTA;SANTAE;014114;0,0325;;
01870901001;006590;61301014708;BASE SMART I PK;;SEPARADO;1;;;1;965;SEPARADO;GW;14125/14126/014120;0;;
01870901001;006590;61303000101;AMT VIBRA-STOP XT2000 M12;;FALTA;4;;;4;103,7;FALTA;VIBRA-STOP;014117;0;;
01870901001;006590;61307015508;SPT MOT PK/FPT SMART I E II;;SEPARADO;1;;;1;241,25;SEPARADO;GW;14125/14126/014120;0;;
01870901001;006590;61307015608;SPT ALT WEG SMART I E II;;SEPARADO;1;;;1;241,25;SEPARADO;GW;14125/14126/014120;0;;
01870901001;006590;61402046608;FECH RAD SMART I PK1103A;;SEPARADO;1;;;1;731,47;SEPARADO;GW;14125/14126/014120;0;;
01870901001;006590;61405001101;BATENTE DE BORRACHA CONICO;;SEPARADO;3;;;3;6,4;SEPARADO;ML;000000;0;;
01870901001;006590;61601008708;SPT ESQ QCF/QTA SMART I E II;;SEPARADO;1;;;1;33,775;SEPARADO;GW;14125/14126/014120;0;;
01870901001;006590;61601008808;SPT DIR QCF/QTA SMART I E II;;SEPARADO;1;;;1;33,775;SEPARADO;GW;14125/14126/014120;0;;
01870901006;006590;61635033549;TAMPA DJ MAN ABB QCF/QTA A0/A2;;SEPARADO;1;;;1;24,125;SEPARADO;GW;14125/14126/014120;0;;
01870901006;006590;61640008851;SPT DJ ABB A0/A2 QCF/QTA;;SEPARADO;1;;;1;33,775;SEPARADO;GW;14125/14126/014120;0;;
01870901006;006590;61647041501;DCM 3P FX 160A A2A TMF;;SEPARADO;1;;;1;313,24;SEPARADO;ABB;014123;0,065;;
01870901001;006590;61648042801;DJ 3P 10A SJ203 T-C10;;RETIRADO;1;;;1;48,61;RETIRADO;#N/D;000000;;;
01870901006;006590;61652004801;RL AUX 40A 12VCC DNI0102;;SEPARADO;2;;;2;5,86;SEPARADO;SNAP;014090;0;;
01870901006;006590;61653004801;TC SASSI 250-5A ST-42;;SEPARADO;3;;;3;91;SEPARADO;SASSI;014115;0,065;;
01870901006;006590;61656004001;CONT NF BOTAO ABB LINHA MCB;;FALTA;2;;;2;9,33;FALTA;ABB;014123;0,0975;;
01870901006;006590;61659003401;PROT PLC A2 QTA SMART ELETRONET;;SEPARADO;1;;;1;78,83870968;SEPARADO;EMPORIO DO ACRILICO;014124;0;;
01870901001;006590;61801002001;PF DIN912 M10X40 12.9 PT;;SEPARADO;12;;;12;5,58;SEPARADO;MULT TEMPERA COAT TECNOLOGIA EM TRATAMENTO TERMICO E REVESTIMENTOS SUPERFICIAIS;000000;;;
01870901001;006590;61801002101;"PF DIN912 3/8""UNFX1"" 12.9 PT";;SEPARADO;8;;;8;5,11;SEPARADO;MULT TEMPERA COAT TECNOLOGIA EM TRATAMENTO TERMICO E REVESTIMENTOS SUPERFICIAIS;000000;;;
01870901001;006590;61801002201;ARR M10 DIN 127 BIC;;KANBAN;20;;;20;0,85;KANBAN;CENTRAL;000000;0;;
01870901001;006590;61802000111;"BICO RM 1/2""NPT MANG 1/2"" BIC";;FALTA;2;;;2;26,88;FALTA;BULKS;014088;0;;
01870901001;006590;61802000311;BICO RM 1/2 POL.NPT FM16 MANG;;FALTA;1;;;1;26,88;FALTA;BULKS;014088;0;;
01870901001;006590;61802000422;COTOVELO MF 90 1 2NPT GALV;;FALTA;1;;;1;8,34;FALTA;CENTRAL;014105;0;;
01870901001;006590;61802000711;BICO RM 1/2 NPT MANG 3/8 BIC;;SEPARADO;1;;;1;26,88;SEPARADO;BULKS;014088;0;;
01870901001;006590;61802001711;BICO RM 1/2NPT MANG 5/8 BIC;;FALTA;2;;;2;26,88;FALTA;BULKS;014088;0;;
01870901001;006590;61802002711;ADP M/M 1/2”NPT X 3/4UNF BIC;;SEPARADO;1;;;1;26,88;SEPARADO;BULKS;014088;0;;
01870901001;006590;61802002811;"BICO RM 1/4""NPT MANG 5/8"" BIC";;SEPARADO;1;;;1;26,88;SEPARADO;BULKS;014088;0;;
01870901001;006590;61802002911;ADP M/F M18X1.5 X M14X1.5 BIC;;FALTA;1;;;1;26,88;FALTA;BULKS;014088;0;;
01870901001;006590;61802008111;ADP M RESP M22;;FALTA;1;;;1;26,88;FALTA;BULKS;014088;0;;
01870901001;006590;61802014001;BICO RM 1/2 NPT MANG 5/16 BIC;;SEPARADO;1;;;1;26,88;SEPARADO;BULKS;014088;0;;
01870901001;006590;61805000222;ABRACADEIRA CRON D14-22 AC;;FALTA;2;;;2;4,15;FALTA;REI DAS MANGUEIRAS;014113;0;;
01870901001;006590;61807000301;ARR VED 10X16X1.5 AL;;SEPARADO;2;;;2;1,1;SEPARADO;CENTRAL;014015;0;;
01870901001;006590;61809000101;"VALV ESFERA F/F 1/2"" NPT";;SEPARADO;1;;;1;88,15;SEPARADO;MX;014112;0;;
01870901001;006590;61809000301;"VALV ESF BORBOLETA F/F 1/2""NPT";;SEPARADO;1;;;1;62,82;SEPARADO;MX;014112;0;;
01870901006;006590;106001500;DJ 1P 10A CURVA C 10KA S201;;FALTA;1;;;1;27,95;FALTA;ABB;014123;0,065;;
01870901006;006590;106207600;POSTE FINAL USK-2G2;;SEPARADO;3;;;3;1,02;SEPARADO;PROAUTO;014121;0,0975;;
01870901006;006590;104193600;SUPORTE IDENTIF P/ POSTE KLM-A;;SEPARADO;2;;;2;0;SEPARADO;0;000000;;;
01870901006;006590;107078500;CB COBRE NU 16MM2;;SEPARADO;0,5;;;0,5;10,2811;SEPARADO;COBREFLEX INDUSTRIA, DISTRIBUICAO E COMERCIO DE FIOS E CABOS EIRELI;000000;;;
01870901006;006590;204583100;PORTA DOCUMENTOS TASCO 71160;;FALTA;1;;;1;40,83;FALTA;TASCO;014108;0,0975;;
01870901006;006590;61640008749;TAMPA QTA USCA 5C CTZ;;SEPARADO;1;;;1;27,02;SEPARADO;GW;14125/14126/014120;0;;
01870901006;006590;106004400;DJ 3P 16A CURVA C 10KA S203;;SEPARADO;2;;;2;48,61;SEPARADO;ABB ELETRIFICACAO LTDA;000000;;;
01870901006;006590;61648042901;DJ 2P 10A SJ202 T-C10;;SEPARADO;1;;;1;35;SEPARADO;ABB ELETRIFICACAO LTDA;000000;;;
01870901006;006590;61652004801;RL AUX 40A 12VCC DNI0102;;SEPARADO;4;;;4;5,86;SEPARADO;SNAP;014090;0;;
01870901006;006590;101033600;MOD IL4-AMF8;;FALTA;1;;;1;842,74;FALTA;SERVINTEL;014089;0;;
01870901006;006590;61655002601;CARREG BAT 12/24VCC KVA PRO;;SEPARADO;1;;;1;466,33;SEPARADO;KVA;014111;0;;
01870901006;006590;61656003801;SUPORTE MODULAR BOTAO ABB;;FALTA;1;;;1;5,55;FALTA;ABB;014123;0,0975;;
01870901006;006590;61656004001;CONT NF BOTAO ABB LINHA MCB;;FALTA;1;;;1;9,33;FALTA;ABB;014123;0,0975;;
01870901006;006590;61656004701;CABECOTE BOTAO EMERGENCIA ABB;;FALTA;1;;;1;40,97;FALTA;ABB;014123;0,0975;;
01870901006;006590;61656004801;ADESIVO PARADA DE EMERGENCIA;;FÁBRICA;1;;;1;25,7;FÁBRICA;APS COMPONENTES ELETRICOS S/A;000000;;;
01870901006;006590;61659003301;TERMO RETRATIL AZUL LARG 9MM;;SEPARADO;24,3;;;24,3;2,4971;SEPARADO;ESTOQUE;000000;0;;
01870901006;006590;61660001201;TER ISOL ANEL 16MM² M8;;SEPARADO;1;;;1;16,1;SEPARADO;ROMAR ACESSORIOS INDUSTRIAIS LTDA;000000;;;
01870901006;006590;61660001301;TER ISOL ANEL 16MM² M10;;SEPARADO;1;;;1;16,39;SEPARADO;ROMAR ACESSORIOS INDUSTRIAIS LTDA;000000;;;
01870901006;006590;61660005901;BORNE DUPLO PUSH IN 4MM DDP4;;SEPARADO;7;;;7;1,9;SEPARADO;PROAUTO;014121;0,0975;;
01870901006;006590;61660006101;BORNE PUSH IN DP2.5PG-XXP;;RETIRADO;1;;;1;7,42;RETIRADO;PROAUTO;014121;0,0975;;
01870901006;006590;61660006201;JUMPER BORNE DUP 4MM DSD01402N;;SEPARADO;1;;;1;2,01;SEPARADO;PROAUTO;014121;0,0975;;
01870901006;006590;61660006501;TAMPA P/ BORNE DUP 4MM DPP4C;;SEPARADO;2;;;2;1,38;SEPARADO;PROAUTO;014121;0,0975;;
01870901006;006590;61660006601;TAMPA P/ BORNE 4MM DPES2.5C;;FALTA;1;;;1;2,06;FALTA;PROAUTO;014121;0,0975;;
01870901009;006590;107045500;"BARRA COBRE 1"" X 5/16""";;SEPARADO;0,2;;;0,2;170,9516;SEPARADO;ESTOQUE;000000;0;;
01870901010;006590;105049200;INTTRV MEC CTTR VM19;;FALTA;1;;;1;92,68;FALTA;ABB;014123;0,0975;;
01870901010;006590;105049500;CTTR 3P 160A AF116 30-11-13;;FALTA;2;;;2;756,87;FALTA;ABB;014123;0,0325;;
01870901010;006590;106088800;DJ 3P 80A S283 C80;;SEPARADO;1;;;1;0;SEPARADO;0;000000;;;
01870901010;006590;107069800;CB COBRE 10MM2 BR 200ºC 152A;;SEPARADO;1;;;1;53,25;SEPARADO;CONDUMIX COMERCIO DE MATERIAL ELETRICO LTDA;000000;;;
01870901010;006590;107010900;CB COBRE 50MM2 0,6/1KV 90 C PT;;SEPARADO;0,75;;;0,75;70,95;SEPARADO;REMO ELETRICA LTDA;000000;;;
01870901010;006590;107069800;CB COBRE 10MM2 BR 200ºC 152A;;SEPARADO;5;;;5;0;SEPARADO;CONDUMIX COMERCIO DE MATERIAL ELETRICO LTDA;000000;;;
01870901010;006590;61646009301;PROT SURTOS FRONT V 275V 45KA;;SEPARADO;4;;;4;28,6884;SEPARADO;CLAMPER;014107;0,0975;;
01870901011;006590;209001400;PERFIL BRCH U 12X6MM 1912;;SEPARADO;0,5;;;0,5;0;SEPARADO;0;000000;;;
01870901011;006590;61405001201;DOBRADICA TASCO 91591;;FALTA;3;;;3;0;FALTA;GW;14125/14126/014120;0;;
01870901011;006590;61405002801;FECHO LINGUETA YALE;;FALTA;2;;;2;0;FALTA;GW;14125/14126/014120;0;;
01870901011;006590;61635033349;TAMPA PASS CB QD QCF/QTA;;SEPARADO;1;;;1;24,125;SEPARADO;GW;14125/14126/014120;0;;
01870901011;006590;61635033949;SPT TRILHO QCF/QTA;;SEPARADO;2;;;2;24,125;SEPARADO;GW;14125/14126/014120;0;;
01870901011;006590;61640008649;GABINETE QTA 800X600X200 CTZ;;SEPARADO;1;;;1;627,25;SEPARADO;GW;14125/14126/014120;0;;
01870901012;006590;104016100;TER ISOL ANEL 6.70-10.00MM M8;;SEPARADO;4;;;4;0;SEPARADO;0;000000;;;
01870901012;006590;109013600;FITA ISOL 19MMX5M PT;;FALTA;1;;;1;10;FALTA;REI DAS MANGUEIRAS;000000;0;;
01870901012;006590;109013700;FITA ISOLANTE AUTOFUSAO - 19MMX5M PT;;FALTA;1;;;1;9,85;FALTA;REI DAS MANGUEIRAS;000000;0;;
01870901013;006590;101095500;MOD COMUNICACAO CM3-ETHERNET;;FALTA;1;;;1;995,11;FALTA;SERVINTEL;014089;0;;
01871001001;006592;101004800;SENSOR TEMP 12VCC;;SEPARADO;1;;;1;210,79;SEPARADO;POLIPECAS COMERCIAL E IMPORTADORA LTDA;000000;;;
01871001001;006592;104016100;TER ISOL ANEL 6.70-10.00MM M8;;SEPARADO;8;;;8;0;SEPARADO;0;000000;;;
01871001001;006592;107069800;CB COBRE 10MM2 BR 200ºC 152A;;SEPARADO;2,8;;;2,8;53,25;SEPARADO;CONDUMIX COMERCIO DE MATERIAL ELETRICO LTDA;000000;;;
01871001006;006592;109092400;ISOLADOR CIL 16X30 MM M6;;SEPARADO;2;;;2;26,9;SEPARADO;MX;014112;0;;
01871001001;006592;204229500;CALCO D106 X 9,53;;SEPARADO;4;;;4;33,775;SEPARADO;GW;14125/14126/014120;0;;
01871001001;006592;204576400;ADP M/F M10X1,5 X M10X1,0;;FALTA;1;;;1;26,88;FALTA;BULKS;014088;0;;
01871001001;006592;209001400;PERFIL BRCH U 12X6MM 1912;;SEPARADO;0,3;;;0,3;0;SEPARADO;0;000000;;;
01871001001;006592;210012800;ARR M10 DIN 125 BIC;;KANBAN;20;;;20;1,15;KANBAN;MX;000000;;;
01871001001;006592;30702002801;BARRA ROSCADA 6MM;;FALTA;2;;;2;24,125;FALTA;GW;14125/14126/014120;0;;
01871001001;006592;31601193601NE;BOTAO EMERGENCIA CARENAGEM 2NF;;SEPARADO;1;;;1;8548,9321;SEPARADO;SDMO  INDUSTRIES;000000;;;
01871001001;006592;31805000303;ABRACADEIRA CRON D17-27 AC;;FALTA;4;;;4;4,15;FALTA;REI DAS MANGUEIRAS;014113;0;;
01871001001;006592;31805005801;ABRACADEIRA ESCAP. MS 73-81;;SEPARADO;1;;;1;28;SEPARADO;SCAPSUL;014119;0,065;;
01871001001;006592;31807001215;JUNTA DE VEDACAO D14XD18X1,5;;FÁBRICA;1;;;1;5;FÁBRICA;CENTRAL;014105;0;;
01871001001;006592;31807001223;JUNTA DE VEDACAO D18XD24X1,5;;FÁBRICA;1;;;1;6;FÁBRICA;CENTRAL;014105;0;;
01871001001;006592;31810002505;MANGUEIRA FLEXIVEL 12X19;;KANBAN;0,6;;;0,6;102,78;KANBAN;MX;000000;;;
01871001001;006592;31810006103;MANGUEIRA FLEXIVEL 16X26;;KANBAN;0,6;;;0,6;138,6;KANBAN;MX;000000;;;
01871001001;006592;60101001401;MOTOR PERKINS 1103A-33TG1;;SEPARADO;1;;;1;25322,58;SEPARADO;SOMOV S.A;014085;0;;
01871001001;006592;60201018801;GS WEG AW10 BR180S1-H MU F3;;SEPARADO;1;;;1;10554,29;SEPARADO;WEG EQUIPAMENTOS ELETRICOS S/A;014084;0;;
01871001001;006592;60305003201;RESIST. PREAQUEC. 1000W 220V;;FALTA;1;;;1;900;FALTA;SERVINTEL;014089;0;;
01871001001;006592;60501001601;TAMPA BOC ABAST TANCLIK  A101C;;SEPARADO;1;;;1;48;SEPARADO;ITULUB;014109;0;;
01871001001;006592;60501004708;FLANGE TQ POLI RETORNO;;SEPARADO;1;;;1;72,375;SEPARADO;GW;14125/14126/014120;0;;
01871001001;006592;60501004908;TRAVA FIX 450L;;SEPARADO;2;;;2;33,775;SEPARADO;GW;14125/14126/014120;0;;
01871001001;006592;60501005501;TQ COMB 180L POLIETILENO;;FALTA;1;;;1;1563,79;FALTA;ACCURATE MACHINE USINAGEM DE PRECISAO LTDA ME                                   ;014087;0;;
01871001001;006592;60501008608;CONTRA FLANGE TQ POLIETILENO;;SEPARADO;2;;;2;33,775;SEPARADO;GW;14125/14126/014120;0;;
01871001001;006592;60501010308;FLANGE TQ 200L POLI ABAST KVA;;SEPARADO;1;;;1;33,775;SEPARADO;GW;14125/14126/014120;0;;
01871001001;006592;60501010708;BOCAL ENCHIMENTO TQ TANCLICK;;FALTA;1;;;1;145;FALTA;AÇO FORT;000000;0;;
01871001001;006592;60702003501;BATERIA 12V 70AH 510CCA KONDOR;;FALTA;1;;;1;450;FALTA;JMS;014110;0;;
01871001001;006592;60702005608;SPT BAT 70AH SMART I;;SEPARADO;1;;;1;96,5;SEPARADO;GW;14125/14126/014120;0;;
01871001001;006592;60702006008;SPT FIX BAT 100AH SMART;;SEPARADO;1;;;1;91,675;SEPARADO;GW;14125/14126/014120;0;;
01871001001;006592;61401016249NE;CARENAGEM SMART I ;;SEPARADO;1;;;1;3377,5;SEPARADO;GW;14125/14126/014120;0;;
01871001001;006592;60901012816;SILENCIOSO 29DBA CRN KSE105;;SEPARADO;1;;;1;1363,04;SEPARADO;SCAPSUL;014119;0,065;;
01871001001;006592;60901024616;CURVA FLEX PK1103T KSE105 VS;;SEPARADO;1;;;1;772,34;SEPARADO;SCAPSUL;014119;0,065;;
01871001001;006592;61101000501;SENSOR PR OLEO 3RHO 7704;;SEPARADO;1;;;1;209,6;SEPARADO;MX;014112;0;;
01871001001;006592;61101001301;SENS NV COMB ULTRAS K40LSR;;SEPARADO;1;;;1;441;SEPARADO;KVA;014111;0;;
01871001001;006592;61103000100;"BOIA MEC FV34-75-PP130 3/4""BSP";;FALTA;1;;;1;900;FALTA;SANTAE;014114;0,0325;;
01871001001;006592;61301014708;BASE SMART I PK;;SEPARADO;1;;;1;965;SEPARADO;GW;14125/14126/014120;0;;
01871001001;006592;61303000101;AMT VIBRA-STOP XT2000 M12;;FALTA;4;;;4;103,7;FALTA;VIBRA-STOP;014117;0;;
01871001001;006592;61307015508;SPT MOT PK/FPT SMART I E II;;SEPARADO;1;;;1;241,25;SEPARADO;GW;14125/14126/014120;0;;
01871001001;006592;61307015608;SPT ALT WEG SMART I E II;;SEPARADO;1;;;1;241,25;SEPARADO;GW;14125/14126/014120;0;;
01871001001;006592;61402046608;FECH RAD SMART I PK1103A;;SEPARADO;1;;;1;731,47;SEPARADO;GW;14125/14126/014120;0;;
01871001001;006592;61405001101;BATENTE DE BORRACHA CONICO;;SEPARADO;3;;;3;6,4;SEPARADO;ML;000000;0;;
01871001001;006592;61601008708;SPT ESQ QCF/QTA SMART I E II;;SEPARADO;1;;;1;33,775;SEPARADO;GW;14125/14126/014120;0;;
01871001001;006592;61601008808;SPT DIR QCF/QTA SMART I E II;;SEPARADO;1;;;1;33,775;SEPARADO;GW;14125/14126/014120;0;;
01871001006;006592;61635033549;TAMPA DJ MAN ABB QCF/QTA A0/A2;;SEPARADO;1;;;1;24,125;SEPARADO;GW;14125/14126/014120;0;;
01871001006;006592;61640008851;SPT DJ ABB A0/A2 QCF/QTA;;SEPARADO;1;;;1;33,775;SEPARADO;GW;14125/14126/014120;0;;
01871001006;006592;61647041501;DCM 3P FX 160A A2A TMF;;SEPARADO;1;;;1;313,24;SEPARADO;ABB;014123;0,065;;
01871001001;006592;61648042801;DJ 3P 10A SJ203 T-C10;;RETIRADO;1;;;1;48,61;RETIRADO;#N/D;000000;;;
01871001006;006592;61652004801;RL AUX 40A 12VCC DNI0102;;SEPARADO;2;;;2;5,86;SEPARADO;SNAP;014090;0;;
01871001006;006592;61653004801;TC SASSI 250-5A ST-42;;SEPARADO;3;;;3;91;SEPARADO;SASSI;014115;0,065;;
01871001006;006592;61656004001;CONT NF BOTAO ABB LINHA MCB;;FALTA;2;;;2;9,33;FALTA;ABB;014123;0,0975;;
01871001006;006592;61659003401;PROT PLC A2 QTA SMART ELETRONET;;SEPARADO;1;;;1;78,83870968;SEPARADO;EMPORIO DO ACRILICO;014124;0;;
01871001001;006592;61801002001;PF DIN912 M10X40 12.9 PT;;SEPARADO;12;;;12;5,58;SEPARADO;MULT TEMPERA COAT TECNOLOGIA EM TRATAMENTO TERMICO E REVESTIMENTOS SUPERFICIAIS;000000;;;
01871001001;006592;61801002101;"PF DIN912 3/8""UNFX1"" 12.9 PT";;SEPARADO;8;;;8;5,11;SEPARADO;MULT TEMPERA COAT TECNOLOGIA EM TRATAMENTO TERMICO E REVESTIMENTOS SUPERFICIAIS;000000;;;
01871001001;006592;61801002201;ARR M10 DIN 127 BIC;;KANBAN;20;;;20;0,85;KANBAN;CENTRAL;000000;0;;
01871001001;006592;61802000111;"BICO RM 1/2""NPT MANG 1/2"" BIC";;FALTA;2;;;2;26,88;FALTA;BULKS;014088;0;;
01871001001;006592;61802000311;BICO RM 1/2 POL.NPT FM16 MANG;;FALTA;1;;;1;26,88;FALTA;BULKS;014088;0;;
01871001001;006592;61802000422;COTOVELO MF 90 1 2NPT GALV;;FALTA;1;;;1;8,34;FALTA;CENTRAL;014105;0;;
01871001001;006592;61802000711;BICO RM 1/2 NPT MANG 3/8 BIC;;SEPARADO;1;;;1;26,88;SEPARADO;BULKS;014088;0;;
01871001001;006592;61802001711;BICO RM 1/2NPT MANG 5/8 BIC;;FALTA;2;;;2;26,88;FALTA;BULKS;014088;0;;
01871001001;006592;61802002711;ADP M/M 1/2”NPT X 3/4UNF BIC;;SEPARADO;1;;;1;26,88;SEPARADO;BULKS;014088;0;;
01871001001;006592;61802002811;"BICO RM 1/4""NPT MANG 5/8"" BIC";;SEPARADO;1;;;1;26,88;SEPARADO;BULKS;014088;0;;
01871001001;006592;61802002911;ADP M/F M18X1.5 X M14X1.5 BIC;;SEPARADO;1;;;1;26,88;SEPARADO;BULKS;014088;0;;
01871001001;006592;61802008111;ADP M RESP M22;;FALTA;1;;;1;26,88;FALTA;BULKS;014088;0;;
01871001001;006592;61802014001;BICO RM 1/2 NPT MANG 5/16 BIC;;SEPARADO;1;;;1;26,88;SEPARADO;BULKS;014088;0;;
01871001001;006592;61805000222;ABRACADEIRA CRON D14-22 AC;;FALTA;2;;;2;4,15;FALTA;REI DAS MANGUEIRAS;014113;0;;
01871001001;006592;61807000301;ARR VED 10X16X1.5 AL;;SEPARADO;2;;;2;1,1;SEPARADO;CENTRAL;014015;0;;
01871001001;006592;61809000101;"VALV ESFERA F/F 1/2"" NPT";;SEPARADO;1;;;1;88,15;SEPARADO;MX;014112;0;;
01871001001;006592;61809000301;"VALV ESF BORBOLETA F/F 1/2""NPT";;SEPARADO;1;;;1;62,82;SEPARADO;MX;014112;0;;
01871001006;006592;106001500;DJ 1P 10A CURVA C 10KA S201;;FALTA;1;;;1;27,95;FALTA;ABB;014123;0,065;;
01871001006;006592;106207600;POSTE FINAL USK-2G2;;SEPARADO;3;;;3;1,02;SEPARADO;PROAUTO;014121;0,0975;;
01871001006;006592;104193600;SUPORTE IDENTIF P/ POSTE KLM-A;;SEPARADO;2;;;2;0;SEPARADO;0;000000;;;
01871001006;006592;107078500;CB COBRE NU 16MM2;;SEPARADO;0,5;;;0,5;10,2811;SEPARADO;COBREFLEX INDUSTRIA, DISTRIBUICAO E COMERCIO DE FIOS E CABOS EIRELI;000000;;;
01871001006;006592;204583100;PORTA DOCUMENTOS TASCO 71160;;FALTA;1;;;1;40,83;FALTA;TASCO;014108;0,0975;;
01871001006;006592;61640008749;TAMPA QTA USCA 5C CTZ;;SEPARADO;1;;;1;27,02;SEPARADO;GW;14125/14126/014120;0;;
01871001006;006592;106004400;DJ 3P 16A CURVA C 10KA S203;;SEPARADO;2;;;2;48,61;SEPARADO;ABB ELETRIFICACAO LTDA;000000;;;
01871001006;006592;61648042901;DJ 2P 10A SJ202 T-C10;;SEPARADO;1;;;1;35;SEPARADO;ABB ELETRIFICACAO LTDA;000000;;;
01871001006;006592;61652004801;RL AUX 40A 12VCC DNI0102;;SEPARADO;4;;;4;5,86;SEPARADO;SNAP;014090;0;;
01871001006;006592;101033600;MOD IL4-AMF8;;FALTA;1;;;1;842,74;FALTA;SERVINTEL;014089;0;;
01871001006;006592;61655002601;CARREG BAT 12/24VCC KVA PRO;;SEPARADO;1;;;1;466,33;SEPARADO;KVA;014111;0;;
01871001006;006592;61656003801;SUPORTE MODULAR BOTAO ABB;;FALTA;1;;;1;5,55;FALTA;ABB;014123;0,0975;;
01871001006;006592;61656004001;CONT NF BOTAO ABB LINHA MCB;;FALTA;1;;;1;9,33;FALTA;ABB;014123;0,0975;;
01871001006;006592;61656004701;CABECOTE BOTAO EMERGENCIA ABB;;FALTA;1;;;1;40,97;FALTA;ABB;014123;0,0975;;
01871001006;006592;61656004801;ADESIVO PARADA DE EMERGENCIA;;FÁBRICA;1;;;1;25,7;FÁBRICA;APS COMPONENTES ELETRICOS S/A;000000;;;
01871001006;006592;61659003301;TERMO RETRATIL AZUL LARG 9MM;;SEPARADO;24,3;;;24,3;2,4971;SEPARADO;ESTOQUE;000000;0;;
01871001006;006592;61660001201;TER ISOL ANEL 16MM² M8;;SEPARADO;1;;;1;16,1;SEPARADO;ROMAR ACESSORIOS INDUSTRIAIS LTDA;000000;;;
01871001006;006592;61660001301;TER ISOL ANEL 16MM² M10;;SEPARADO;1;;;1;16,39;SEPARADO;ROMAR ACESSORIOS INDUSTRIAIS LTDA;000000;;;
01871001006;006592;61660005901;BORNE DUPLO PUSH IN 4MM DDP4;;SEPARADO;7;;;7;1,9;SEPARADO;PROAUTO;014121;0,0975;;
01871001006;006592;61660006101;BORNE PUSH IN DP2.5PG-XXP;;RETIRADO;1;;;1;7,42;RETIRADO;PROAUTO;014121;0,0975;;
01871001006;006592;61660006201;JUMPER BORNE DUP 4MM DSD01402N;;SEPARADO;1;;;1;2,01;SEPARADO;PROAUTO;014121;0,0975;;
01871001006;006592;61660006501;TAMPA P/ BORNE DUP 4MM DPP4C;;SEPARADO;2;;;2;1,38;SEPARADO;PROAUTO;014121;0,0975;;
01871001006;006592;61660006601;TAMPA P/ BORNE 4MM DPES2.5C;;FALTA;1;;;1;2,06;FALTA;PROAUTO;014121;0,0975;;
01871001009;006592;107045500;"BARRA COBRE 1"" X 5/16""";;SEPARADO;0,2;;;0,2;170,9516;SEPARADO;ESTOQUE;000000;0;;
01871001010;006592;105049200;INTTRV MEC CTTR VM19;;FALTA;1;;;1;92,68;FALTA;ABB;014123;0,0975;;
01871001010;006592;105049500;CTTR 3P 160A AF116 30-11-13;;FALTA;2;;;2;756,87;FALTA;ABB;014123;0,0325;;
01871001010;006592;106088800;DJ 3P 80A S283 C80;;SEPARADO;1;;;1;0;SEPARADO;0;000000;;;
01871001010;006592;107069800;CB COBRE 10MM2 BR 200ºC 152A;;SEPARADO;1;;;1;53,25;SEPARADO;CONDUMIX COMERCIO DE MATERIAL ELETRICO LTDA;000000;;;
01871001010;006592;107010900;CB COBRE 50MM2 0,6/1KV 90 C PT;;SEPARADO;0,75;;;0,75;70,95;SEPARADO;REMO ELETRICA LTDA;000000;;;
01871001010;006592;107069800;CB COBRE 10MM2 BR 200ºC 152A;;SEPARADO;5;;;5;0;SEPARADO;CONDUMIX COMERCIO DE MATERIAL ELETRICO LTDA;000000;;;
01871001010;006592;61646009301;PROT SURTOS FRONT V 275V 45KA;;SEPARADO;4;;;4;28,6884;SEPARADO;CLAMPER;014107;0,0975;;
01871001011;006592;209001400;PERFIL BRCH U 12X6MM 1912;;SEPARADO;0,5;;;0,5;0;SEPARADO;0;000000;;;
01871001011;006592;61405001201;DOBRADICA TASCO 91591;;FALTA;3;;;3;0;FALTA;GW;14125/14126/014120;0;;
01871001011;006592;61405002801;FECHO LINGUETA YALE;;FALTA;2;;;2;0;FALTA;GW;14125/14126/014120;0;;
01871001011;006592;61635033349;TAMPA PASS CB QD QCF/QTA;;SEPARADO;1;;;1;24,125;SEPARADO;GW;14125/14126/014120;0;;
01871001011;006592;61635033949;SPT TRILHO QCF/QTA;;SEPARADO;2;;;2;24,125;SEPARADO;GW;14125/14126/014120;0;;
01871001011;006592;61640008649;GABINETE QTA 800X600X200 CTZ;;SEPARADO;1;;;1;627,25;SEPARADO;GW;14125/14126/014120;0;;
01871001012;006592;104016100;TER ISOL ANEL 6.70-10.00MM M8;;SEPARADO;4;;;4;0;SEPARADO;0;000000;;;
01871001012;006592;109013600;FITA ISOL 19MMX5M PT;;FALTA;1;;;1;10;FALTA;REI DAS MANGUEIRAS;000000;0;;
01871001012;006592;109013700;FITA ISOLANTE AUTOFUSAO - 19MMX5M PT;;FALTA;1;;;1;9,85;FALTA;REI DAS MANGUEIRAS;000000;0;;
01871001013;006592;101095500;MOD COMUNICACAO CM3-ETHERNET;;FALTA;1;;;1;995,11;FALTA;SERVINTEL;014089;0;;
01871101001;006594;101004800;SENSOR TEMP 12VCC;;SEPARADO;1;;;1;210,79;SEPARADO;POLIPECAS COMERCIAL E IMPORTADORA LTDA;000000;;;
01871101001;006594;104016100;TER ISOL ANEL 6.70-10.00MM M8;;SEPARADO;8;;;8;0;SEPARADO;0;000000;;;
01871101001;006594;107069800;CB COBRE 10MM2 BR 200ºC 152A;;SEPARADO;2,8;;;2,8;53,25;SEPARADO;CONDUMIX COMERCIO DE MATERIAL ELETRICO LTDA;000000;;;
01871101006;006594;109092400;ISOLADOR CIL 16X30 MM M6;;SEPARADO;2;;;2;26,9;SEPARADO;MX;014112;0;;
01871101001;006594;204229500;CALCO D106 X 9,53;;SEPARADO;4;;;4;33,775;SEPARADO;GW;14125/14126/014120;0;;
01871101001;006594;204576400;ADP M/F M10X1,5 X M10X1,0;;FALTA;1;;;1;26,88;FALTA;BULKS;014088;0;;
01871101001;006594;209001400;PERFIL BRCH U 12X6MM 1912;;SEPARADO;0,3;;;0,3;0;SEPARADO;0;000000;;;
01871101001;006594;210012800;ARR M10 DIN 125 BIC;;KANBAN;20;;;20;1,15;KANBAN;MX;000000;;;
01871101001;006594;30702002801;BARRA ROSCADA 6MM;;FALTA;2;;;2;24,125;FALTA;GW;14125/14126/014120;0;;
01871101001;006594;31601193601NE;BOTAO EMERGENCIA CARENAGEM 2NF;;SEPARADO;1;;;1;8548,9321;SEPARADO;SDMO  INDUSTRIES;000000;;;
01871101001;006594;31805000303;ABRACADEIRA CRON D17-27 AC;;FALTA;4;;;4;4,15;FALTA;REI DAS MANGUEIRAS;014113;0;;
01871101001;006594;31805005801;ABRACADEIRA ESCAP. MS 73-81;;SEPARADO;1;;;1;28;SEPARADO;SCAPSUL;014119;0,065;;
01871101001;006594;31807001215;JUNTA DE VEDACAO D14XD18X1,5;;FÁBRICA;1;;;1;5;FÁBRICA;CENTRAL;014105;0;;
01871101001;006594;31807001223;JUNTA DE VEDACAO D18XD24X1,5;;FÁBRICA;1;;;1;6;FÁBRICA;CENTRAL;014105;0;;
01871101001;006594;31810002505;MANGUEIRA FLEXIVEL 12X19;;KANBAN;0,6;;;0,6;102,78;KANBAN;MX;000000;;;
01871101001;006594;31810006103;MANGUEIRA FLEXIVEL 16X26;;KANBAN;0,6;;;0,6;138,6;KANBAN;MX;000000;;;
01871101001;006594;60101001401;MOTOR PERKINS 1103A-33TG1;;SEPARADO;1;;;1;25322,58;SEPARADO;SOMOV S.A;014085;0;;
01871101001;006594;60201018801;GS WEG AW10 BR180S1-H MU F3;;SEPARADO;1;;;1;10554,29;SEPARADO;WEG EQUIPAMENTOS ELETRICOS S/A;014084;0;;
01871101001;006594;60305003201;RESIST. PREAQUEC. 1000W 220V;;FALTA;1;;;1;900;FALTA;SERVINTEL;014089;0;;
01871101001;006594;60501001601;TAMPA BOC ABAST TANCLIK  A101C;;SEPARADO;1;;;1;48;SEPARADO;ITULUB;014109;0;;
01871101001;006594;60501004708;FLANGE TQ POLI RETORNO;;SEPARADO;1;;;1;72,375;SEPARADO;GW;14125/14126/014120;0;;
01871101001;006594;60501004908;TRAVA FIX 450L;;SEPARADO;2;;;2;33,775;SEPARADO;GW;14125/14126/014120;0;;
01871101001;006594;60501005501;TQ COMB 180L POLIETILENO;;FALTA;1;;;1;1563,79;FALTA;ACCURATE MACHINE USINAGEM DE PRECISAO LTDA ME                                   ;014087;0;;
01871101001;006594;60501008608;CONTRA FLANGE TQ POLIETILENO;;SEPARADO;2;;;2;33,775;SEPARADO;GW;14125/14126/014120;0;;
01871101001;006594;60501010308;FLANGE TQ 200L POLI ABAST KVA;;SEPARADO;1;;;1;33,775;SEPARADO;GW;14125/14126/014120;0;;
01871101001;006594;60501010708;BOCAL ENCHIMENTO TQ TANCLICK;;FALTA;1;;;1;145;FALTA;AÇO FORT;000000;0;;
01871101001;006594;60702003501;BATERIA 12V 70AH 510CCA KONDOR;;FALTA;1;;;1;450;FALTA;JMS;014110;0;;
01871101001;006594;60702005608;SPT BAT 70AH SMART I;;SEPARADO;1;;;1;96,5;SEPARADO;GW;14125/14126/014120;0;;
01871101001;006594;60702006008;SPT FIX BAT 100AH SMART;;SEPARADO;1;;;1;91,675;SEPARADO;GW;14125/14126/014120;0;;
01871101001;006594;61401016249NE;CARENAGEM SMART I ;;SEPARADO;1;;;1;3377,5;SEPARADO;GW;14125/14126/014120;0;;
01871101001;006594;60901012816;SILENCIOSO 29DBA CRN KSE105;;SEPARADO;1;;;1;1363,04;SEPARADO;SCAPSUL;014119;0,065;;
01871101001;006594;60901024616;CURVA FLEX PK1103T KSE105 VS;;SEPARADO;1;;;1;772,34;SEPARADO;SCAPSUL;014119;0,065;;
01871101001;006594;61101000501;SENSOR PR OLEO 3RHO 7704;;SEPARADO;1;;;1;209,6;SEPARADO;MX;014112;0;;
01871101001;006594;61101001301;SENS NV COMB ULTRAS K40LSR;;SEPARADO;1;;;1;441;SEPARADO;KVA;014111;0;;
01871101001;006594;61103000100;"BOIA MEC FV34-75-PP130 3/4""BSP";;FALTA;1;;;1;900;FALTA;SANTAE;014114;0,0325;;
01871101001;006594;61301014708;BASE SMART I PK;;SEPARADO;1;;;1;965;SEPARADO;GW;14125/14126/014120;0;;
01871101001;006594;61303000101;AMT VIBRA-STOP XT2000 M12;;FALTA;4;;;4;103,7;FALTA;VIBRA-STOP;014117;0;;
01871101001;006594;61307015508;SPT MOT PK/FPT SMART I E II;;SEPARADO;1;;;1;241,25;SEPARADO;GW;14125/14126/014120;0;;
01871101001;006594;61307015608;SPT ALT WEG SMART I E II;;SEPARADO;1;;;1;241,25;SEPARADO;GW;14125/14126/014120;0;;
01871101001;006594;61402046608;FECH RAD SMART I PK1103A;;SEPARADO;1;;;1;731,47;SEPARADO;GW;14125/14126/014120;0;;
01871101001;006594;61405001101;BATENTE DE BORRACHA CONICO;;SEPARADO;3;;;3;6,4;SEPARADO;ML;000000;0;;
01871101001;006594;61601008708;SPT ESQ QCF/QTA SMART I E II;;SEPARADO;1;;;1;33,775;SEPARADO;GW;14125/14126/014120;0;;
01871101001;006594;61601008808;SPT DIR QCF/QTA SMART I E II;;SEPARADO;1;;;1;33,775;SEPARADO;GW;14125/14126/014120;0;;
01871101006;006594;61635033549;TAMPA DJ MAN ABB QCF/QTA A0/A2;;SEPARADO;1;;;1;24,125;SEPARADO;GW;14125/14126/014120;0;;
01871101006;006594;61640008851;SPT DJ ABB A0/A2 QCF/QTA;;SEPARADO;1;;;1;33,775;SEPARADO;GW;14125/14126/014120;0;;
01871101006;006594;61647041501;DCM 3P FX 160A A2A TMF;;SEPARADO;1;;;1;313,24;SEPARADO;ABB;014123;0,065;;
01871101001;006594;61648042801;DJ 3P 10A SJ203 T-C10;;RETIRADO;1;;;1;48,61;RETIRADO;#N/D;000000;;;
01871101001;006594;61652004801;RL AUX 40A 12VCC DNI0102;;SEPARADO;2;;;2;5,86;SEPARADO;SNAP;014090;0;;
01871101006;006594;61653004801;TC SASSI 250-5A ST-42;;SEPARADO;3;;;3;91;SEPARADO;SASSI;014115;0,065;;
01871101006;006594;61656004001;CONT NF BOTAO ABB LINHA MCB;;FALTA;2;;;2;9,33;FALTA;ABB;014123;0,0975;;
01871101006;006594;61659003401;PROT PLC A2 QTA SMART ELETRONET;;SEPARADO;1;;;1;78,83870968;SEPARADO;EMPORIO DO ACRILICO;014124;0;;
01871101001;006594;61801002001;PF DIN912 M10X40 12.9 PT;;SEPARADO;12;;;12;5,58;SEPARADO;MULT TEMPERA COAT TECNOLOGIA EM TRATAMENTO TERMICO E REVESTIMENTOS SUPERFICIAIS;000000;;;
01871101001;006594;61801002101;"PF DIN912 3/8""UNFX1"" 12.9 PT";;SEPARADO;8;;;8;5,11;SEPARADO;MULT TEMPERA COAT TECNOLOGIA EM TRATAMENTO TERMICO E REVESTIMENTOS SUPERFICIAIS;000000;;;
01871101001;006594;61801002201;ARR M10 DIN 127 BIC;;KANBAN;20;;;20;0,85;KANBAN;CENTRAL;000000;0;;
01871101001;006594;61802000111;"BICO RM 1/2""NPT MANG 1/2"" BIC";;FALTA;2;;;2;26,88;FALTA;BULKS;014088;0;;
01871101001;006594;61802000311;BICO RM 1/2 POL.NPT FM16 MANG;;FALTA;1;;;1;26,88;FALTA;BULKS;014088;0;;
01871101001;006594;61802000422;COTOVELO MF 90 1 2NPT GALV;;FALTA;1;;;1;8,34;FALTA;CENTRAL;014105;0;;
01871101001;006594;61802000711;BICO RM 1/2 NPT MANG 3/8 BIC;;SEPARADO;1;;;1;26,88;SEPARADO;BULKS;014088;0;;
01871101001;006594;61802001711;BICO RM 1/2NPT MANG 5/8 BIC;;FALTA;2;;;2;26,88;FALTA;BULKS;014088;0;;
01871101001;006594;61802002711;ADP M/M 1/2”NPT X 3/4UNF BIC;;SEPARADO;1;;;1;26,88;SEPARADO;BULKS;014088;0;;
01871101001;006594;61802002811;"BICO RM 1/4""NPT MANG 5/8"" BIC";;FALTA;1;;;1;26,88;FALTA;BULKS;014088;0;;
01871101001;006594;61802002911;ADP M/F M18X1.5 X M14X1.5 BIC;;FALTA;1;;;1;26,88;FALTA;BULKS;014088;0;;
01871101001;006594;61802008111;ADP M RESP M22;;FALTA;1;;;1;26,88;FALTA;BULKS;014088;0;;
01871101001;006594;61802014001;BICO RM 1/2 NPT MANG 5/16 BIC;;SEPARADO;1;;;1;26,88;SEPARADO;BULKS;014088;0;;
01871101001;006594;61805000222;ABRACADEIRA CRON D14-22 AC;;FALTA;2;;;2;4,15;FALTA;REI DAS MANGUEIRAS;014113;0;;
01871101001;006594;61807000301;ARR VED 10X16X1.5 AL;;SEPARADO;2;;;2;1,1;SEPARADO;CENTRAL;014015;0;;
01871101001;006594;61809000101;"VALV ESFERA F/F 1/2"" NPT";;SEPARADO;1;;;1;88,15;SEPARADO;MX;014112;0;;
01871101001;006594;61809000301;"VALV ESF BORBOLETA F/F 1/2""NPT";;SEPARADO;1;;;1;62,82;SEPARADO;MX;014112;0;;
01871101006;006594;106001500;DJ 1P 10A CURVA C 10KA S201;;FALTA;1;;;1;27,95;FALTA;ABB;014123;0,065;;
01871101006;006594;106207600;POSTE FINAL USK-2G2;;SEPARADO;3;;;3;1,02;SEPARADO;PROAUTO;014121;0,0975;;
01871101006;006594;104193600;SUPORTE IDENTIF P/ POSTE KLM-A;;SEPARADO;2;;;2;0;SEPARADO;0;000000;;;
01871101006;006594;107078500;CB COBRE NU 16MM2;;SEPARADO;0,5;;;0,5;10,2811;SEPARADO;COBREFLEX INDUSTRIA, DISTRIBUICAO E COMERCIO DE FIOS E CABOS EIRELI;000000;;;
01871101006;006594;204583100;PORTA DOCUMENTOS TASCO 71160;;FALTA;1;;;1;40,83;FALTA;TASCO;014108;0,0975;;
01871101006;006594;61640008749;TAMPA QTA USCA 5C CTZ;;SEPARADO;1;;;1;27,02;SEPARADO;GW;14125/14126/014120;0;;
01871101006;006594;106004400;DJ 3P 16A CURVA C 10KA S203;;SEPARADO;2;;;2;48,61;SEPARADO;ABB ELETRIFICACAO LTDA;000000;;;
01871101006;006594;61648042901;DJ 2P 10A SJ202 T-C10;;SEPARADO;1;;;1;35;SEPARADO;ABB ELETRIFICACAO LTDA;000000;;;
01871101006;006594;61652004801;RL AUX 40A 12VCC DNI0102;;SEPARADO;4;;;4;5,86;SEPARADO;SNAP;014090;0;;
01871101006;006594;101033600;MOD IL4-AMF8;;FALTA;1;;;1;842,74;FALTA;SERVINTEL;014089;0;;
01871101006;006594;61655002601;CARREG BAT 12/24VCC KVA PRO;;SEPARADO;1;;;1;466,33;SEPARADO;KVA;014111;0;;
01871101006;006594;61656003801;SUPORTE MODULAR BOTAO ABB;;FALTA;1;;;1;5,55;FALTA;ABB;014123;0,0975;;
01871101006;006594;61656004001;CONT NF BOTAO ABB LINHA MCB;;FALTA;1;;;1;9,33;FALTA;ABB;014123;0,0975;;
01871101006;006594;61656004701;CABECOTE BOTAO EMERGENCIA ABB;;FALTA;1;;;1;40,97;FALTA;ABB;014123;0,0975;;
01871101006;006594;61656004801;ADESIVO PARADA DE EMERGENCIA;;FÁBRICA;1;;;1;25,7;FÁBRICA;APS COMPONENTES ELETRICOS S/A;000000;;;
01871101006;006594;61659003301;TERMO RETRATIL AZUL LARG 9MM;;SEPARADO;24,3;;;24,3;2,4971;SEPARADO;ESTOQUE;000000;0;;
01871101006;006594;61660001201;TER ISOL ANEL 16MM² M8;;SEPARADO;1;;;1;16,1;SEPARADO;ROMAR ACESSORIOS INDUSTRIAIS LTDA;000000;;;
01871101006;006594;61660001301;TER ISOL ANEL 16MM² M10;;SEPARADO;1;;;1;16,39;SEPARADO;ROMAR ACESSORIOS INDUSTRIAIS LTDA;000000;;;
01871101006;006594;61660005901;BORNE DUPLO PUSH IN 4MM DDP4;;SEPARADO;7;;;7;1,9;SEPARADO;PROAUTO;014121;0,0975;;
01871101006;006594;61660006101;BORNE PUSH IN DP2.5PG-XXP;;RETIRADO;1;;;1;7,42;RETIRADO;PROAUTO;014121;0,0975;;
01871101006;006594;61660006201;JUMPER BORNE DUP 4MM DSD01402N;;SEPARADO;1;;;1;2,01;SEPARADO;PROAUTO;014121;0,0975;;
01871101006;006594;61660006501;TAMPA P/ BORNE DUP 4MM DPP4C;;SEPARADO;2;;;2;1,38;SEPARADO;PROAUTO;014121;0,0975;;
01871101006;006594;61660006601;TAMPA P/ BORNE 4MM DPES2.5C;;FALTA;1;;;1;2,06;FALTA;PROAUTO;014121;0,0975;;
01871101009;006594;107045500;"BARRA COBRE 1"" X 5/16""";;SEPARADO;0,2;;;0,2;170,9516;SEPARADO;ESTOQUE;000000;0;;
01871101010;006594;105049200;INTTRV MEC CTTR VM19;;FALTA;1;;;1;92,68;FALTA;ABB;014123;0,0975;;
01871101010;006594;105049500;CTTR 3P 160A AF116 30-11-13;;FALTA;2;;;2;756,87;FALTA;ABB;014123;0,0325;;
01871101010;006594;106088800;DJ 3P 80A S283 C80;;SEPARADO;1;;;1;0;SEPARADO;0;000000;;;
01871101010;006594;107069800;CB COBRE 10MM2 BR 200ºC 152A;;SEPARADO;1;;;1;53,25;SEPARADO;CONDUMIX COMERCIO DE MATERIAL ELETRICO LTDA;000000;;;
01871101010;006594;107010900;CB COBRE 50MM2 0,6/1KV 90 C PT;;SEPARADO;0,75;;;0,75;70,95;SEPARADO;REMO ELETRICA LTDA;000000;;;
01871101010;006594;107069800;CB COBRE 10MM2 BR 200ºC 152A;;SEPARADO;5;;;5;0;SEPARADO;CONDUMIX COMERCIO DE MATERIAL ELETRICO LTDA;000000;;;
01871101010;006594;61646009301;PROT SURTOS FRONT V 275V 45KA;;SEPARADO;4;;;4;28,6884;SEPARADO;CLAMPER;014107;0,0975;;
01871101011;006594;209001400;PERFIL BRCH U 12X6MM 1912;;SEPARADO;0,5;;;0,5;0;SEPARADO;0;000000;;;
01871101011;006594;61405001201;DOBRADICA TASCO 91591;;FALTA;3;;;3;0;FALTA;GW;14125/14126/014120;0;;
01871101011;006594;61405002801;FECHO LINGUETA YALE;;FALTA;2;;;2;0;FALTA;GW;14125/14126/014120;0;;
01871101011;006594;61635033349;TAMPA PASS CB QD QCF/QTA;;SEPARADO;1;;;1;24,125;SEPARADO;GW;14125/14126/014120;0;;
01871101011;006594;61635033949;SPT TRILHO QCF/QTA;;SEPARADO;2;;;2;24,125;SEPARADO;GW;14125/14126/014120;0;;
01871101011;006594;61640008649;GABINETE QTA 800X600X200 CTZ;;SEPARADO;1;;;1;627,25;SEPARADO;GW;14125/14126/014120;0;;
01871101012;006594;104016100;TER ISOL ANEL 6.70-10.00MM M8;;SEPARADO;4;;;4;0;SEPARADO;0;000000;;;
01871101012;006594;109013600;FITA ISOL 19MMX5M PT;;FALTA;1;;;1;10;FALTA;REI DAS MANGUEIRAS;000000;0;;
01871101012;006594;109013700;FITA ISOLANTE AUTOFUSAO - 19MMX5M PT;;FALTA;1;;;1;9,85;FALTA;REI DAS MANGUEIRAS;000000;0;;
01871101013;006594;101095500;MOD COMUNICACAO CM3-ETHERNET;;FALTA;1;;;1;995,11;FALTA;SERVINTEL;014089;0;;
01871201001;006596;101004800;SENSOR TEMP 12VCC;;SEPARADO;1;;;1;210,79;SEPARADO;POLIPECAS COMERCIAL E IMPORTADORA LTDA;000000;;;
01871201001;006596;104016100;TER ISOL ANEL 6.70-10.00MM M8;;SEPARADO;8;;;8;0;SEPARADO;0;000000;;;
01871201001;006596;107069800;CB COBRE 10MM2 BR 200ºC 152A;;SEPARADO;2,8;;;2,8;53,25;SEPARADO;CONDUMIX COMERCIO DE MATERIAL ELETRICO LTDA;000000;;;
01871201006;006596;109092400;ISOLADOR CIL 16X30 MM M6;;SEPARADO;2;;;2;26,9;SEPARADO;MX;014112;0;;
01871201001;006596;204229500;CALCO D106 X 9,53;;SEPARADO;4;;;4;33,775;SEPARADO;GW;14125/14126/014120;0;;
01871201001;006596;204576400;ADP M/F M10X1,5 X M10X1,0;;FALTA;1;;;1;26,88;FALTA;BULKS;014088;0;;
01871201001;006596;209001400;PERFIL BRCH U 12X6MM 1912;;SEPARADO;0,3;;;0,3;0;SEPARADO;0;000000;;;
01871201001;006596;210012800;ARR M10 DIN 125 BIC;;KANBAN;20;;;20;1,15;KANBAN;MX;000000;;;
01871201001;006596;30702002801;BARRA ROSCADA 6MM;;FALTA;2;;;2;24,125;FALTA;GW;14125/14126/014120;0;;
01871201001;006596;31601193601NE;BOTAO EMERGENCIA CARENAGEM 2NF;;SEPARADO;1;;;1;8548,9321;SEPARADO;SDMO  INDUSTRIES;000000;;;
01871201001;006596;31805000303;ABRACADEIRA CRON D17-27 AC;;FALTA;4;;;4;4,15;FALTA;REI DAS MANGUEIRAS;014113;0;;
01871201001;006596;31805005801;ABRACADEIRA ESCAP. MS 73-81;;SEPARADO;1;;;1;28;SEPARADO;SCAPSUL;014119;0,065;;
01871201001;006596;31807001215;JUNTA DE VEDACAO D14XD18X1,5;;FÁBRICA;1;;;1;5;FÁBRICA;CENTRAL;014105;0;;
01871201001;006596;31807001223;JUNTA DE VEDACAO D18XD24X1,5;;FÁBRICA;1;;;1;6;FÁBRICA;CENTRAL;014105;0;;
01871201001;006596;31810002505;MANGUEIRA FLEXIVEL 12X19;;KANBAN;0,6;;;0,6;102,78;KANBAN;MX;000000;;;
01871201001;006596;31810006103;MANGUEIRA FLEXIVEL 16X26;;KANBAN;0,6;;;0,6;138,6;KANBAN;MX;000000;;;
01871201001;006596;60101001401;MOTOR PERKINS 1103A-33TG1;;SEPARADO;1;;;1;25322,58;SEPARADO;SOMOV S.A;014085;0;;
01871201001;006596;60201018801;GS WEG AW10 BR180S1-H MU F3;;SEPARADO;1;;;1;10554,29;SEPARADO;WEG EQUIPAMENTOS ELETRICOS S/A;014084;0;;
01871201001;006596;60305003201;RESIST. PREAQUEC. 1000W 220V;;FALTA;1;;;1;900;FALTA;SERVINTEL;014089;0;;
01871201001;006596;60501001601;TAMPA BOC ABAST TANCLIK  A101C;;SEPARADO;1;;;1;48;SEPARADO;ITULUB;014109;0;;
01871201001;006596;60501004708;FLANGE TQ POLI RETORNO;;SEPARADO;1;;;1;72,375;SEPARADO;GW;14125/14126/014120;0;;
01871201001;006596;60501004908;TRAVA FIX 450L;;SEPARADO;2;;;2;33,775;SEPARADO;GW;14125/14126/014120;0;;
01871201001;006596;60501005501;TQ COMB 180L POLIETILENO;;FALTA;1;;;1;1563,79;FALTA;ACCURATE MACHINE USINAGEM DE PRECISAO LTDA ME                                   ;014087;0;;
01871201001;006596;60501008608;CONTRA FLANGE TQ POLIETILENO;;SEPARADO;2;;;2;33,775;SEPARADO;GW;14125/14126/014120;0;;
01871201001;006596;60501010308;FLANGE TQ 200L POLI ABAST KVA;;SEPARADO;1;;;1;33,775;SEPARADO;GW;14125/14126/014120;0;;
01871201001;006596;60501010708;BOCAL ENCHIMENTO TQ TANCLICK;;FALTA;1;;;1;145;FALTA;AÇO FORT;000000;0;;
01871201001;006596;60702003501;BATERIA 12V 70AH 510CCA KONDOR;;FALTA;1;;;1;450;FALTA;JMS;014110;0;;
01871201001;006596;60702005608;SPT BAT 70AH SMART I;;SEPARADO;1;;;1;96,5;SEPARADO;GW;14125/14126/014120;0;;
01871201001;006596;60702005608;SPT BAT 70AH SMART I;;SEPARADO;1;;;1;96,5;SEPARADO;GW;14125/14126/014120;0;;
01871201001;006596;61401016249NE;CARENAGEM SMART I ;;SEPARADO;1;;;1;3377,5;SEPARADO;GW;14125/14126/014120;0;;
01871201001;006596;60901012816;SILENCIOSO 29DBA CRN KSE105;;SEPARADO;1;;;1;1363,04;SEPARADO;SCAPSUL;014119;0,065;;
01871201001;006596;60901024616;CURVA FLEX PK1103T KSE105 VS;;SEPARADO;1;;;1;772,34;SEPARADO;SCAPSUL;014119;0,065;;
01871201001;006596;61101000501;SENSOR PR OLEO 3RHO 7704;;SEPARADO;1;;;1;209,6;SEPARADO;MX;014112;0;;
01871201001;006596;61101001301;SENS NV COMB ULTRAS K40LSR;;SEPARADO;1;;;1;441;SEPARADO;KVA;014111;0;;
01871201001;006596;61103000100;"BOIA MEC FV34-75-PP130 3/4""BSP";;FALTA;1;;;1;900;FALTA;SANTAE;014114;0,0325;;
01871201001;006596;61301014708;BASE SMART I PK;;SEPARADO;1;;;1;965;SEPARADO;GW;14125/14126/014120;0;;
01871201001;006596;61303000101;AMT VIBRA-STOP XT2000 M12;;FALTA;4;;;4;103,7;FALTA;VIBRA-STOP;014117;0;;
01871201001;006596;61307015508;SPT MOT PK/FPT SMART I E II;;SEPARADO;1;;;1;241,25;SEPARADO;GW;14125/14126/014120;0;;
01871201001;006596;61307015608;SPT ALT WEG SMART I E II;;SEPARADO;1;;;1;241,25;SEPARADO;GW;14125/14126/014120;0;;
01871201001;006596;61402046608;FECH RAD SMART I PK1103A;;SEPARADO;1;;;1;731,47;SEPARADO;GW;14125/14126/014120;0;;
01871201001;006596;61405001101;BATENTE DE BORRACHA CONICO;;SEPARADO;3;;;3;6,4;SEPARADO;ML;000000;0;;
01871201001;006596;61601008708;SPT ESQ QCF/QTA SMART I E II;;SEPARADO;1;;;1;33,775;SEPARADO;GW;14125/14126/014120;0;;
01871201001;006596;61601008808;SPT DIR QCF/QTA SMART I E II;;SEPARADO;1;;;1;33,775;SEPARADO;GW;14125/14126/014120;0;;
01871201006;006596;61635033549;TAMPA DJ MAN ABB QCF/QTA A0/A2;;SEPARADO;1;;;1;24,125;SEPARADO;GW;14125/14126/014120;0;;
01871201006;006596;61640008851;SPT DJ ABB A0/A2 QCF/QTA;;SEPARADO;1;;;1;33,775;SEPARADO;GW;14125/14126/014120;0;;
01871201006;006596;61647041501;DCM 3P FX 160A A2A TMF;;SEPARADO;1;;;1;313,24;SEPARADO;ABB;014123;0,065;;
01871201001;006596;61648042801;DJ 3P 10A SJ203 T-C10;;RETIRADO;1;;;1;48,61;RETIRADO;#N/D;000000;;;
01871201001;006596;61652004801;RL AUX 40A 12VCC DNI0102;;SEPARADO;2;;;2;5,86;SEPARADO;SNAP;014090;0;;
01871201006;006596;61653004801;TC SASSI 250-5A ST-42;;SEPARADO;3;;;3;91;SEPARADO;SASSI;014115;0,065;;
01871201006;006596;61656004001;CONT NF BOTAO ABB LINHA MCB;;FALTA;2;;;2;9,33;FALTA;ABB;014123;0,0975;;
01871201006;006596;61659003401;PROT PLC A2 QTA SMART ELETRONET;;SEPARADO;1;;;1;78,83870968;SEPARADO;EMPORIO DO ACRILICO;014124;0;;
01871201001;006596;61801002001;PF DIN912 M10X40 12.9 PT;;SEPARADO;12;;;12;5,58;SEPARADO;MULT TEMPERA COAT TECNOLOGIA EM TRATAMENTO TERMICO E REVESTIMENTOS SUPERFICIAIS;000000;;;
01871201001;006596;61801002101;"PF DIN912 3/8""UNFX1"" 12.9 PT";;SEPARADO;8;;;8;5,11;SEPARADO;MULT TEMPERA COAT TECNOLOGIA EM TRATAMENTO TERMICO E REVESTIMENTOS SUPERFICIAIS;000000;;;
01871201001;006596;61801002201;ARR M10 DIN 127 BIC;;KANBAN;20;;;20;0,85;KANBAN;CENTRAL;000000;0;;
01871201001;006596;61802000111;"BICO RM 1/2""NPT MANG 1/2"" BIC";;FALTA;2;;;2;26,88;FALTA;BULKS;014088;0;;
01871201001;006596;61802000311;BICO RM 1/2 POL.NPT FM16 MANG;;FALTA;1;;;1;26,88;FALTA;BULKS;014088;0;;
01871201001;006596;61802000422;COTOVELO MF 90 1 2NPT GALV;;FALTA;1;;;1;8,34;FALTA;CENTRAL;014105;0;;
01871201001;006596;61802000711;BICO RM 1/2 NPT MANG 3/8 BIC;;SEPARADO;1;;;1;26,88;SEPARADO;BULKS;014088;0;;
01871201001;006596;61802001711;BICO RM 1/2NPT MANG 5/8 BIC;;FALTA;2;;;2;26,88;FALTA;BULKS;014088;0;;
01871201001;006596;61802002711;ADP M/M 1/2”NPT X 3/4UNF BIC;;SEPARADO;1;;;1;26,88;SEPARADO;BULKS;014088;0;;
01871201001;006596;61802002811;"BICO RM 1/4""NPT MANG 5/8"" BIC";;FALTA;1;;;1;26,88;FALTA;BULKS;014088;0;;
01871201001;006596;61802002911;ADP M/F M18X1.5 X M14X1.5 BIC;;FALTA;1;;;1;26,88;FALTA;BULKS;014088;0;;
01871201001;006596;61802008111;ADP M RESP M22;;FALTA;1;;;1;26,88;FALTA;BULKS;014088;0;;
01871201001;006596;61802014001;BICO RM 1/2 NPT MANG 5/16 BIC;;SEPARADO;1;;;1;26,88;SEPARADO;BULKS;014088;0;;
01871201001;006596;61805000222;ABRACADEIRA CRON D14-22 AC;;FALTA;2;;;2;4,15;FALTA;REI DAS MANGUEIRAS;014113;0;;
01871201001;006596;61807000301;ARR VED 10X16X1.5 AL;;SEPARADO;2;;;2;1,1;SEPARADO;CENTRAL;014105;0;;
01871201001;006596;61809000101;"VALV ESFERA F/F 1/2"" NPT";;FALTA;1;;;1;88,15;FALTA;MX;014112;0;;
01871201001;006596;61809000301;"VALV ESF BORBOLETA F/F 1/2""NPT";;SEPARADO;1;;;1;62,82;SEPARADO;MX;014112;0;;
01871201006;006596;106001500;DJ 1P 10A CURVA C 10KA S201;;FALTA;1;;;1;27,95;FALTA;ABB;014123;0,065;;
01871201006;006596;106207600;POSTE FINAL USK-2G2;;SEPARADO;3;;;3;1,02;SEPARADO;PROAUTO;014121;0,0975;;
01871201006;006596;104193600;SUPORTE IDENTIF P/ POSTE KLM-A;;SEPARADO;2;;;2;0;SEPARADO;0;000000;;;
01871201006;006596;107078500;CB COBRE NU 16MM2;;SEPARADO;0,5;;;0,5;10,2811;SEPARADO;COBREFLEX INDUSTRIA, DISTRIBUICAO E COMERCIO DE FIOS E CABOS EIRELI;000000;;;
01871201006;006596;204583100;PORTA DOCUMENTOS TASCO 71160;;FALTA;1;;;1;40,83;FALTA;TASCO;014108;0,0975;;
01871201006;006596;61640008749;TAMPA QTA USCA 5C CTZ;;SEPARADO;1;;;1;27,02;SEPARADO;GW;14125/14126/014120;0;;
01871201006;006596;106004400;DJ 3P 16A CURVA C 10KA S203;;SEPARADO;2;;;2;48,61;SEPARADO;ABB ELETRIFICACAO LTDA;000000;;;
01871201006;006596;61648042901;DJ 2P 10A SJ202 T-C10;;SEPARADO;1;;;1;35;SEPARADO;ABB ELETRIFICACAO LTDA;000000;;;
01871201006;006596;61652004801;RL AUX 40A 12VCC DNI0102;;SEPARADO;4;;;4;5,86;SEPARADO;SNAP;014090;0;;
01871201006;006596;101033600;MOD IL4-AMF8;;FALTA;1;;;1;842,74;FALTA;SERVINTEL;014089;0;;
01871201006;006596;61655002601;CARREG BAT 12/24VCC KVA PRO;;SEPARADO;1;;;1;466,33;SEPARADO;KVA;014111;0;;
01871201006;006596;61656003801;SUPORTE MODULAR BOTAO ABB;;FALTA;1;;;1;5,55;FALTA;ABB;014123;0,0975;;
01871201006;006596;61656004001;CONT NF BOTAO ABB LINHA MCB;;FALTA;1;;;1;9,33;FALTA;ABB;014123;0,0975;;
01871201006;006596;61656004701;CABECOTE BOTAO EMERGENCIA ABB;;FALTA;1;;;1;40,97;FALTA;ABB;014123;0,0975;;
01871201006;006596;61656004801;ADESIVO PARADA DE EMERGENCIA;;FÁBRICA;1;;;1;25,7;FÁBRICA;APS COMPONENTES ELETRICOS S/A;000000;;;
01871201006;006596;61659003301;TERMO RETRATIL AZUL LARG 9MM;;SEPARADO;24,3;;;24,3;2,4971;SEPARADO;ESTOQUE;000000;0;;
01871201006;006596;61660001201;TER ISOL ANEL 16MM² M8;;SEPARADO;1;;;1;16,1;SEPARADO;ROMAR ACESSORIOS INDUSTRIAIS LTDA;000000;;;
01871201006;006596;61660001301;TER ISOL ANEL 16MM² M10;;SEPARADO;1;;;1;16,39;SEPARADO;ROMAR ACESSORIOS INDUSTRIAIS LTDA;000000;;;
01871201006;006596;61660005901;BORNE DUPLO PUSH IN 4MM DDP4;;SEPARADO;7;;;7;1,9;SEPARADO;PROAUTO;014121;0,0975;;
01871201006;006596;61660006101;BORNE PUSH IN DP2.5PG-XXP;;RETIRADO;1;;;1;7,42;RETIRADO;PROAUTO;014121;0,0975;;
01871201006;006596;61660006201;JUMPER BORNE DUP 4MM DSD01402N;;SEPARADO;1;;;1;2,01;SEPARADO;PROAUTO;014121;0,0975;;
01871201006;006596;61660006501;TAMPA P/ BORNE DUP 4MM DPP4C;;SEPARADO;2;;;2;1,38;SEPARADO;PROAUTO;014121;0,0975;;
01871201006;006596;61660006601;TAMPA P/ BORNE 4MM DPES2.5C;;FALTA;1;;;1;2,06;FALTA;PROAUTO;014121;0,0975;;
01871201009;006596;107045500;"BARRA COBRE 1"" X 5/16""";;SEPARADO;0,2;;;0,2;170,9516;SEPARADO;ESTOQUE;000000;0;;
01871201010;006596;105049200;INTTRV MEC CTTR VM19;;FALTA;1;;;1;92,68;FALTA;ABB;014123;0,0975;;
01871201010;006596;105049500;CTTR 3P 160A AF116 30-11-13;;FALTA;2;;;2;756,87;FALTA;ABB;014123;0,0325;;
01871201010;006596;106088800;DJ 3P 80A S283 C80;;SEPARADO;1;;;1;0;SEPARADO;0;000000;;;
01871201010;006596;107069800;CB COBRE 10MM2 BR 200ºC 152A;;SEPARADO;1;;;1;53,25;SEPARADO;CONDUMIX COMERCIO DE MATERIAL ELETRICO LTDA;000000;;;
01871201010;006596;107010900;CB COBRE 50MM2 0,6/1KV 90 C PT;;SEPARADO;0,75;;;0,75;70,95;SEPARADO;REMO ELETRICA LTDA;000000;;;
01871201010;006596;107069800;CB COBRE 10MM2 BR 200ºC 152A;;SEPARADO;5;;;5;0;SEPARADO;CONDUMIX COMERCIO DE MATERIAL ELETRICO LTDA;000000;;;
01871201010;006596;61646009301;PROT SURTOS FRONT V 275V 45KA;;SEPARADO;4;;;4;28,6884;SEPARADO;CLAMPER;014107;0,0975;;
01871201011;006596;209001400;PERFIL BRCH U 12X6MM 1912;;SEPARADO;0,5;;;0,5;0;SEPARADO;0;000000;;;
01871201011;006596;61405001201;DOBRADICA TASCO 91591;;FALTA;3;;;3;0;FALTA;GW;14125/14126/014120;0;;
01871201011;006596;61405002801;FECHO LINGUETA YALE;;FALTA;2;;;2;0;FALTA;GW;14125/14126/014120;0;;
01871201011;006596;61635033349;TAMPA PASS CB QD QCF/QTA;;SEPARADO;1;;;1;24,125;SEPARADO;GW;14125/14126/014120;0;;
01871201011;006596;61635033949;SPT TRILHO QCF/QTA;;SEPARADO;2;;;2;24,125;SEPARADO;GW;14125/14126/014120;0;;
01871201011;006596;61640008649;GABINETE QTA 800X600X200 CTZ;;SEPARADO;1;;;1;627,25;SEPARADO;GW;14125/14126/014120;0;;
01871201012;006596;104016100;TER ISOL ANEL 6.70-10.00MM M8;;SEPARADO;4;;;4;0;SEPARADO;0;000000;;;
01871201012;006596;109013600;FITA ISOL 19MMX5M PT;;FALTA;1;;;1;10;FALTA;REI DAS MANGUEIRAS;000000;0;;
01871201012;006596;109013700;FITA ISOLANTE AUTOFUSAO - 19MMX5M PT;;FALTA;1;;;1;9,85;FALTA;REI DAS MANGUEIRAS;000000;0;;
01871201013;006596;101095500;MOD COMUNICACAO CM3-ETHERNET;;FALTA;1;;;1;995,11;FALTA;SERVINTEL;014089;0;;
01871301001;006598;101004800;SENSOR TEMP 12VCC;;SEPARADO;1;;;1;210,79;SEPARADO;POLIPECAS COMERCIAL E IMPORTADORA LTDA;000000;;;
01871301001;006598;104016100;TER ISOL ANEL 6.70-10.00MM M8;;SEPARADO;8;;;8;0;SEPARADO;0;000000;;;
01871301001;006598;107069800;CB COBRE 10MM2 BR 200ºC 152A;;SEPARADO;2,8;;;2,8;53,25;SEPARADO;CONDUMIX COMERCIO DE MATERIAL ELETRICO LTDA;000000;;;
01871301001;006598;109092400;ISOLADOR CIL 16X30 MM M6;;SEPARADO;2;;;2;26,9;SEPARADO;MX;014112;0;;
01871301001;006598;204229500;CALCO D106 X 9,53;;SEPARADO;4;;;4;33,775;SEPARADO;GW;14125/14126/014120;0;;
01871301001;006598;204576400;ADP M/F M10X1,5 X M10X1,0;;FALTA;1;;;1;26,88;FALTA;BULKS;014088;0;;
01871301001;006598;209001400;PERFIL BRCH U 12X6MM 1912;;SEPARADO;0,3;;;0,3;0;SEPARADO;0;000000;;;
01871301001;006598;210012800;ARR M10 DIN 125 BIC;;KANBAN;20;;;20;1,15;KANBAN;MX;000000;;;
01871301001;006598;30702002801;BARRA ROSCADA 6MM;;FALTA;2;;;2;24,125;FALTA;GW;14125/14126/014120;0;;
01871301001;006598;31601193601NE;BOTAO EMERGENCIA CARENAGEM 2NF;;SEPARADO;1;;;1;8548,9321;SEPARADO;SDMO  INDUSTRIES;000000;;;
01871301001;006598;31805000303;ABRACADEIRA CRON D17-27 AC;;FALTA;4;;;4;4,15;FALTA;REI DAS MANGUEIRAS;014113;0;;
01871301001;006598;31805005801;ABRACADEIRA ESCAP. MS 73-81;;SEPARADO;1;;;1;28;SEPARADO;SCAPSUL;014119;0,065;;
01871301001;006598;31807001215;JUNTA DE VEDACAO D14XD18X1,5;;FÁBRICA;1;;;1;5;FÁBRICA;CENTRAL;014105;0;;
01871301001;006598;31807001223;JUNTA DE VEDACAO D18XD24X1,5;;FÁBRICA;1;;;1;6;FÁBRICA;CENTRAL;014105;0;;
01871301001;006598;31810002505;MANGUEIRA FLEXIVEL 12X19;;KANBAN;0,6;;;0,6;102,78;KANBAN;MX;000000;;;
01871301001;006598;31810006103;MANGUEIRA FLEXIVEL 16X26;;KANBAN;0,6;;;0,6;138,6;KANBAN;MX;000000;;;
01871301001;006598;60101001401;MOTOR PERKINS 1103A-33TG1;;SEPARADO;1;;;1;25322,58;SEPARADO;SOMOV S.A;014085;0;;
01871301001;006598;60201018801;GS WEG AW10 BR180S1-H MU F3;;SEPARADO;1;;;1;10554,29;SEPARADO;WEG EQUIPAMENTOS ELETRICOS S/A;014084;0;;
01871301001;006598;60305003201;RESIST. PREAQUEC. 1000W 220V;;FALTA;1;;;1;900;FALTA;SERVINTEL;014089;0;;
01871301001;006598;60501001601;TAMPA BOC ABAST TANCLIK  A101C;;SEPARADO;1;;;1;48;SEPARADO;ITULUB;014109;0;;
01871301001;006598;60501004708;FLANGE TQ POLI RETORNO;;SEPARADO;1;;;1;72,375;SEPARADO;GW;14125/14126/014120;0;;
01871301001;006598;60501004908;TRAVA FIX 450L;;SEPARADO;2;;;2;33,775;SEPARADO;GW;14125/14126/014120;0;;
01871301001;006598;60501005501;TQ COMB 180L POLIETILENO;;FALTA;1;;;1;1563,79;FALTA;ACCURATE MACHINE USINAGEM DE PRECISAO LTDA ME                                   ;014087;0;;
01871301001;006598;60501008608;CONTRA FLANGE TQ POLIETILENO;;SEPARADO;2;;;2;33,775;SEPARADO;GW;14125/14126/014120;0;;
01871301001;006598;60501010308;FLANGE TQ 200L POLI ABAST KVA;;SEPARADO;1;;;1;33,775;SEPARADO;GW;14125/14126/014120;0;;
01871301001;006598;60501010708;BOCAL ENCHIMENTO TQ TANCLICK;;FALTA;1;;;1;145;FALTA;AÇO FORT;000000;0;;
01871301001;006598;60702003501;BATERIA 12V 70AH 510CCA KONDOR;;FALTA;1;;;1;450;FALTA;JMS;014110;0;;
01871301001;006598;60702005608;SPT BAT 70AH SMART I;;SEPARADO;1;;;1;96,5;SEPARADO;GW;14125/14126/014120;0;;
01871301001;006598;60702006008;SPT FIX BAT 100AH SMART;;SEPARADO;1;;;1;91,675;SEPARADO;GW;14125/14126/014120;0;;
01871301001;006598;61401016249NE;CARENAGEM SMART I ;;FALTA;1;;;1;3377,5;FALTA;GW;14125/14126/014120;0;;
01871301001;006598;60901012816;SILENCIOSO 29DBA CRN KSE105;;SEPARADO;1;;;1;1363,04;SEPARADO;SCAPSUL;014119;0,065;;
01871301001;006598;60901024616;CURVA FLEX PK1103T KSE105 VS;;SEPARADO;1;;;1;772,34;SEPARADO;SCAPSUL;014119;0,065;;
01871301001;006598;61101000501;SENSOR PR OLEO 3RHO 7704;;SEPARADO;1;;;1;209,6;SEPARADO;MX;014112;0;;
01871301001;006598;61101001301;SENS NV COMB ULTRAS K40LSR;;SEPARADO;1;;;1;441;SEPARADO;KVA;014111;0;;
01871301001;006598;61103000100;"BOIA MEC FV34-75-PP130 3/4""BSP";;FALTA;1;;;1;900;FALTA;SANTAE;014114;0,0325;;
01871301001;006598;61301014708;BASE SMART I PK;;FALTA;1;;;1;965;FALTA;GW;14125/14126/014120;0;;
01871301001;006598;61303000101;AMT VIBRA-STOP XT2000 M12;;FALTA;4;;;4;103,7;FALTA;VIBRA-STOP;014117;0;;
01871301001;006598;61307015508;SPT MOT PK/FPT SMART I E II;;SEPARADO;1;;;1;241,25;SEPARADO;GW;14125/14126/014120;0;;
01871301001;006598;61307015608;SPT ALT WEG SMART I E II;;SEPARADO;1;;;1;241,25;SEPARADO;GW;14125/14126/014120;0;;
01871301001;006598;61402046608;FECH RAD SMART I PK1103A;;SEPARADO;1;;;1;731,47;SEPARADO;GW;14125/14126/014120;0;;
01871301001;006598;61405001101;BATENTE DE BORRACHA CONICO;;SEPARADO;3;;;3;6,4;SEPARADO;ML;000000;0;;
01871301001;006598;61601008708;SPT ESQ QCF/QTA SMART I E II;;SEPARADO;1;;;1;33,775;SEPARADO;GW;14125/14126/014120;0;;
01871301001;006598;61601008808;SPT DIR QCF/QTA SMART I E II;;SEPARADO;1;;;1;33,775;SEPARADO;GW;14125/14126/014120;0;;
01871301001;006598;61635033549;TAMPA DJ MAN ABB QCF/QTA A0/A2;;SEPARADO;1;;;1;24,125;SEPARADO;GW;14125/14126/014120;0;;
01871301001;006598;61640008851;SPT DJ ABB A0/A2 QCF/QTA;;SEPARADO;1;;;1;33,775;SEPARADO;GW;14125/14126/014120;0;;
01871301001;006598;61647041501;DCM 3P FX 160A A2A TMF;;SEPARADO;1;;;1;313,24;SEPARADO;ABB;014123;0,065;;
01871301001;006598;61648042801;DJ 3P 10A SJ203 T-C10;;RETIRADO;1;;;1;48,61;RETIRADO;#N/D;000000;;;
01871301001;006598;61652004801;RL AUX 40A 12VCC DNI0102;;SEPARADO;2;;;2;5,86;SEPARADO;SNAP;014090;0;;
01871301001;006598;61653004801;TC SASSI 250-5A ST-42;;SEPARADO;3;;;3;91;SEPARADO;SASSI;014115;0,065;;
01871301001;006598;61656004001;CONT NF BOTAO ABB LINHA MCB;;FALTA;2;;;2;9,33;FALTA;ABB;014123;0,0975;;
01871301001;006598;61659003401;PROT PLC A2 QTA SMART ELETRONET;;SEPARADO;1;;;1;78,83870968;SEPARADO;EMPORIO DO ACRILICO;014124;0;;
01871301001;006598;61801002001;PF DIN912 M10X40 12.9 PT;;SEPARADO;12;;;12;5,58;SEPARADO;MULT TEMPERA COAT TECNOLOGIA EM TRATAMENTO TERMICO E REVESTIMENTOS SUPERFICIAIS;000000;;;
01871301001;006598;61801002101;"PF DIN912 3/8""UNFX1"" 12.9 PT";;SEPARADO;8;;;8;5,11;SEPARADO;MULT TEMPERA COAT TECNOLOGIA EM TRATAMENTO TERMICO E REVESTIMENTOS SUPERFICIAIS;000000;;;
01871301001;006598;61801002201;ARR M10 DIN 127 BIC;;KANBAN;20;;;20;0,85;KANBAN;CENTRAL;000000;0;;
01871301001;006598;61802000111;"BICO RM 1/2""NPT MANG 1/2"" BIC";;FALTA;2;;;2;26,88;FALTA;BULKS;014088;0;;
01871301001;006598;61802000311;BICO RM 1/2 POL.NPT FM16 MANG;;FALTA;1;;;1;26,88;FALTA;BULKS;014088;0;;
01871301001;006598;61802000422;COTOVELO MF 90 1 2NPT GALV;;FALTA;1;;;1;8,34;FALTA;CENTRAL;014105;0;;
01871301001;006598;61802000711;BICO RM 1/2 NPT MANG 3/8 BIC;;SEPARADO;1;;;1;26,88;SEPARADO;BULKS;014088;0;;
01871301001;006598;61802001711;BICO RM 1/2NPT MANG 5/8 BIC;;FALTA;2;;;2;26,88;FALTA;BULKS;014088;0;;
01871301001;006598;61802002711;ADP M/M 1/2”NPT X 3/4UNF BIC;;SEPARADO;1;;;1;26,88;SEPARADO;BULKS;014088;0;;
01871301001;006598;61802002811;"BICO RM 1/4""NPT MANG 5/8"" BIC";;FALTA;1;;;1;26,88;FALTA;BULKS;014088;0;;
01871301001;006598;61802002911;ADP M/F M18X1.5 X M14X1.5 BIC;;FALTA;1;;;1;26,88;FALTA;BULKS;014088;0;;
01871301001;006598;61802008111;ADP M RESP M22;;FALTA;1;;;1;26,88;FALTA;BULKS;014088;0;;
01871301001;006598;61802014001;BICO RM 1/2 NPT MANG 5/16 BIC;;SEPARADO;1;;;1;26,88;SEPARADO;BULKS;014088;0;;
01871301001;006598;61805000222;ABRACADEIRA CRON D14-22 AC;;FALTA;2;;;2;4,15;FALTA;REI DAS MANGUEIRAS;014113;0;;
01871301001;006598;61807000301;ARR VED 10X16X1.5 AL;;FALTA;2;;;2;1,1;FALTA;CENTRAL;014105;0;;
01871301001;006598;61809000101;"VALV ESFERA F/F 1/2"" NPT";;FALTA;1;;;1;88,15;FALTA;MX;014112;0;;
01871301001;006598;61809000301;"VALV ESF BORBOLETA F/F 1/2""NPT";;SEPARADO;1;;;1;62,82;SEPARADO;MX;014112;0;;
01871301006;006598;106001500;DJ 1P 10A CURVA C 10KA S201;;FALTA;1;;;1;27,95;FALTA;ABB;014123;0,065;;
01871301006;006598;106207600;POSTE FINAL USK-2G2;;SEPARADO;3;;;3;1,02;SEPARADO;PROAUTO;014121;0,0975;;
01871301006;006598;104193600;SUPORTE IDENTIF P/ POSTE KLM-A;;SEPARADO;2;;;2;0;SEPARADO;0;000000;;;
01871301006;006598;107078500;CB COBRE NU 16MM2;;SEPARADO;0,5;;;0,5;10,2811;SEPARADO;COBREFLEX INDUSTRIA, DISTRIBUICAO E COMERCIO DE FIOS E CABOS EIRELI;000000;;;
01871301006;006598;204583100;PORTA DOCUMENTOS TASCO 71160;;FALTA;1;;;1;40,83;FALTA;TASCO;014108;0,0975;;
01871301006;006598;61640008749;TAMPA QTA USCA 5C CTZ;;SEPARADO;1;;;1;27,02;SEPARADO;GW;14125/14126/014120;0;;
01871301006;006598;106004400;DJ 3P 16A CURVA C 10KA S203;;SEPARADO;2;;;2;48,61;SEPARADO;ABB ELETRIFICACAO LTDA;000000;;;
01871301006;006598;61648042901;DJ 2P 10A SJ202 T-C10;;SEPARADO;1;;;1;35;SEPARADO;ABB ELETRIFICACAO LTDA;000000;;;
01871301006;006598;61652004801;RL AUX 40A 12VCC DNI0102;;SEPARADO;4;;;4;5,86;SEPARADO;SNAP;014090;0;;
01871301006;006598;101033600;MOD IL4-AMF8;;FALTA;1;;;1;842,74;FALTA;SERVINTEL;014089;0;;
01871301006;006598;61655002601;CARREG BAT 12/24VCC KVA PRO;;SEPARADO;1;;;1;466,33;SEPARADO;KVA;014111;0;;
01871301006;006598;61656003801;SUPORTE MODULAR BOTAO ABB;;FALTA;1;;;1;5,55;FALTA;ABB;014123;0,0975;;
01871301006;006598;61656004001;CONT NF BOTAO ABB LINHA MCB;;FALTA;1;;;1;9,33;FALTA;ABB;014123;0,0975;;
01871301006;006598;61656004701;CABECOTE BOTAO EMERGENCIA ABB;;FALTA;1;;;1;40,97;FALTA;ABB;014123;0,0975;;
01871301006;006598;61656004801;ADESIVO PARADA DE EMERGENCIA;;FÁBRICA;1;;;1;25,7;FÁBRICA;APS COMPONENTES ELETRICOS S/A;000000;;;
01871301006;006598;61659003301;TERMO RETRATIL AZUL LARG 9MM;;SEPARADO;24,3;;;24,3;2,4971;SEPARADO;ESTOQUE;000000;0;;
01871301006;006598;61660001201;TER ISOL ANEL 16MM² M8;;SEPARADO;1;;;1;16,1;SEPARADO;ROMAR ACESSORIOS INDUSTRIAIS LTDA;000000;;;
01871301006;006598;61660001301;TER ISOL ANEL 16MM² M10;;SEPARADO;1;;;1;16,39;SEPARADO;ROMAR ACESSORIOS INDUSTRIAIS LTDA;000000;;;
01871301006;006598;61660005901;BORNE DUPLO PUSH IN 4MM DDP4;;SEPARADO;7;;;7;1,9;SEPARADO;PROAUTO;014121;0,0975;;
01871301006;006598;61660006101;BORNE PUSH IN DP2.5PG-XXP;;RETIRADO;1;;;1;7,42;RETIRADO;PROAUTO;014121;0,0975;;
01871301006;006598;61660006201;JUMPER BORNE DUP 4MM DSD01402N;;SEPARADO;1;;;1;2,01;SEPARADO;PROAUTO;014121;0,0975;;
01871301006;006598;61660006501;TAMPA P/ BORNE DUP 4MM DPP4C;;SEPARADO;2;;;2;1,38;SEPARADO;PROAUTO;014121;0,0975;;
01871301006;006598;61660006601;TAMPA P/ BORNE 4MM DPES2.5C;;FALTA;1;;;1;2,06;FALTA;PROAUTO;014121;0,0975;;
01871301009;006598;107045500;"BARRA COBRE 1"" X 5/16""";;SEPARADO;0,2;;;0,2;170,9516;SEPARADO;ESTOQUE;000000;0;;
01871301010;006598;105049200;INTTRV MEC CTTR VM19;;FALTA;1;;;1;92,68;FALTA;ABB;014123;0,0975;;
01871301010;006598;105049500;CTTR 3P 160A AF116 30-11-13;;FALTA;2;;;2;756,87;FALTA;ABB;014123;0,0325;;
01871301010;006598;106088800;DJ 3P 80A S283 C80;;SEPARADO;1;;;1;0;SEPARADO;0;000000;;;
01871301010;006598;107069800;CB COBRE 10MM2 BR 200ºC 152A;;SEPARADO;1;;;1;53,25;SEPARADO;CONDUMIX COMERCIO DE MATERIAL ELETRICO LTDA;000000;;;
01871301010;006598;107010900;CB COBRE 50MM2 0,6/1KV 90 C PT;;SEPARADO;0,75;;;0,75;70,95;SEPARADO;REMO ELETRICA LTDA;000000;;;
01871301010;006598;107069800;CB COBRE 10MM2 BR 200ºC 152A;;SEPARADO;5;;;5;0;SEPARADO;CONDUMIX COMERCIO DE MATERIAL ELETRICO LTDA;000000;;;
01871301010;006598;61646009301;PROT SURTOS FRONT V 275V 45KA;;SEPARADO;4;;;4;28,6884;SEPARADO;CLAMPER;014107;0,0975;;
01871301011;006598;209001400;PERFIL BRCH U 12X6MM 1912;;SEPARADO;0,5;;;0,5;0;SEPARADO;0;000000;;;
01871301011;006598;61405001201;DOBRADICA TASCO 91591;;FALTA;3;;;3;0;FALTA;GW;14125/14126/014120;0;;
01871301011;006598;61405002801;FECHO LINGUETA YALE;;FALTA;2;;;2;0;FALTA;GW;14125/14126/014120;0;;
01871301011;006598;61635033349;TAMPA PASS CB QD QCF/QTA;;SEPARADO;1;;;1;24,125;SEPARADO;GW;14125/14126/014120;0;;
01871301011;006598;61635033949;SPT TRILHO QCF/QTA;;SEPARADO;2;;;2;24,125;SEPARADO;GW;14125/14126/014120;0;;
01871301011;006598;61640008649;GABINETE QTA 800X600X200 CTZ;;SEPARADO;1;;;1;627,25;SEPARADO;GW;14125/14126/014120;0;;
01871301012;006598;104016100;TER ISOL ANEL 6.70-10.00MM M8;;SEPARADO;4;;;4;0;SEPARADO;0;000000;;;
01871301012;006598;109013600;FITA ISOL 19MMX5M PT;;FALTA;1;;;1;10;FALTA;REI DAS MANGUEIRAS;000000;0;;
01871301012;006598;109013700;FITA ISOLANTE AUTOFUSAO - 19MMX5M PT;;FALTA;1;;;1;9,85;FALTA;REI DAS MANGUEIRAS;000000;0;;
01871301013;006598;101095500;MOD COMUNICACAO CM3-ETHERNET;;FALTA;1;;;1;995,11;FALTA;SERVINTEL;014089;0;;
01871401001;006600;101004800;SENSOR TEMP 12VCC;;SEPARADO;1;;;1;210,79;SEPARADO;POLIPECAS COMERCIAL E IMPORTADORA LTDA;000000;;;
01871401001;006600;104016100;TER ISOL ANEL 6.70-10.00MM M8;;SEPARADO;8;;;8;0;SEPARADO;0;000000;;;
01871401001;006600;107069800;CB COBRE 10MM2 BR 200ºC 152A;;SEPARADO;2,8;;;2,8;53,25;SEPARADO;CONDUMIX COMERCIO DE MATERIAL ELETRICO LTDA;000000;;;
01871401006;006600;109092400;ISOLADOR CIL 16X30 MM M6;;SEPARADO;2;;;2;26,9;SEPARADO;MX;014112;0;;
01871401001;006600;204229500;CALCO D106 X 9,53;;SEPARADO;4;;;4;33,775;SEPARADO;GW;14125/14126/014120;0;;
01871401001;006600;204576400;ADP M/F M10X1,5 X M10X1,0;;FALTA;1;;;1;26,88;FALTA;BULKS;014088;0;;
01871401001;006600;209001400;PERFIL BRCH U 12X6MM 1912;;SEPARADO;0,3;;;0,3;0;SEPARADO;0;000000;;;
01871401001;006600;210012800;ARR M10 DIN 125 BIC;;KANBAN;20;;;20;1,15;KANBAN;MX;000000;;;
01871401001;006600;30702002801;BARRA ROSCADA 6MM;;FALTA;2;;;2;24,125;FALTA;GW;14125/14126/014120;0;;
01871401001;006600;31601193601NE;BOTAO EMERGENCIA CARENAGEM 2NF;;SEPARADO;1;;;1;8548,9321;SEPARADO;SDMO  INDUSTRIES;000000;;;
01871401001;006600;31805000303;ABRACADEIRA CRON D17-27 AC;;FALTA;4;;;4;4,15;FALTA;REI DAS MANGUEIRAS;014113;0;;
01871401001;006600;31805005801;ABRACADEIRA ESCAP. MS 73-81;;SEPARADO;1;;;1;28;SEPARADO;SCAPSUL;014119;0,065;;
01871401001;006600;31807001215;JUNTA DE VEDACAO D14XD18X1,5;;FÁBRICA;1;;;1;5;FÁBRICA;CENTRAL;014105;0;;
01871401001;006600;31807001223;JUNTA DE VEDACAO D18XD24X1,5;;FÁBRICA;1;;;1;6;FÁBRICA;CENTRAL;014105;0;;
01871401001;006600;31810002505;MANGUEIRA FLEXIVEL 12X19;;KANBAN;0,6;;;0,6;102,78;KANBAN;MX;000000;;;
01871401001;006600;31810006103;MANGUEIRA FLEXIVEL 16X26;;KANBAN;0,6;;;0,6;138,6;KANBAN;MX;000000;;;
01871401001;006600;60101001401;MOTOR PERKINS 1103A-33TG1;;SEPARADO;1;;;1;25322,58;SEPARADO;SOMOV S.A;014085;0;;
01871401001;006600;60201018801;GS WEG AW10 BR180S1-H MU F3;;SEPARADO;1;;;1;10554,29;SEPARADO;WEG EQUIPAMENTOS ELETRICOS S/A;014084;0;;
01871401001;006600;60305003201;RESIST. PREAQUEC. 1000W 220V;;FALTA;1;;;1;900;FALTA;SERVINTEL;014089;0;;
01871401001;006600;60501001601;TAMPA BOC ABAST TANCLIK  A101C;;SEPARADO;1;;;1;48;SEPARADO;ITULUB;014109;0;;
01871401001;006600;60501004708;FLANGE TQ POLI RETORNO;;SEPARADO;1;;;1;72,375;SEPARADO;GW;14125/14126/014120;0;;
01871401001;006600;60501004908;TRAVA FIX 450L;;SEPARADO;2;;;2;33,775;SEPARADO;GW;14125/14126/014120;0;;
01871401001;006600;60501005501;TQ COMB 180L POLIETILENO;;FALTA;1;;;1;1563,79;FALTA;ACCURATE MACHINE USINAGEM DE PRECISAO LTDA ME                                   ;014087;0;;
01871401001;006600;60501008608;CONTRA FLANGE TQ POLIETILENO;;SEPARADO;2;;;2;33,775;SEPARADO;GW;14125/14126/014120;0;;
01871401001;006600;60501010308;FLANGE TQ 200L POLI ABAST KVA;;SEPARADO;1;;;1;33,775;SEPARADO;GW;14125/14126/014120;0;;
01871401001;006600;60501010708;BOCAL ENCHIMENTO TQ TANCLICK;;FALTA;1;;;1;145;FALTA;AÇO FORT;000000;0;;
01871401001;006600;60702003501;BATERIA 12V 70AH 510CCA KONDOR;;FALTA;1;;;1;450;FALTA;JMS;014110;0;;
01871401001;006600;60702005608;SPT BAT 70AH SMART I;;SEPARADO;1;;;1;96,5;SEPARADO;GW;14125/14126/014120;0;;
01871401001;006600;60702006008;SPT FIX BAT 100AH SMART;;SEPARADO;1;;;1;91,675;SEPARADO;GW;14125/14126/014120;0;;
01871401001;006600;61401016249NE;CARENAGEM SMART I ;;FALTA;1;;;1;3377,5;FALTA;GW;14125/14126/014120;0;;
01871401001;006600;60901012816;SILENCIOSO 29DBA CRN KSE105;;SEPARADO;1;;;1;1363,04;SEPARADO;SCAPSUL;014119;0,065;;
01871401001;006600;60901024616;CURVA FLEX PK1103T KSE105 VS;;SEPARADO;1;;;1;772,34;SEPARADO;SCAPSUL;014119;0,065;;
01871401001;006600;61101000501;SENSOR PR OLEO 3RHO 7704;;SEPARADO;1;;;1;209,6;SEPARADO;MX;014112;0;;
01871401001;006600;61101001301;SENS NV COMB ULTRAS K40LSR;;SEPARADO;1;;;1;441;SEPARADO;KVA;014111;0;;
01871401001;006600;61103000100;"BOIA MEC FV34-75-PP130 3/4""BSP";;FALTA;1;;;1;900;FALTA;SANTAE;014114;0,0325;;
01871401001;006600;61301014708;BASE SMART I PK;;FALTA;1;;;1;965;FALTA;GW;14125/14126/014120;0;;
01871401001;006600;61303000101;AMT VIBRA-STOP XT2000 M12;;FALTA;4;;;4;103,7;FALTA;VIBRA-STOP;014117;0;;
01871401001;006600;61307015508;SPT MOT PK/FPT SMART I E II;;SEPARADO;1;;;1;241,25;SEPARADO;GW;14125/14126/014120;0;;
01871401001;006600;61307015608;SPT ALT WEG SMART I E II;;SEPARADO;1;;;1;241,25;SEPARADO;GW;14125/14126/014120;0;;
01871401001;006600;61402046608;FECH RAD SMART I PK1103A;;SEPARADO;1;;;1;731,47;SEPARADO;GW;14125/14126/014120;0;;
01871401001;006600;61405001101;BATENTE DE BORRACHA CONICO;;SEPARADO;3;;;3;6,4;SEPARADO;ML;000000;0;;
01871401001;006600;61601008708;SPT ESQ QCF/QTA SMART I E II;;SEPARADO;1;;;1;33,775;SEPARADO;GW;14125/14126/014120;0;;
01871401001;006600;61601008808;SPT DIR QCF/QTA SMART I E II;;SEPARADO;1;;;1;33,775;SEPARADO;GW;14125/14126/014120;0;;
01871401006;006600;61635033549;TAMPA DJ MAN ABB QCF/QTA A0/A2;;SEPARADO;1;;;1;24,125;SEPARADO;GW;14125/14126/014120;0;;
01871401006;006600;61640008851;SPT DJ ABB A0/A2 QCF/QTA;;SEPARADO;1;;;1;33,775;SEPARADO;GW;14125/14126/014120;0;;
01871401006;006600;61647041501;DCM 3P FX 160A A2A TMF;;SEPARADO;1;;;1;313,24;SEPARADO;ABB;014123;0,065;;
01871401001;006600;61648042801;DJ 3P 10A SJ203 T-C10;;RETIRADO;1;;;1;48,61;RETIRADO;#N/D;000000;;;
01871401001;006600;61652004801;RL AUX 40A 12VCC DNI0102;;SEPARADO;2;;;2;5,86;SEPARADO;SNAP;014090;0;;
01871401006;006600;61653004801;TC SASSI 250-5A ST-42;;SEPARADO;3;;;3;91;SEPARADO;SASSI;014115;0,065;;
01871401001;006600;61656004001;CONT NF BOTAO ABB LINHA MCB;;FALTA;2;;;2;9,33;FALTA;ABB;014123;0,0975;;
01871401006;006600;61659003401;PROT PLC A2 QTA SMART ELETRONET;;SEPARADO;1;;;1;78,83870968;SEPARADO;EMPORIO DO ACRILICO;014124;0;;
01871401001;006600;61801002001;PF DIN912 M10X40 12.9 PT;;SEPARADO;12;;;12;5,58;SEPARADO;MULT TEMPERA COAT TECNOLOGIA EM TRATAMENTO TERMICO E REVESTIMENTOS SUPERFICIAIS;000000;;;
01871401001;006600;61801002101;"PF DIN912 3/8""UNFX1"" 12.9 PT";;SEPARADO;8;;;8;5,11;SEPARADO;MULT TEMPERA COAT TECNOLOGIA EM TRATAMENTO TERMICO E REVESTIMENTOS SUPERFICIAIS;000000;;;
01871401001;006600;61801002201;ARR M10 DIN 127 BIC;;KANBAN;20;;;20;0,85;KANBAN;CENTRAL;000000;0;;
01871401001;006600;61802000111;"BICO RM 1/2""NPT MANG 1/2"" BIC";;FALTA;2;;;2;26,88;FALTA;BULKS;014088;0;;
01871401001;006600;61802000311;BICO RM 1/2 POL.NPT FM16 MANG;;FALTA;1;;;1;26,88;FALTA;BULKS;014088;0;;
01871401001;006600;61802000422;COTOVELO MF 90 1 2NPT GALV;;FALTA;1;;;1;8,34;FALTA;CENTRAL;014105;0;;
01871401001;006600;61802000711;BICO RM 1/2 NPT MANG 3/8 BIC;;SEPARADO;1;;;1;26,88;SEPARADO;BULKS;014088;0;;
01871401001;006600;61802001711;BICO RM 1/2NPT MANG 5/8 BIC;;FALTA;2;;;2;26,88;FALTA;BULKS;014088;0;;
01871401001;006600;61802002711;ADP M/M 1/2”NPT X 3/4UNF BIC;;SEPARADO;1;;;1;26,88;SEPARADO;BULKS;014088;0;;
01871401001;006600;61802002811;"BICO RM 1/4""NPT MANG 5/8"" BIC";;FALTA;1;;;1;26,88;FALTA;BULKS;014088;0;;
01871401001;006600;61802002911;ADP M/F M18X1.5 X M14X1.5 BIC;;FALTA;1;;;1;26,88;FALTA;BULKS;014088;0;;
01871401001;006600;61802008111;ADP M RESP M22;;FALTA;1;;;1;26,88;FALTA;BULKS;014088;0;;
01871401001;006600;61802014001;BICO RM 1/2 NPT MANG 5/16 BIC;;SEPARADO;1;;;1;26,88;SEPARADO;BULKS;014088;0;;
01871401001;006600;61805000222;ABRACADEIRA CRON D14-22 AC;;FALTA;2;;;2;4,15;FALTA;REI DAS MANGUEIRAS;014113;0;;
01871401001;006600;61807000301;ARR VED 10X16X1.5 AL;;SEPARADO;2;;;2;1,1;SEPARADO;CENTRAL;014105;0;;
01871401001;006600;61809000101;"VALV ESFERA F/F 1/2"" NPT";;FALTA;1;;;1;88,15;FALTA;MX;014112;0;;
01871401001;006600;61809000301;"VALV ESF BORBOLETA F/F 1/2""NPT";;SEPARADO;1;;;1;62,82;SEPARADO;MX;014112;0;;
01871401006;006600;106001500;DJ 1P 10A CURVA C 10KA S201;;FALTA;1;;;1;27,95;FALTA;ABB;014123;0,065;;
01871401006;006600;106207600;POSTE FINAL USK-2G2;;SEPARADO;3;;;3;1,02;SEPARADO;PROAUTO;014121;0,0975;;
01871401006;006600;104193600;SUPORTE IDENTIF P/ POSTE KLM-A;;SEPARADO;2;;;2;0;SEPARADO;0;000000;;;
01871401006;006600;107078500;CB COBRE NU 16MM2;;SEPARADO;0,5;;;0,5;10,2811;SEPARADO;COBREFLEX INDUSTRIA, DISTRIBUICAO E COMERCIO DE FIOS E CABOS EIRELI;000000;;;
01871401006;006600;204583100;PORTA DOCUMENTOS TASCO 71160;;FALTA;1;;;1;40,83;FALTA;TASCO;014108;0,0975;;
01871401006;006600;61640008749;TAMPA QTA USCA 5C CTZ;;SEPARADO;1;;;1;27,02;SEPARADO;GW;14125/14126/014120;0;;
01871401006;006600;106004400;DJ 3P 16A CURVA C 10KA S203;;SEPARADO;2;;;2;48,61;SEPARADO;ABB ELETRIFICACAO LTDA;000000;;;
01871401006;006600;61648042901;DJ 2P 10A SJ202 T-C10;;SEPARADO;1;;;1;35;SEPARADO;ABB ELETRIFICACAO LTDA;000000;;;
01871401006;006600;61652004801;RL AUX 40A 12VCC DNI0102;;SEPARADO;4;;;4;5,86;SEPARADO;SNAP;014090;0;;
01871401006;006600;101033600;MOD IL4-AMF8;;FALTA;1;;;1;842,74;FALTA;SERVINTEL;014089;0;;
01871401006;006600;61655002601;CARREG BAT 12/24VCC KVA PRO;;SEPARADO;1;;;1;466,33;SEPARADO;KVA;014111;0;;
01871401006;006600;61656003801;SUPORTE MODULAR BOTAO ABB;;FALTA;1;;;1;5,55;FALTA;ABB;014123;0,0975;;
01871401006;006600;61656004001;CONT NF BOTAO ABB LINHA MCB;;FALTA;1;;;1;9,33;FALTA;ABB;014123;0,0975;;
01871401006;006600;61656004701;CABECOTE BOTAO EMERGENCIA ABB;;FALTA;1;;;1;40,97;FALTA;ABB;014123;0,0975;;
01871401006;006600;61656004801;ADESIVO PARADA DE EMERGENCIA;;FÁBRICA;1;;;1;25,7;FÁBRICA;APS COMPONENTES ELETRICOS S/A;000000;;;
01871401006;006600;61659003301;TERMO RETRATIL AZUL LARG 9MM;;SEPARADO;24,3;;;24,3;2,4971;SEPARADO;ESTOQUE;000000;0;;
01871401006;006600;61660001201;TER ISOL ANEL 16MM² M8;;SEPARADO;1;;;1;16,1;SEPARADO;ROMAR ACESSORIOS INDUSTRIAIS LTDA;000000;;;
01871401006;006600;61660001301;TER ISOL ANEL 16MM² M10;;SEPARADO;1;;;1;16,39;SEPARADO;ROMAR ACESSORIOS INDUSTRIAIS LTDA;000000;;;
01871401006;006600;61660005901;BORNE DUPLO PUSH IN 4MM DDP4;;SEPARADO;7;;;7;1,9;SEPARADO;PROAUTO;014121;0,0975;;
01871401006;006600;61660006101;BORNE PUSH IN DP2.5PG-XXP;;RETIRADO;1;;;1;7,42;RETIRADO;PROAUTO;014121;0,0975;;
01871401006;006600;61660006201;JUMPER BORNE DUP 4MM DSD01402N;;SEPARADO;1;;;1;2,01;SEPARADO;PROAUTO;014121;0,0975;;
01871401006;006600;61660006501;TAMPA P/ BORNE DUP 4MM DPP4C;;SEPARADO;2;;;2;1,38;SEPARADO;PROAUTO;014121;0,0975;;
01871401006;006600;61660006601;TAMPA P/ BORNE 4MM DPES2.5C;;FALTA;1;;;1;2,06;FALTA;PROAUTO;014121;0,0975;;
01871401009;006600;107045500;"BARRA COBRE 1"" X 5/16""";;SEPARADO;0,2;;;0,2;170,9516;SEPARADO;ESTOQUE;000000;0;;
01871401010;006600;105049200;INTTRV MEC CTTR VM19;;FALTA;1;;;1;92,68;FALTA;ABB;014123;0,0975;;
01871401010;006600;105049500;CTTR 3P 160A AF116 30-11-13;;FALTA;2;;;2;756,87;FALTA;ABB;014123;0,0325;;
01871401010;006600;106088800;DJ 3P 80A S283 C80;;SEPARADO;1;;;1;0;SEPARADO;0;000000;;;
01871401010;006600;107069800;CB COBRE 10MM2 BR 200ºC 152A;;SEPARADO;1;;;1;53,25;SEPARADO;CONDUMIX COMERCIO DE MATERIAL ELETRICO LTDA;000000;;;
01871401010;006600;107010900;CB COBRE 50MM2 0,6/1KV 90 C PT;;SEPARADO;0,75;;;0,75;70,95;SEPARADO;REMO ELETRICA LTDA;000000;;;
01871401010;006600;107069800;CB COBRE 10MM2 BR 200ºC 152A;;SEPARADO;5;;;5;0;SEPARADO;CONDUMIX COMERCIO DE MATERIAL ELETRICO LTDA;000000;;;
01871401010;006600;61646009301;PROT SURTOS FRONT V 275V 45KA;;SEPARADO;4;;;4;28,6884;SEPARADO;CLAMPER;014107;0,0975;;
01871401011;006600;209001400;PERFIL BRCH U 12X6MM 1912;;SEPARADO;0,5;;;0,5;0;SEPARADO;0;000000;;;
01871401011;006600;61405001201;DOBRADICA TASCO 91591;;FALTA;3;;;3;0;FALTA;GW;14125/14126/014120;0;;
01871401011;006600;61405002801;FECHO LINGUETA YALE;;FALTA;2;;;2;0;FALTA;GW;14125/14126/014120;0;;
01871401011;006600;61635033349;TAMPA PASS CB QD QCF/QTA;;SEPARADO;1;;;1;24,125;SEPARADO;GW;14125/14126/014120;0;;
01871401011;006600;61635033949;SPT TRILHO QCF/QTA;;SEPARADO;2;;;2;24,125;SEPARADO;GW;14125/14126/014120;0;;
01871401011;006600;61640008649;GABINETE QTA 800X600X200 CTZ;;SEPARADO;1;;;1;627,25;SEPARADO;GW;14125/14126/014120;0;;
01871401012;006600;104016100;TER ISOL ANEL 6.70-10.00MM M8;;SEPARADO;4;;;4;0;SEPARADO;0;000000;;;
01871401012;006600;109013600;FITA ISOL 19MMX5M PT;;FALTA;1;;;1;10;FALTA;REI DAS MANGUEIRAS;000000;0;;
01871401012;006600;109013700;FITA ISOLANTE AUTOFUSAO - 19MMX5M PT;;FALTA;1;;;1;9,85;FALTA;REI DAS MANGUEIRAS;000000;0;;
01871401013;006600;101095500;MOD COMUNICACAO CM3-ETHERNET;;FALTA;1;;;1;995,11;FALTA;SERVINTEL;014089;0;;
01871501001;006602;101004800;SENSOR TEMP 12VCC;;SEPARADO;1;;;1;210,79;SEPARADO;POLIPECAS COMERCIAL E IMPORTADORA LTDA;000000;;;
01871501001;006602;104016100;TER ISOL ANEL 6.70-10.00MM M8;;SEPARADO;8;;;8;0;SEPARADO;0;000000;;;
01871501001;006602;107069800;CB COBRE 10MM2 BR 200ºC 152A;;SEPARADO;2,8;;;2,8;53,25;SEPARADO;CONDUMIX COMERCIO DE MATERIAL ELETRICO LTDA;000000;;;
01871501006;006602;109092400;ISOLADOR CIL 16X30 MM M6;;SEPARADO;2;;;2;26,9;SEPARADO;MX;014112;0;;
01871501001;006602;204229500;CALCO D106 X 9,53;;SEPARADO;4;;;4;33,775;SEPARADO;GW;14125/14126/014120;0;;
01871501001;006602;204576400;ADP M/F M10X1,5 X M10X1,0;;FALTA;1;;;1;26,88;FALTA;BULKS;014088;0;;
01871501001;006602;209001400;PERFIL BRCH U 12X6MM 1912;;SEPARADO;0,3;;;0,3;0;SEPARADO;0;000000;;;
01871501001;006602;210012800;ARR M10 DIN 125 BIC;;KANBAN;20;;;20;1,15;KANBAN;MX;000000;;;
01871501001;006602;30702002801;BARRA ROSCADA 6MM;;FALTA;2;;;2;24,125;FALTA;GW;14125/14126/014120;0;;
01871501001;006602;31601193601NE;BOTAO EMERGENCIA CARENAGEM 2NF;;SEPARADO;1;;;1;8548,9321;SEPARADO;SDMO  INDUSTRIES;000000;;;
01871501001;006602;31805000303;ABRACADEIRA CRON D17-27 AC;;FALTA;4;;;4;4,15;FALTA;REI DAS MANGUEIRAS;014113;0;;
01871501001;006602;31805005801;ABRACADEIRA ESCAP. MS 73-81;;SEPARADO;1;;;1;28;SEPARADO;SCAPSUL;014119;0,065;;
01871501001;006602;31807001215;JUNTA DE VEDACAO D14XD18X1,5;;FÁBRICA;1;;;1;5;FÁBRICA;CENTRAL;014105;0;;
01871501001;006602;31807001223;JUNTA DE VEDACAO D18XD24X1,5;;FÁBRICA;1;;;1;6;FÁBRICA;CENTRAL;014105;0;;
01871501001;006602;31810002505;MANGUEIRA FLEXIVEL 12X19;;KANBAN;0,6;;;0,6;102,78;KANBAN;MX;000000;;;
01871501001;006602;31810006103;MANGUEIRA FLEXIVEL 16X26;;KANBAN;0,6;;;0,6;138,6;KANBAN;MX;000000;;;
01871501001;006602;60101001401;MOTOR PERKINS 1103A-33TG1;;SEPARADO;1;;;1;25322,58;SEPARADO;SOMOV S.A;014085;0;;
01871501001;006602;60201018801;GS WEG AW10 BR180S1-H MU F3;;SEPARADO;1;;;1;10554,29;SEPARADO;WEG EQUIPAMENTOS ELETRICOS S/A;014084;0;;
01871501001;006602;60305003201;RESIST. PREAQUEC. 1000W 220V;;FALTA;1;;;1;900;FALTA;SERVINTEL;014089;0;;
01871501001;006602;60501001601;TAMPA BOC ABAST TANCLIK  A101C;;SEPARADO;1;;;1;48;SEPARADO;ITULUB;014109;0;;
01871501001;006602;60501004708;FLANGE TQ POLI RETORNO;;SEPARADO;1;;;1;72,375;SEPARADO;GW;14125/14126/014120;0;;
01871501001;006602;60501004908;TRAVA FIX 450L;;SEPARADO;2;;;2;33,775;SEPARADO;GW;14125/14126/014120;0;;
01871501001;006602;60501005501;TQ COMB 180L POLIETILENO;;FALTA;1;;;1;1563,79;FALTA;ACCURATE MACHINE USINAGEM DE PRECISAO LTDA ME                                   ;014087;0;;
01871501001;006602;60501008608;CONTRA FLANGE TQ POLIETILENO;;SEPARADO;2;;;2;33,775;SEPARADO;GW;14125/14126/014120;0;;
01871501001;006602;60501010308;FLANGE TQ 200L POLI ABAST KVA;;SEPARADO;1;;;1;33,775;SEPARADO;GW;14125/14126/014120;0;;
01871501001;006602;60501010708;BOCAL ENCHIMENTO TQ TANCLICK;;FALTA;1;;;1;145;FALTA;AÇO FORT;000000;0;;
01871501001;006602;60702003501;BATERIA 12V 70AH 510CCA KONDOR;;FALTA;1;;;1;450;FALTA;JMS;014110;0;;
01871501001;006602;60702005608;SPT BAT 70AH SMART I;;SEPARADO;1;;;1;96,5;SEPARADO;GW;14125/14126/014120;0;;
01871501001;006602;60702006008;SPT FIX BAT 100AH SMART;;SEPARADO;1;;;1;91,675;SEPARADO;GW;14125/14126/014120;0;;
01871501001;006602;61401016249NE;CARENAGEM SMART I ;;FALTA;1;;;1;3377,5;FALTA;GW;14125/14126/014120;0;;
01871501001;006602;60901012816;SILENCIOSO 29DBA CRN KSE105;;SEPARADO;1;;;1;1363,04;SEPARADO;SCAPSUL;014119;0,065;;
01871501001;006602;60901024616;CURVA FLEX PK1103T KSE105 VS;;SEPARADO;1;;;1;772,34;SEPARADO;SCAPSUL;014119;0,065;;
01871501001;006602;61101000501;SENSOR PR OLEO 3RHO 7704;;SEPARADO;1;;;1;209,6;SEPARADO;MX;014112;0;;
01871501001;006602;61101001301;SENS NV COMB ULTRAS K40LSR;;SEPARADO;1;;;1;441;SEPARADO;KVA;014111;0;;
01871501001;006602;61103000100;"BOIA MEC FV34-75-PP130 3/4""BSP";;FALTA;1;;;1;900;FALTA;SANTAE;014114;0,0325;;
01871501001;006602;61301014708;BASE SMART I PK;;FALTA;1;;;1;965;FALTA;GW;14125/14126/014120;0;;
01871501001;006602;61303000101;AMT VIBRA-STOP XT2000 M12;;FALTA;4;;;4;103,7;FALTA;VIBRA-STOP;014117;0;;
01871501001;006602;61307015508;SPT MOT PK/FPT SMART I E II;;SEPARADO;1;;;1;241,25;SEPARADO;GW;14125/14126/014120;0;;
01871501001;006602;61307015608;SPT ALT WEG SMART I E II;;SEPARADO;1;;;1;241,25;SEPARADO;GW;14125/14126/014120;0;;
01871501001;006602;61402046608;FECH RAD SMART I PK1103A;;SEPARADO;1;;;1;731,47;SEPARADO;GW;14125/14126/014120;0;;
01871501001;006602;61405001101;BATENTE DE BORRACHA CONICO;;SEPARADO;3;;;3;6,4;SEPARADO;ML;000000;0;;
01871501001;006602;61601008708;SPT ESQ QCF/QTA SMART I E II;;SEPARADO;1;;;1;33,775;SEPARADO;GW;14125/14126/014120;0;;
01871501001;006602;61601008808;SPT DIR QCF/QTA SMART I E II;;SEPARADO;1;;;1;33,775;SEPARADO;GW;14125/14126/014120;0;;
01871501006;006602;61635033549;TAMPA DJ MAN ABB QCF/QTA A0/A2;;SEPARADO;1;;;1;24,125;SEPARADO;GW;14125/14126/014120;0;;
01871501006;006602;61640008851;SPT DJ ABB A0/A2 QCF/QTA;;SEPARADO;1;;;1;33,775;SEPARADO;GW;14125/14126/014120;0;;
01871501006;006602;61647041101;DCM 3P FX 80A A0C TMF;;SEPARADO;1;;;1;152,8;SEPARADO;ABB;014123;0,065;;
01871501001;006602;61648042801;DJ 3P 10A SJ203 T-C10;;RETIRADO;1;;;1;48,61;RETIRADO;#N/D;000000;;;
01871501001;006602;61652004801;RL AUX 40A 12VCC DNI0102;;SEPARADO;2;;;2;5,86;SEPARADO;SNAP;014090;0;;
01871501006;006602;61653004801;TC SASSI 250-5A ST-42;;SEPARADO;3;;;3;91;SEPARADO;SASSI;014115;0,065;;
01871501006;006602;61656004001;CONT NF BOTAO ABB LINHA MCB;;FALTA;2;;;2;9,33;FALTA;ABB;014123;0,0975;;
01871501006;006602;61659003501;PROT PLC A0 QTA SMART ELETRONET;;SEPARADO;1;;;1;78,83870968;SEPARADO;EMPORIO DO ACRILICO;014124;0;;
01871501001;006602;61801002001;PF DIN912 M10X40 12.9 PT;;SEPARADO;12;;;12;5,58;SEPARADO;MULT TEMPERA COAT TECNOLOGIA EM TRATAMENTO TERMICO E REVESTIMENTOS SUPERFICIAIS;000000;;;
01871501001;006602;61801002101;"PF DIN912 3/8""UNFX1"" 12.9 PT";;SEPARADO;8;;;8;5,11;SEPARADO;MULT TEMPERA COAT TECNOLOGIA EM TRATAMENTO TERMICO E REVESTIMENTOS SUPERFICIAIS;000000;;;
01871501001;006602;61801002201;ARR M10 DIN 127 BIC;;KANBAN;20;;;20;0,85;KANBAN;CENTRAL;000000;0;;
01871501001;006602;61802000111;"BICO RM 1/2""NPT MANG 1/2"" BIC";;FALTA;2;;;2;26,88;FALTA;BULKS;014088;0;;
01871501001;006602;61802000311;BICO RM 1/2 POL.NPT FM16 MANG;;FALTA;1;;;1;26,88;FALTA;BULKS;014088;0;;
01871501001;006602;61802000422;COTOVELO MF 90 1 2NPT GALV;;FALTA;1;;;1;8,34;FALTA;CENTRAL;014105;0;;
01871501001;006602;61802000711;BICO RM 1/2 NPT MANG 3/8 BIC;;SEPARADO;1;;;1;26,88;SEPARADO;BULKS;014088;0;;
01871501001;006602;61802001711;BICO RM 1/2NPT MANG 5/8 BIC;;FALTA;2;;;2;26,88;FALTA;BULKS;014088;0;;
01871501001;006602;61802002711;ADP M/M 1/2”NPT X 3/4UNF BIC;;SEPARADO;1;;;1;26,88;SEPARADO;BULKS;014088;0;;
01871501001;006602;61802002811;"BICO RM 1/4""NPT MANG 5/8"" BIC";;FALTA;1;;;1;26,88;FALTA;BULKS;014088;0;;
01871501001;006602;61802002911;ADP M/F M18X1.5 X M14X1.5 BIC;;FALTA;1;;;1;26,88;FALTA;BULKS;014088;0;;
01871501001;006602;61802008111;ADP M RESP M22;;FALTA;1;;;1;26,88;FALTA;BULKS;014088;0;;
01871501001;006602;61802014001;BICO RM 1/2 NPT MANG 5/16 BIC;;SEPARADO;1;;;1;26,88;SEPARADO;BULKS;014088;0;;
01871501001;006602;61805000222;ABRACADEIRA CRON D14-22 AC;;FALTA;2;;;2;4,15;FALTA;REI DAS MANGUEIRAS;014113;0;;
01871501001;006602;61807000301;ARR VED 10X16X1.5 AL;;SEPARADO;2;;;2;1,1;SEPARADO;CENTRAL;014105;0;;
01871501001;006602;61809000101;"VALV ESFERA F/F 1/2"" NPT";;FALTA;1;;;1;88,15;FALTA;MX;014112;0;;
01871501001;006602;61809000301;"VALV ESF BORBOLETA F/F 1/2""NPT";;SEPARADO;1;;;1;62,82;SEPARADO;MX;014112;0;;
01871501006;006602;106001500;DJ 1P 10A CURVA C 10KA S201;;FALTA;1;;;1;27,95;FALTA;ABB;014123;0,065;;
01871501006;006602;106207600;POSTE FINAL USK-2G2;;FALTA;3;;;3;1,02;FALTA;PROAUTO;014121;0,0975;;
01871501006;006602;104193600;SUPORTE IDENTIF P/ POSTE KLM-A;;SEPARADO;2;;;2;0;SEPARADO;0;000000;;;
01871501006;006602;107078500;CB COBRE NU 16MM2;;SEPARADO;0,5;;;0,5;10,2811;SEPARADO;COBREFLEX INDUSTRIA, DISTRIBUICAO E COMERCIO DE FIOS E CABOS EIRELI;000000;;;
01871501006;006602;204583100;PORTA DOCUMENTOS TASCO 71160;;FALTA;1;;;1;40,83;FALTA;TASCO;014108;0,0975;;
01871501006;006602;61640008749;TAMPA QTA USCA 5C CTZ;;SEPARADO;1;;;1;27,02;SEPARADO;GW;14125/14126/014120;0;;
01871501006;006602;106004400;DJ 3P 16A CURVA C 10KA S203;;SEPARADO;2;;;2;48,61;SEPARADO;ABB ELETRIFICACAO LTDA;000000;;;
01871501006;006602;61648042901;DJ 2P 10A SJ202 T-C10;;SEPARADO;1;;;1;35;SEPARADO;ABB ELETRIFICACAO LTDA;000000;;;
01871501006;006602;61652004801;RL AUX 40A 12VCC DNI0102;;SEPARADO;4;;;4;5,86;SEPARADO;SNAP;014090;0;;
01871501006;006602;101033600;MOD IL4-AMF8;;FALTA;1;;;1;842,74;FALTA;SERVINTEL;014089;0;;
01871501006;006602;61655002601;CARREG BAT 12/24VCC KVA PRO;;SEPARADO;1;;;1;466,33;SEPARADO;KVA;014111;0;;
01871501006;006602;61656003801;SUPORTE MODULAR BOTAO ABB;;FALTA;1;;;1;5,55;FALTA;ABB;014123;0,0975;;
01871501006;006602;61656004001;CONT NF BOTAO ABB LINHA MCB;;FALTA;1;;;1;9,33;FALTA;ABB;014123;0,0975;;
01871501006;006602;61656004701;CABECOTE BOTAO EMERGENCIA ABB;;FALTA;1;;;1;40,97;FALTA;ABB;014123;0,0975;;
01871501006;006602;61656004801;ADESIVO PARADA DE EMERGENCIA;;FÁBRICA;1;;;1;25,7;FÁBRICA;APS COMPONENTES ELETRICOS S/A;000000;;;
01871501006;006602;61659003301;TERMO RETRATIL AZUL LARG 9MM;;SEPARADO;24,3;;;24,3;2,4971;SEPARADO;ESTOQUE;000000;0;;
01871501006;006602;61660001201;TER ISOL ANEL 16MM² M8;;SEPARADO;1;;;1;16,1;SEPARADO;ROMAR ACESSORIOS INDUSTRIAIS LTDA;000000;;;
01871501006;006602;61660001301;TER ISOL ANEL 16MM² M10;;SEPARADO;1;;;1;16,39;SEPARADO;ROMAR ACESSORIOS INDUSTRIAIS LTDA;000000;;;
01871501006;006602;61660005901;BORNE DUPLO PUSH IN 4MM DDP4;;SEPARADO;7;;;7;1,9;SEPARADO;PROAUTO;014121;0,0975;;
01871501006;006602;61660006101;BORNE PUSH IN DP2.5PG-XXP;;RETIRADO;1;;;1;7,42;RETIRADO;PROAUTO;014121;0,0975;;
01871501006;006602;61660006201;JUMPER BORNE DUP 4MM DSD01402N;;SEPARADO;1;;;1;2,01;SEPARADO;PROAUTO;014121;0,0975;;
01871501006;006602;61660006501;TAMPA P/ BORNE DUP 4MM DPP4C;;SEPARADO;2;;;2;1,38;SEPARADO;PROAUTO;014121;0,0975;;
01871501006;006602;61660006601;TAMPA P/ BORNE 4MM DPES2.5C;;FALTA;1;;;1;2,06;FALTA;PROAUTO;014121;0,0975;;
01871501009;006602;107045500;"BARRA COBRE 1"" X 5/16""";;SEPARADO;0,2;;;0,2;170,9516;SEPARADO;ESTOQUE;000000;0;;
01871501010;006602;105049200;INTTRV MEC CTTR VM19;;FALTA;1;;;1;92,68;FALTA;ABB;014123;0,0975;;
01871501010;006602;105049500;CTTR 3P 160A AF116 30-11-13;;FALTA;2;;;2;756,87;FALTA;ABB;014123;0,0325;;
01871501010;006602;106088800;DJ 3P 80A S283 C80;;SEPARADO;1;;;1;0;SEPARADO;0;000000;;;
01871501010;006602;107069800;CB COBRE 10MM2 BR 200ºC 152A;;SEPARADO;1;;;1;53,25;SEPARADO;CONDUMIX COMERCIO DE MATERIAL ELETRICO LTDA;000000;;;
01871501010;006602;107010900;CB COBRE 50MM2 0,6/1KV 90 C PT;;SEPARADO;0,75;;;0,75;70,95;SEPARADO;REMO ELETRICA LTDA;000000;;;
01871501010;006602;107069800;CB COBRE 10MM2 BR 200ºC 152A;;SEPARADO;5;;;5;0;SEPARADO;CONDUMIX COMERCIO DE MATERIAL ELETRICO LTDA;000000;;;
01871501010;006602;61646009401;PROT SURTOS FRONT V 460V 45KA;;SEPARADO;4;;;4;38,9792;SEPARADO;CLAMPER;014107;0,0975;;
01871501011;006602;209001400;PERFIL BRCH U 12X6MM 1912;;SEPARADO;0,5;;;0,5;0;SEPARADO;0;000000;;;
01871501011;006602;61405001201;DOBRADICA TASCO 91591;;FALTA;3;;;3;0;FALTA;GW;14125/14126/014120;0;;
01871501011;006602;61405002801;FECHO LINGUETA YALE;;FALTA;2;;;2;0;FALTA;GW;14125/14126/014120;0;;
01871501011;006602;61635033349;TAMPA PASS CB QD QCF/QTA;;SEPARADO;1;;;1;24,125;SEPARADO;GW;14125/14126/014120;0;;
01871501011;006602;61635033949;SPT TRILHO QCF/QTA;;SEPARADO;2;;;2;24,125;SEPARADO;GW;14125/14126/014120;0;;
01871501011;006602;61640008649;GABINETE QTA 800X600X200 CTZ;;SEPARADO;1;;;1;627,25;SEPARADO;GW;14125/14126/014120;0;;
01871501012;006602;104016100;TER ISOL ANEL 6.70-10.00MM M8;;SEPARADO;4;;;4;0;SEPARADO;0;000000;;;
01871501012;006602;109013600;FITA ISOL 19MMX5M PT;;FALTA;1;;;1;10;FALTA;REI DAS MANGUEIRAS;000000;0;;
01871501012;006602;109013700;FITA ISOLANTE AUTOFUSAO - 19MMX5M PT;;FALTA;1;;;1;9,85;FALTA;REI DAS MANGUEIRAS;000000;0;;
01871501013;006602;101095500;MOD COMUNICACAO CM3-ETHERNET;;FALTA;1;;;1;995,11;FALTA;SERVINTEL;014089;0;;
01871601001;006604;101004800;SENSOR TEMP 12VCC;;SEPARADO;1;;;1;210,79;SEPARADO;POLIPECAS COMERCIAL E IMPORTADORA LTDA;000000;;;
01871601001;006604;104016100;TER ISOL ANEL 6.70-10.00MM M8;;SEPARADO;8;;;8;0;SEPARADO;0;000000;;;
01871601001;006604;107069800;CB COBRE 10MM2 BR 200ºC 152A;;SEPARADO;2,8;;;2,8;53,25;SEPARADO;CONDUMIX COMERCIO DE MATERIAL ELETRICO LTDA;000000;;;
01871601006;006604;109092400;ISOLADOR CIL 16X30 MM M6;;SEPARADO;2;;;2;26,9;SEPARADO;MX;014112;0;;
01871601001;006604;204229500;CALCO D106 X 9,53;;SEPARADO;4;;;4;33,775;SEPARADO;GW;14125/14126/014120;0;;
01871601001;006604;204576400;ADP M/F M10X1,5 X M10X1,0;;FALTA;1;;;1;26,88;FALTA;BULKS;014088;0;;
01871601001;006604;209001400;PERFIL BRCH U 12X6MM 1912;;SEPARADO;0,3;;;0,3;0;SEPARADO;0;000000;;;
01871601001;006604;210012800;ARR M10 DIN 125 BIC;;KANBAN;20;;;20;1,15;KANBAN;MX;000000;;;
01871601001;006604;30702002801;BARRA ROSCADA 6MM;;FALTA;2;;;2;24,125;FALTA;GW;14125/14126/014120;0;;
01871601001;006604;31601193601NE;BOTAO EMERGENCIA CARENAGEM 2NF;;SEPARADO;1;;;1;8548,9321;SEPARADO;SDMO  INDUSTRIES;000000;;;
01871601001;006604;31805000303;ABRACADEIRA CRON D17-27 AC;;FALTA;4;;;4;4,15;FALTA;REI DAS MANGUEIRAS;014113;0;;
01871601001;006604;31805005801;ABRACADEIRA ESCAP. MS 73-81;;SEPARADO;1;;;1;28;SEPARADO;SCAPSUL;014119;0,065;;
01871601001;006604;31807001215;JUNTA DE VEDACAO D14XD18X1,5;;FÁBRICA;1;;;1;5;FÁBRICA;CENTRAL;014105;0;;
01871601001;006604;31807001223;JUNTA DE VEDACAO D18XD24X1,5;;FÁBRICA;1;;;1;6;FÁBRICA;CENTRAL;014105;0;;
01871601001;006604;31810002505;MANGUEIRA FLEXIVEL 12X19;;KANBAN;0,6;;;0,6;102,78;KANBAN;MX;000000;;;
01871601001;006604;31810006103;MANGUEIRA FLEXIVEL 16X26;;KANBAN;0,6;;;0,6;138,6;KANBAN;MX;000000;;;
01871601001;006604;60101001401;MOTOR PERKINS 1103A-33TG1;;SEPARADO;1;;;1;25322,58;SEPARADO;SOMOV S.A;014085;0;;
01871601001;006604;60201018801;GS WEG AW10 BR180S1-H MU F3;;SEPARADO;1;;;1;10554,29;SEPARADO;WEG EQUIPAMENTOS ELETRICOS S/A;014084;0;;
01871601001;006604;60305003201;RESIST. PREAQUEC. 1000W 220V;;FALTA;1;;;1;900;FALTA;SERVINTEL;014089;0;;
01871601001;006604;60501001601;TAMPA BOC ABAST TANCLIK  A101C;;SEPARADO;1;;;1;48;SEPARADO;ITULUB;014109;0;;
01871601001;006604;60501004708;FLANGE TQ POLI RETORNO;;SEPARADO;1;;;1;72,375;SEPARADO;GW;14125/14126/014120;0;;
01871601001;006604;60501004908;TRAVA FIX 450L;;SEPARADO;2;;;2;33,775;SEPARADO;GW;14125/14126/014120;0;;
01871601001;006604;60501005501;TQ COMB 180L POLIETILENO;;FALTA;1;;;1;1563,79;FALTA;ACCURATE MACHINE USINAGEM DE PRECISAO LTDA ME                                   ;014087;0;;
01871601001;006604;60501008608;CONTRA FLANGE TQ POLIETILENO;;SEPARADO;2;;;2;33,775;SEPARADO;GW;14125/14126/014120;0;;
01871601001;006604;60501010308;FLANGE TQ 200L POLI ABAST KVA;;SEPARADO;1;;;1;33,775;SEPARADO;GW;14125/14126/014120;0;;
01871601001;006604;60501010708;BOCAL ENCHIMENTO TQ TANCLICK;;FALTA;1;;;1;145;FALTA;AÇO FORT;000000;0;;
01871601001;006604;60702003501;BATERIA 12V 70AH 510CCA KONDOR;;FALTA;1;;;1;450;FALTA;JMS;014110;0;;
01871601001;006604;60702005608;SPT BAT 70AH SMART I;;SEPARADO;1;;;1;96,5;SEPARADO;GW;14125/14126/014120;0;;
01871601001;006604;60702006008;SPT FIX BAT 100AH SMART;;SEPARADO;1;;;1;91,675;SEPARADO;GW;14125/14126/014120;0;;
01871601001;006604;61401016249NE;CARENAGEM SMART I ;;FALTA;1;;;1;3377,5;FALTA;GW;14125/14126/014120;0;;
01871601001;006604;60901012816;SILENCIOSO 29DBA CRN KSE105;;SEPARADO;1;;;1;1363,04;SEPARADO;SCAPSUL;014119;0,065;;
01871601001;006604;60901024616;CURVA FLEX PK1103T KSE105 VS;;SEPARADO;1;;;1;772,34;SEPARADO;SCAPSUL;014119;0,065;;
01871601001;006604;61101000501;SENSOR PR OLEO 3RHO 7704;;SEPARADO;1;;;1;209,6;SEPARADO;MX;014112;0;;
01871601001;006604;61101001301;SENS NV COMB ULTRAS K40LSR;;SEPARADO;1;;;1;441;SEPARADO;KVA;014111;0;;
01871601001;006604;61103000100;"BOIA MEC FV34-75-PP130 3/4""BSP";;FALTA;1;;;1;900;FALTA;SANTAE;014114;0,0325;;
01871601001;006604;61301014708;BASE SMART I PK;;FALTA;1;;;1;965;FALTA;GW;14125/14126/014120;0;;
01871601001;006604;61303000101;AMT VIBRA-STOP XT2000 M12;;FALTA;4;;;4;103,7;FALTA;VIBRA-STOP;014117;0;;
01871601001;006604;61307015508;SPT MOT PK/FPT SMART I E II;;SEPARADO;1;;;1;241,25;SEPARADO;GW;14125/14126/014120;0;;
01871601001;006604;61307015608;SPT ALT WEG SMART I E II;;SEPARADO;1;;;1;241,25;SEPARADO;GW;14125/14126/014120;0;;
01871601001;006604;61402046608;FECH RAD SMART I PK1103A;;SEPARADO;1;;;1;731,47;SEPARADO;GW;14125/14126/014120;0;;
01871601001;006604;61405001101;BATENTE DE BORRACHA CONICO;;SEPARADO;3;;;3;6,4;SEPARADO;ML;000000;0;;
01871601001;006604;61601008708;SPT ESQ QCF/QTA SMART I E II;;SEPARADO;1;;;1;33,775;SEPARADO;GW;14125/14126/014120;0;;
01871601001;006604;61601008808;SPT DIR QCF/QTA SMART I E II;;SEPARADO;1;;;1;33,775;SEPARADO;GW;14125/14126/014120;0;;
01871601006;006604;61635033549;TAMPA DJ MAN ABB QCF/QTA A0/A2;;SEPARADO;1;;;1;24,125;SEPARADO;GW;14125/14126/014120;0;;
01871601006;006604;61640008851;SPT DJ ABB A0/A2 QCF/QTA;;SEPARADO;1;;;1;33,775;SEPARADO;GW;14125/14126/014120;0;;
01871601006;006604;61647041101;DCM 3P FX 80A A0C TMF;;SEPARADO;1;;;1;152,8;SEPARADO;ABB;014123;0,065;;
01871601006;006604;61648042801;DJ 3P 10A SJ203 T-C10;;RETIRADO;1;;;1;48,61;RETIRADO;#N/D;000000;;;
01871601001;006604;61652004801;RL AUX 40A 12VCC DNI0102;;SEPARADO;2;;;2;5,86;SEPARADO;SNAP;014090;0;;
01871601006;006604;61653004801;TC SASSI 250-5A ST-42;;SEPARADO;3;;;3;91;SEPARADO;SASSI;014115;0,065;;
01871601006;006604;61656004001;CONT NF BOTAO ABB LINHA MCB;;FALTA;2;;;2;9,33;FALTA;ABB;014123;0,0975;;
01871601006;006604;61659003501;PROT PLC A0 QTA SMART ELETRONET;;SEPARADO;1;;;1;78,83870968;SEPARADO;EMPORIO DO ACRILICO;014124;0;;
01871601001;006604;61801002001;PF DIN912 M10X40 12.9 PT;;SEPARADO;12;;;12;5,58;SEPARADO;MULT TEMPERA COAT TECNOLOGIA EM TRATAMENTO TERMICO E REVESTIMENTOS SUPERFICIAIS;000000;;;
01871601001;006604;61801002101;"PF DIN912 3/8""UNFX1"" 12.9 PT";;SEPARADO;8;;;8;5,11;SEPARADO;MULT TEMPERA COAT TECNOLOGIA EM TRATAMENTO TERMICO E REVESTIMENTOS SUPERFICIAIS;000000;;;
01871601001;006604;61801002201;ARR M10 DIN 127 BIC;;KANBAN;20;;;20;0,85;KANBAN;CENTRAL;000000;0;;
01871601001;006604;61802000111;"BICO RM 1/2""NPT MANG 1/2"" BIC";;FALTA;2;;;2;26,88;FALTA;BULKS;014088;0;;
01871601001;006604;61802000311;BICO RM 1/2 POL.NPT FM16 MANG;;FALTA;1;;;1;26,88;FALTA;BULKS;014088;0;;
01871601001;006604;61802000422;COTOVELO MF 90 1 2NPT GALV;;FALTA;1;;;1;8,34;FALTA;CENTRAL;014105;0;;
01871601001;006604;61802000711;BICO RM 1/2 NPT MANG 3/8 BIC;;SEPARADO;1;;;1;26,88;SEPARADO;BULKS;014088;0;;
01871601001;006604;61802001711;BICO RM 1/2NPT MANG 5/8 BIC;;FALTA;2;;;2;26,88;FALTA;BULKS;014088;0;;
01871601001;006604;61802002711;ADP M/M 1/2”NPT X 3/4UNF BIC;;SEPARADO;1;;;1;26,88;SEPARADO;BULKS;014088;0;;
01871601001;006604;61802002811;"BICO RM 1/4""NPT MANG 5/8"" BIC";;FALTA;1;;;1;26,88;FALTA;BULKS;014088;0;;
01871601001;006604;61802002911;ADP M/F M18X1.5 X M14X1.5 BIC;;FALTA;1;;;1;26,88;FALTA;BULKS;014088;0;;
01871601001;006604;61802008111;ADP M RESP M22;;FALTA;1;;;1;26,88;FALTA;BULKS;014088;0;;
01871601001;006604;61802014001;BICO RM 1/2 NPT MANG 5/16 BIC;;SEPARADO;1;;;1;26,88;SEPARADO;BULKS;014088;0;;
01871601001;006604;61805000222;ABRACADEIRA CRON D14-22 AC;;FALTA;2;;;2;4,15;FALTA;REI DAS MANGUEIRAS;014113;0;;
01871601001;006604;61807000301;ARR VED 10X16X1.5 AL;;SEPARADO;2;;;2;1,1;SEPARADO;CENTRAL;014105;0;;
01871601001;006604;61809000101;"VALV ESFERA F/F 1/2"" NPT";;FALTA;1;;;1;88,15;FALTA;MX;014112;0;;
01871601001;006604;61809000301;"VALV ESF BORBOLETA F/F 1/2""NPT";;SEPARADO;1;;;1;62,82;SEPARADO;MX;014112;0;;
01871601006;006604;106001500;DJ 1P 10A CURVA C 10KA S201;;FALTA;1;;;1;27,95;FALTA;ABB;014123;0,065;;
01871601006;006604;106207600;POSTE FINAL USK-2G2;;FALTA;3;;;3;1,02;FALTA;PROAUTO;014121;0,0975;;
01871601006;006604;104193600;SUPORTE IDENTIF P/ POSTE KLM-A;;SEPARADO;2;;;2;0;SEPARADO;0;000000;;;
01871601006;006604;107078500;CB COBRE NU 16MM2;;SEPARADO;0,5;;;0,5;10,2811;SEPARADO;COBREFLEX INDUSTRIA, DISTRIBUICAO E COMERCIO DE FIOS E CABOS EIRELI;000000;;;
01871601006;006604;204583100;PORTA DOCUMENTOS TASCO 71160;;FALTA;1;;;1;40,83;FALTA;TASCO;014108;0,0975;;
01871601006;006604;61640008749;TAMPA QTA USCA 5C CTZ;;SEPARADO;1;;;1;27,02;SEPARADO;GW;14125/14126/014120;0;;
01871601006;006604;106004400;DJ 3P 16A CURVA C 10KA S203;;SEPARADO;2;;;2;48,61;SEPARADO;ABB ELETRIFICACAO LTDA;000000;;;
01871601006;006604;61648042901;DJ 2P 10A SJ202 T-C10;;SEPARADO;1;;;1;35;SEPARADO;ABB ELETRIFICACAO LTDA;000000;;;
01871601006;006604;61652004801;RL AUX 40A 12VCC DNI0102;;SEPARADO;4;;;4;5,86;SEPARADO;SNAP;014090;0;;
01871601006;006604;101033600;MOD IL4-AMF8;;FALTA;1;;;1;842,74;FALTA;SERVINTEL;014089;0;;
01871601006;006604;61655002601;CARREG BAT 12/24VCC KVA PRO;;SEPARADO;1;;;1;466,33;SEPARADO;KVA;014111;0;;
01871601006;006604;61656003801;SUPORTE MODULAR BOTAO ABB;;FALTA;1;;;1;5,55;FALTA;ABB;014123;0,0975;;
01871601006;006604;61656004001;CONT NF BOTAO ABB LINHA MCB;;FALTA;1;;;1;9,33;FALTA;ABB;014123;0,0975;;
01871601006;006604;61656004701;CABECOTE BOTAO EMERGENCIA ABB;;FALTA;1;;;1;40,97;FALTA;ABB;014123;0,0975;;
01871601006;006604;61656004801;ADESIVO PARADA DE EMERGENCIA;;FÁBRICA;1;;;1;25,7;FÁBRICA;APS COMPONENTES ELETRICOS S/A;000000;;;
01871601006;006604;61659003301;TERMO RETRATIL AZUL LARG 9MM;;SEPARADO;24,3;;;24,3;2,4971;SEPARADO;ESTOQUE;000000;0;;
01871601006;006604;61660001201;TER ISOL ANEL 16MM² M8;;SEPARADO;1;;;1;16,1;SEPARADO;ROMAR ACESSORIOS INDUSTRIAIS LTDA;000000;;;
01871601006;006604;61660001301;TER ISOL ANEL 16MM² M10;;SEPARADO;1;;;1;16,39;SEPARADO;ROMAR ACESSORIOS INDUSTRIAIS LTDA;000000;;;
01871601006;006604;61660005901;BORNE DUPLO PUSH IN 4MM DDP4;;SEPARADO;7;;;7;1,9;SEPARADO;PROAUTO;014121;0,0975;;
01871601006;006604;61660006101;BORNE PUSH IN DP2.5PG-XXP;;RETIRADO;1;;;1;7,42;RETIRADO;PROAUTO;014121;0,0975;;
01871601006;006604;61660006201;JUMPER BORNE DUP 4MM DSD01402N;;SEPARADO;1;;;1;2,01;SEPARADO;PROAUTO;014121;0,0975;;
01871601006;006604;61660006501;TAMPA P/ BORNE DUP 4MM DPP4C;;SEPARADO;2;;;2;1,38;SEPARADO;PROAUTO;014121;0,0975;;
01871601006;006604;61660006601;TAMPA P/ BORNE 4MM DPES2.5C;;FALTA;1;;;1;2,06;FALTA;PROAUTO;014121;0,0975;;
01871601009;006604;107045500;"BARRA COBRE 1"" X 5/16""";;SEPARADO;0,2;;;0,2;170,9516;SEPARADO;ESTOQUE;000000;0;;
01871601010;006604;105049200;INTTRV MEC CTTR VM19;;FALTA;1;;;1;92,68;FALTA;ABB;014123;0,0975;;
01871601010;006604;105049500;CTTR 3P 160A AF116 30-11-13;;FALTA;2;;;2;756,87;FALTA;ABB;014123;0,0325;;
01871601010;006604;106088800;DJ 3P 80A S283 C80;;SEPARADO;1;;;1;0;SEPARADO;0;000000;;;
01871601010;006604;107069800;CB COBRE 10MM2 BR 200ºC 152A;;SEPARADO;1;;;1;53,25;SEPARADO;CONDUMIX COMERCIO DE MATERIAL ELETRICO LTDA;000000;;;
01871601010;006604;107010900;CB COBRE 50MM2 0,6/1KV 90 C PT;;SEPARADO;0,75;;;0,75;70,95;SEPARADO;REMO ELETRICA LTDA;000000;;;
01871601010;006604;107069800;CB COBRE 10MM2 BR 200ºC 152A;;SEPARADO;5;;;5;0;SEPARADO;CONDUMIX COMERCIO DE MATERIAL ELETRICO LTDA;000000;;;
01871601010;006604;61646009401;PROT SURTOS FRONT V 460V 45KA;;FALTA;4;;;4;38,9792;FALTA;CLAMPER;014107;0,0975;;
01871601011;006604;209001400;PERFIL BRCH U 12X6MM 1912;;SEPARADO;0,5;;;0,5;0;SEPARADO;0;000000;;;
01871601011;006604;61405001201;DOBRADICA TASCO 91591;;FALTA;3;;;3;0;FALTA;GW;14125/14126/014120;0;;
01871601011;006604;61405002801;FECHO LINGUETA YALE;;FALTA;2;;;2;0;FALTA;GW;14125/14126/014120;0;;
01871601011;006604;61635033349;TAMPA PASS CB QD QCF/QTA;;SEPARADO;1;;;1;24,125;SEPARADO;GW;14125/14126/014120;0;;
01871601011;006604;61635033949;SPT TRILHO QCF/QTA;;SEPARADO;2;;;2;24,125;SEPARADO;GW;14125/14126/014120;0;;
01871601011;006604;61640008649;GABINETE QTA 800X600X200 CTZ;;SEPARADO;1;;;1;627,25;SEPARADO;GW;14125/14126/014120;0;;
01871601012;006604;104016100;TER ISOL ANEL 6.70-10.00MM M8;;SEPARADO;4;;;4;0;SEPARADO;0;000000;;;
01871601012;006604;109013600;FITA ISOL 19MMX5M PT;;FALTA;1;;;1;10;FALTA;REI DAS MANGUEIRAS;000000;0;;
01871601012;006604;109013700;FITA ISOLANTE AUTOFUSAO - 19MMX5M PT;;FALTA;1;;;1;9,85;FALTA;REI DAS MANGUEIRAS;000000;0;;
01871601013;006604;101095500;MOD COMUNICACAO CM3-ETHERNET;;FALTA;1;;;1;995,11;FALTA;SERVINTEL;014089;0;;
01871701001;006606;101004800;SENSOR TEMP 12VCC;;SEPARADO;1;;;1;210,79;SEPARADO;POLIPECAS COMERCIAL E IMPORTADORA LTDA;000000;;;
01871701001;006606;104016100;TER ISOL ANEL 6.70-10.00MM M8;;SEPARADO;8;;;8;0;SEPARADO;0;000000;;;
01871701001;006606;107069800;CB COBRE 10MM2 BR 200ºC 152A;;SEPARADO;2,8;;;2,8;53,25;SEPARADO;CONDUMIX COMERCIO DE MATERIAL ELETRICO LTDA;000000;;;
01871701006;006606;109092400;ISOLADOR CIL 16X30 MM M6;;SEPARADO;2;;;2;26,9;SEPARADO;MX;014112;0;;
01871701001;006606;204229500;CALCO D106 X 9,53;;SEPARADO;4;;;4;33,775;SEPARADO;GW;14125/14126/014120;0;;
01871701001;006606;204576400;ADP M/F M10X1,5 X M10X1,0;;FALTA;1;;;1;26,88;FALTA;BULKS;014088;0;;
01871701001;006606;209001400;PERFIL BRCH U 12X6MM 1912;;SEPARADO;0,3;;;0,3;0;SEPARADO;0;000000;;;
01871701001;006606;210012800;ARR M10 DIN 125 BIC;;KANBAN;20;;;20;1,15;KANBAN;MX;000000;;;
01871701001;006606;30702002801;BARRA ROSCADA 6MM;;FALTA;2;;;2;24,125;FALTA;GW;14125/14126/014120;0;;
01871701001;006606;31601193601NE;BOTAO EMERGENCIA CARENAGEM 2NF;;SEPARADO;1;;;1;8548,9321;SEPARADO;SDMO  INDUSTRIES;000000;;;
01871701001;006606;31805000303;ABRACADEIRA CRON D17-27 AC;;FALTA;4;;;4;4,15;FALTA;REI DAS MANGUEIRAS;014113;0;;
01871701001;006606;31805005801;ABRACADEIRA ESCAP. MS 73-81;;SEPARADO;1;;;1;28;SEPARADO;SCAPSUL;014119;0,065;;
01871701001;006606;31807001215;JUNTA DE VEDACAO D14XD18X1,5;;FÁBRICA;1;;;1;5;FÁBRICA;CENTRAL;014105;0;;
01871701001;006606;31807001223;JUNTA DE VEDACAO D18XD24X1,5;;FÁBRICA;1;;;1;6;FÁBRICA;CENTRAL;014105;0;;
01871701001;006606;31810002505;MANGUEIRA FLEXIVEL 12X19;;KANBAN;0,6;;;0,6;102,78;KANBAN;MX;000000;;;
01871701001;006606;31810006103;MANGUEIRA FLEXIVEL 16X26;;KANBAN;0,6;;;0,6;138,6;KANBAN;MX;000000;;;
01871701001;006606;60101001401;MOTOR PERKINS 1103A-33TG1;;SEPARADO;1;;;1;25322,58;SEPARADO;SOMOV S.A;014085;0;;
01871701001;006606;60201018801;GS WEG AW10 BR180S1-H MU F3;;SEPARADO;1;;;1;10554,29;SEPARADO;WEG EQUIPAMENTOS ELETRICOS S/A;014084;0;;
01871701001;006606;60305003201;RESIST. PREAQUEC. 1000W 220V;;FALTA;1;;;1;900;FALTA;SERVINTEL;014089;0;;
01871701001;006606;60501001601;TAMPA BOC ABAST TANCLIK  A101C;;SEPARADO;1;;;1;48;SEPARADO;ITULUB;014109;0;;
01871701001;006606;60501004708;FLANGE TQ POLI RETORNO;;SEPARADO;1;;;1;72,375;SEPARADO;GW;14125/14126/014120;0;;
01871701001;006606;60501004908;TRAVA FIX 450L;;SEPARADO;2;;;2;33,775;SEPARADO;GW;14125/14126/014120;0;;
01871701001;006606;60501005501;TQ COMB 180L POLIETILENO;;FALTA;1;;;1;1563,79;FALTA;ACCURATE MACHINE USINAGEM DE PRECISAO LTDA ME                                   ;014087;0;;
01871701001;006606;60501008608;CONTRA FLANGE TQ POLIETILENO;;SEPARADO;2;;;2;33,775;SEPARADO;GW;14125/14126/014120;0;;
01871701001;006606;60501010308;FLANGE TQ 200L POLI ABAST KVA;;SEPARADO;1;;;1;33,775;SEPARADO;GW;14125/14126/014120;0;;
01871701001;006606;60501010708;BOCAL ENCHIMENTO TQ TANCLICK;;FALTA;1;;;1;145;FALTA;AÇO FORT;000000;0;;
01871701001;006606;60702003501;BATERIA 12V 70AH 510CCA KONDOR;;FALTA;1;;;1;450;FALTA;JMS;014110;0;;
01871701001;006606;60702005608;SPT BAT 70AH SMART I;;SEPARADO;1;;;1;96,5;SEPARADO;GW;14125/14126/014120;0;;
01871701001;006606;60702006008;SPT FIX BAT 100AH SMART;;SEPARADO;1;;;1;91,675;SEPARADO;GW;14125/14126/014120;0;;
01871701001;006606;61401016249NE;CARENAGEM SMART I ;;FALTA;1;;;1;3377,5;FALTA;GW;14125/14126/014120;0;;
01871701001;006606;60901012816;SILENCIOSO 29DBA CRN KSE105;;SEPARADO;1;;;1;1363,04;SEPARADO;SCAPSUL;014119;0,065;;
01871701001;006606;60901024616;CURVA FLEX PK1103T KSE105 VS;;SEPARADO;1;;;1;772,34;SEPARADO;SCAPSUL;014119;0,065;;
01871701001;006606;61101000501;SENSOR PR OLEO 3RHO 7704;;SEPARADO;1;;;1;209,6;SEPARADO;MX;014112;0;;
01871701001;006606;61101001301;SENS NV COMB ULTRAS K40LSR;;SEPARADO;1;;;1;441;SEPARADO;KVA;014111;0;;
01871701001;006606;61103000100;"BOIA MEC FV34-75-PP130 3/4""BSP";;FALTA;1;;;1;900;FALTA;SANTAE;014114;0,0325;;
01871701001;006606;61301014708;BASE SMART I PK;;FALTA;1;;;1;965;FALTA;GW;14125/14126/014120;0;;
01871701001;006606;61303000101;AMT VIBRA-STOP XT2000 M12;;FALTA;4;;;4;103,7;FALTA;VIBRA-STOP;014117;0;;
01871701001;006606;61307015508;SPT MOT PK/FPT SMART I E II;;SEPARADO;1;;;1;241,25;SEPARADO;GW;14125/14126/014120;0;;
01871701001;006606;61307015608;SPT ALT WEG SMART I E II;;SEPARADO;1;;;1;241,25;SEPARADO;GW;14125/14126/014120;0;;
01871701001;006606;61402046608;FECH RAD SMART I PK1103A;;SEPARADO;1;;;1;731,47;SEPARADO;GW;14125/14126/014120;0;;
01871701001;006606;61405001101;BATENTE DE BORRACHA CONICO;;SEPARADO;3;;;3;6,4;SEPARADO;ML;000000;0;;
01871701001;006606;61601008708;SPT ESQ QCF/QTA SMART I E II;;SEPARADO;1;;;1;33,775;SEPARADO;GW;14125/14126/014120;0;;
01871701001;006606;61601008808;SPT DIR QCF/QTA SMART I E II;;SEPARADO;1;;;1;33,775;SEPARADO;GW;14125/14126/014120;0;;
01871701006;006606;61635033549;TAMPA DJ MAN ABB QCF/QTA A0/A2;;SEPARADO;1;;;1;24,125;SEPARADO;GW;14125/14126/014120;0;;
01871701006;006606;61640008851;SPT DJ ABB A0/A2 QCF/QTA;;SEPARADO;1;;;1;33,775;SEPARADO;GW;14125/14126/014120;0;;
01871701006;006606;61647041101;DCM 3P FX 80A A0C TMF;;SEPARADO;1;;;1;152,8;SEPARADO;ABB;014123;0,065;;
01871701006;006606;61648042801;DJ 3P 10A SJ203 T-C10;;RETIRADO;1;;;1;48,61;RETIRADO;#N/D;000000;;;
01871701001;006606;61652004801;RL AUX 40A 12VCC DNI0102;;SEPARADO;2;;;2;5,86;SEPARADO;SNAP;014090;0;;
01871701006;006606;61653004801;TC SASSI 250-5A ST-42;;SEPARADO;3;;;3;91;SEPARADO;SASSI;014115;0,065;;
01871701006;006606;61656004001;CONT NF BOTAO ABB LINHA MCB;;FALTA;2;;;2;9,33;FALTA;ABB;014123;0,0975;;
01871701006;006606;61659003501;PROT PLC A0 QTA SMART ELETRONET;;SEPARADO;1;;;1;78,83870968;SEPARADO;EMPORIO DO ACRILICO;014124;0;;
01871701001;006606;61801002001;PF DIN912 M10X40 12.9 PT;;SEPARADO;12;;;12;5,58;SEPARADO;MULT TEMPERA COAT TECNOLOGIA EM TRATAMENTO TERMICO E REVESTIMENTOS SUPERFICIAIS;000000;;;
01871701001;006606;61801002101;"PF DIN912 3/8""UNFX1"" 12.9 PT";;SEPARADO;8;;;8;5,11;SEPARADO;MULT TEMPERA COAT TECNOLOGIA EM TRATAMENTO TERMICO E REVESTIMENTOS SUPERFICIAIS;000000;;;
01871701001;006606;61801002201;ARR M10 DIN 127 BIC;;KANBAN;20;;;20;0,85;KANBAN;CENTRAL;000000;0;;
01871701001;006606;61802000111;"BICO RM 1/2""NPT MANG 1/2"" BIC";;FALTA;2;;;2;26,88;FALTA;BULKS;014088;0;;
01871701001;006606;61802000311;BICO RM 1/2 POL.NPT FM16 MANG;;FALTA;1;;;1;26,88;FALTA;BULKS;014088;0;;
01871701001;006606;61802000422;COTOVELO MF 90 1 2NPT GALV;;FALTA;1;;;1;8,34;FALTA;CENTRAL;014105;0;;
01871701001;006606;61802000711;BICO RM 1/2 NPT MANG 3/8 BIC;;SEPARADO;1;;;1;26,88;SEPARADO;BULKS;014088;0;;
01871701001;006606;61802001711;BICO RM 1/2NPT MANG 5/8 BIC;;FALTA;2;;;2;26,88;FALTA;BULKS;014088;0;;
01871701001;006606;61802002711;ADP M/M 1/2”NPT X 3/4UNF BIC;;SEPARADO;1;;;1;26,88;SEPARADO;BULKS;014088;0;;
01871701001;006606;61802002811;"BICO RM 1/4""NPT MANG 5/8"" BIC";;FALTA;1;;;1;26,88;FALTA;BULKS;014088;0;;
01871701001;006606;61802002911;ADP M/F M18X1.5 X M14X1.5 BIC;;FALTA;1;;;1;26,88;FALTA;BULKS;014088;0;;
01871701001;006606;61802008111;ADP M RESP M22;;FALTA;1;;;1;26,88;FALTA;BULKS;014088;0;;
01871701001;006606;61802014001;BICO RM 1/2 NPT MANG 5/16 BIC;;SEPARADO;1;;;1;26,88;SEPARADO;BULKS;014088;0;;
01871701001;006606;61805000222;ABRACADEIRA CRON D14-22 AC;;FALTA;2;;;2;4,15;FALTA;REI DAS MANGUEIRAS;014113;0;;
01871701001;006606;61807000301;ARR VED 10X16X1.5 AL;;SEPARADO;2;;;2;1,1;SEPARADO;CENTRAL;014105;0;;
01871701001;006606;61809000101;"VALV ESFERA F/F 1/2"" NPT";;FALTA;1;;;1;88,15;FALTA;MX;014112;0;;
01871701001;006606;61809000301;"VALV ESF BORBOLETA F/F 1/2""NPT";;SEPARADO;1;;;1;62,82;SEPARADO;MX;014112;0;;
01871701006;006606;106001500;DJ 1P 10A CURVA C 10KA S201;;FALTA;1;;;1;27,95;FALTA;ABB;014123;0,065;;
01871701006;006606;106207600;POSTE FINAL USK-2G2;;FALTA;3;;;3;1,02;FALTA;PROAUTO;014121;0,0975;;
01871701006;006606;104193600;SUPORTE IDENTIF P/ POSTE KLM-A;;SEPARADO;2;;;2;0;SEPARADO;0;000000;;;
01871701006;006606;107078500;CB COBRE NU 16MM2;;SEPARADO;0,5;;;0,5;10,2811;SEPARADO;COBREFLEX INDUSTRIA, DISTRIBUICAO E COMERCIO DE FIOS E CABOS EIRELI;000000;;;
01871701006;006606;204583100;PORTA DOCUMENTOS TASCO 71160;;FALTA;1;;;1;40,83;FALTA;TASCO;014108;0,0975;;
01871701006;006606;61640008749;TAMPA QTA USCA 5C CTZ;;SEPARADO;1;;;1;27,02;SEPARADO;GW;14125/14126/014120;0;;
01871701006;006606;106004400;DJ 3P 16A CURVA C 10KA S203;;SEPARADO;2;;;2;48,61;SEPARADO;ABB ELETRIFICACAO LTDA;000000;;;
01871701006;006606;61648042901;DJ 2P 10A SJ202 T-C10;;SEPARADO;1;;;1;35;SEPARADO;ABB ELETRIFICACAO LTDA;000000;;;
01871701006;006606;61652004801;RL AUX 40A 12VCC DNI0102;;SEPARADO;4;;;4;5,86;SEPARADO;SNAP;014090;0;;
01871701006;006606;101033600;MOD IL4-AMF8;;FALTA;1;;;1;842,74;FALTA;SERVINTEL;014089;0;;
01871701006;006606;61655002601;CARREG BAT 12/24VCC KVA PRO;;SEPARADO;1;;;1;466,33;SEPARADO;KVA;014111;0;;
01871701006;006606;61656003801;SUPORTE MODULAR BOTAO ABB;;FALTA;1;;;1;5,55;FALTA;ABB;014123;0,0975;;
01871701006;006606;61656004001;CONT NF BOTAO ABB LINHA MCB;;FALTA;1;;;1;9,33;FALTA;ABB;014123;0,0975;;
01871701006;006606;61656004701;CABECOTE BOTAO EMERGENCIA ABB;;FALTA;1;;;1;40,97;FALTA;ABB;014123;0,0975;;
01871701006;006606;61656004801;ADESIVO PARADA DE EMERGENCIA;;FÁBRICA;1;;;1;25,7;FÁBRICA;APS COMPONENTES ELETRICOS S/A;000000;;;
01871701006;006606;61659003301;TERMO RETRATIL AZUL LARG 9MM;;SEPARADO;24,3;;;24,3;2,4971;SEPARADO;ESTOQUE;000000;0;;
01871701006;006606;61660001201;TER ISOL ANEL 16MM² M8;;SEPARADO;1;;;1;16,1;SEPARADO;ROMAR ACESSORIOS INDUSTRIAIS LTDA;000000;;;
01871701006;006606;61660001301;TER ISOL ANEL 16MM² M10;;SEPARADO;1;;;1;16,39;SEPARADO;ROMAR ACESSORIOS INDUSTRIAIS LTDA;000000;;;
01871701006;006606;61660005901;BORNE DUPLO PUSH IN 4MM DDP4;;SEPARADO;7;;;7;1,9;SEPARADO;PROAUTO;014121;0,0975;;
01871701006;006606;61660006101;BORNE PUSH IN DP2.5PG-XXP;;RETIRADO;1;;;1;7,42;RETIRADO;PROAUTO;014121;0,0975;;
01871701006;006606;61660006201;JUMPER BORNE DUP 4MM DSD01402N;;SEPARADO;1;;;1;2,01;SEPARADO;PROAUTO;014121;0,0975;;
01871701006;006606;61660006501;TAMPA P/ BORNE DUP 4MM DPP4C;;SEPARADO;2;;;2;1,38;SEPARADO;PROAUTO;014121;0,0975;;
01871701006;006606;61660006601;TAMPA P/ BORNE 4MM DPES2.5C;;FALTA;1;;;1;2,06;FALTA;PROAUTO;014121;0,0975;;
01871701009;006606;107045500;"BARRA COBRE 1"" X 5/16""";;SEPARADO;0,2;;;0,2;170,9516;SEPARADO;ESTOQUE;000000;0;;
01871701010;006606;105049200;INTTRV MEC CTTR VM19;;FALTA;1;;;1;92,68;FALTA;ABB;014123;0,0975;;
01871701010;006606;105049500;CTTR 3P 160A AF116 30-11-13;;FALTA;2;;;2;756,87;FALTA;ABB;014123;0,0325;;
01871701010;006606;106088800;DJ 3P 80A S283 C80;;SEPARADO;1;;;1;0;SEPARADO;0;000000;;;
01871701010;006606;107069800;CB COBRE 10MM2 BR 200ºC 152A;;SEPARADO;1;;;1;53,25;SEPARADO;CONDUMIX COMERCIO DE MATERIAL ELETRICO LTDA;000000;;;
01871701010;006606;107010900;CB COBRE 50MM2 0,6/1KV 90 C PT;;SEPARADO;0,75;;;0,75;70,95;SEPARADO;REMO ELETRICA LTDA;000000;;;
01871701010;006606;107069800;CB COBRE 10MM2 BR 200ºC 152A;;SEPARADO;5;;;5;0;SEPARADO;CONDUMIX COMERCIO DE MATERIAL ELETRICO LTDA;000000;;;
01871701010;006606;61646009401;PROT SURTOS FRONT V 460V 45KA;;FALTA;4;;;4;38,9792;FALTA;CLAMPER;014107;0,0975;;
01871701011;006606;209001400;PERFIL BRCH U 12X6MM 1912;;SEPARADO;0,5;;;0,5;0;SEPARADO;0;000000;;;
01871701011;006606;61405001201;DOBRADICA TASCO 91591;;FALTA;3;;;3;0;FALTA;GW;14125/14126/014120;0;;
01871701011;006606;61405002801;FECHO LINGUETA YALE;;FALTA;2;;;2;0;FALTA;GW;14125/14126/014120;0;;
01871701011;006606;61635033349;TAMPA PASS CB QD QCF/QTA;;SEPARADO;1;;;1;24,125;SEPARADO;GW;14125/14126/014120;0;;
01871701011;006606;61635033949;SPT TRILHO QCF/QTA;;SEPARADO;2;;;2;24,125;SEPARADO;GW;14125/14126/014120;0;;
01871701011;006606;61640008649;GABINETE QTA 800X600X200 CTZ;;SEPARADO;1;;;1;627,25;SEPARADO;GW;14125/14126/014120;0;;
01871701012;006606;104016100;TER ISOL ANEL 6.70-10.00MM M8;;SEPARADO;4;;;4;0;SEPARADO;0;000000;;;
01871701012;006606;109013600;FITA ISOL 19MMX5M PT;;FALTA;1;;;1;10;FALTA;REI DAS MANGUEIRAS;000000;0;;
01871701012;006606;109013700;FITA ISOLANTE AUTOFUSAO - 19MMX5M PT;;FALTA;1;;;1;9,85;FALTA;REI DAS MANGUEIRAS;000000;0;;
01871701013;006606;101095500;MOD COMUNICACAO CM3-ETHERNET;;FALTA;1;;;1;995,11;FALTA;SERVINTEL;014089;0;;
01871801001;006608;101004800;SENSOR TEMP 12VCC;;SEPARADO;1;;;1;210,79;SEPARADO;POLIPECAS COMERCIAL E IMPORTADORA LTDA;000000;;;
01871801001;006608;104016100;TER ISOL ANEL 6.70-10.00MM M8;;SEPARADO;8;;;8;0;SEPARADO;0;000000;;;
01871801001;006608;107069800;CB COBRE 10MM2 BR 200ºC 152A;;SEPARADO;2,8;;;2,8;53,25;SEPARADO;CONDUMIX COMERCIO DE MATERIAL ELETRICO LTDA;000000;;;
01871801006;006608;109092400;ISOLADOR CIL 16X30 MM M6;;SEPARADO;2;;;2;26,9;SEPARADO;MX;014112;0;;
01871801001;006608;204229500;CALCO D106 X 9,53;;SEPARADO;4;;;4;33,775;SEPARADO;GW;14125/14126/014120;0;;
01871801001;006608;204576400;ADP M/F M10X1,5 X M10X1,0;;FALTA;1;;;1;26,88;FALTA;BULKS;014088;0;;
01871801001;006608;209001400;PERFIL BRCH U 12X6MM 1912;;SEPARADO;0,3;;;0,3;0;SEPARADO;0;000000;;;
01871801001;006608;210012800;ARR M10 DIN 125 BIC;;KANBAN;20;;;20;1,15;KANBAN;MX;000000;;;
01871801001;006608;30702002801;BARRA ROSCADA 6MM;;FALTA;2;;;2;24,125;FALTA;GW;14125/14126/014120;0;;
01871801001;006608;31601193601NE;BOTAO EMERGENCIA CARENAGEM 2NF;;SEPARADO;1;;;1;8548,9321;SEPARADO;SDMO  INDUSTRIES;000000;;;
01871801001;006608;31805000303;ABRACADEIRA CRON D17-27 AC;;FALTA;4;;;4;4,15;FALTA;REI DAS MANGUEIRAS;014113;0;;
01871801001;006608;31805005801;ABRACADEIRA ESCAP. MS 73-81;;SEPARADO;1;;;1;28;SEPARADO;SCAPSUL;014119;0,065;;
01871801001;006608;31807001215;JUNTA DE VEDACAO D14XD18X1,5;;FÁBRICA;1;;;1;5;FÁBRICA;CENTRAL;014105;0;;
01871801001;006608;31807001223;JUNTA DE VEDACAO D18XD24X1,5;;FÁBRICA;1;;;1;6;FÁBRICA;CENTRAL;014105;0;;
01871801001;006608;31810002505;MANGUEIRA FLEXIVEL 12X19;;KANBAN;0,6;;;0,6;102,78;KANBAN;MX;000000;;;
01871801001;006608;31810006103;MANGUEIRA FLEXIVEL 16X26;;KANBAN;0,6;;;0,6;138,6;KANBAN;MX;000000;;;
01871801001;006608;60101001401;MOTOR PERKINS 1103A-33TG1;;SEPARADO;1;;;1;25322,58;SEPARADO;SOMOV S.A;014085;0;;
01871801001;006608;60201018801;GS WEG AW10 BR180S1-H MU F3;;SEPARADO;1;;;1;10554,29;SEPARADO;WEG EQUIPAMENTOS ELETRICOS S/A;014084;0;;
01871801001;006608;60305003201;RESIST. PREAQUEC. 1000W 220V;;FALTA;1;;;1;900;FALTA;SERVINTEL;014089;0;;
01871801001;006608;60501001601;TAMPA BOC ABAST TANCLIK  A101C;;SEPARADO;1;;;1;48;SEPARADO;ITULUB;014109;0;;
01871801001;006608;60501004708;FLANGE TQ POLI RETORNO;;SEPARADO;1;;;1;72,375;SEPARADO;GW;14125/14126/014120;0;;
01871801001;006608;60501004908;TRAVA FIX 450L;;SEPARADO;2;;;2;33,775;SEPARADO;GW;14125/14126/014120;0;;
01871801001;006608;60501005501;TQ COMB 180L POLIETILENO;;FALTA;1;;;1;1563,79;FALTA;ACCURATE MACHINE USINAGEM DE PRECISAO LTDA ME                                   ;014087;0;;
01871801001;006608;60501008608;CONTRA FLANGE TQ POLIETILENO;;SEPARADO;2;;;2;33,775;SEPARADO;GW;14125/14126/014120;0;;
01871801001;006608;60501010308;FLANGE TQ 200L POLI ABAST KVA;;SEPARADO;1;;;1;33,775;SEPARADO;GW;14125/14126/014120;0;;
01871801001;006608;60501010708;BOCAL ENCHIMENTO TQ TANCLICK;;FALTA;1;;;1;145;FALTA;AÇO FORT;000000;0;;
01871801001;006608;60702003501;BATERIA 12V 70AH 510CCA KONDOR;;FALTA;1;;;1;450;FALTA;JMS;014110;0;;
01871801001;006608;60702005608;SPT BAT 70AH SMART I;;SEPARADO;1;;;1;96,5;SEPARADO;GW;14125/14126/014120;0;;
01871801001;006608;60702006008;SPT FIX BAT 100AH SMART;;SEPARADO;1;;;1;91,675;SEPARADO;GW;14125/14126/014120;0;;
01871801001;006608;61401016249NE;CARENAGEM SMART I ;;FALTA;1;;;1;3377,5;FALTA;GW;14125/14126/014120;0;;
01871801001;006608;60901012816;SILENCIOSO 29DBA CRN KSE105;;SEPARADO;1;;;1;1363,04;SEPARADO;SCAPSUL;014119;0,065;;
01871801001;006608;60901024616;CURVA FLEX PK1103T KSE105 VS;;SEPARADO;1;;;1;772,34;SEPARADO;SCAPSUL;014119;0,065;;
01871801001;006608;61101000501;SENSOR PR OLEO 3RHO 7704;;SEPARADO;1;;;1;209,6;SEPARADO;MX;014112;0;;
01871801001;006608;61101001301;SENS NV COMB ULTRAS K40LSR;;SEPARADO;1;;;1;441;SEPARADO;KVA;014111;0;;
01871801001;006608;61103000100;"BOIA MEC FV34-75-PP130 3/4""BSP";;FALTA;1;;;1;900;FALTA;SANTAE;014114;0,0325;;
01871801001;006608;61301014708;BASE SMART I PK;;FALTA;1;;;1;965;FALTA;GW;14125/14126/014120;0;;
01871801001;006608;61303000101;AMT VIBRA-STOP XT2000 M12;;FALTA;4;;;4;103,7;FALTA;VIBRA-STOP;014117;0;;
01871801001;006608;61307015508;SPT MOT PK/FPT SMART I E II;;SEPARADO;1;;;1;241,25;SEPARADO;GW;14125/14126/014120;0;;
01871801001;006608;61307015608;SPT ALT WEG SMART I E II;;SEPARADO;1;;;1;241,25;SEPARADO;GW;14125/14126/014120;0;;
01871801001;006608;61402046608;FECH RAD SMART I PK1103A;;SEPARADO;1;;;1;731,47;SEPARADO;GW;14125/14126/014120;0;;
01871801001;006608;61405001101;BATENTE DE BORRACHA CONICO;;SEPARADO;3;;;3;6,4;SEPARADO;ML;000000;0;;
01871801001;006608;61601008708;SPT ESQ QCF/QTA SMART I E II;;SEPARADO;1;;;1;33,775;SEPARADO;GW;14125/14126/014120;0;;
01871801001;006608;61601008808;SPT DIR QCF/QTA SMART I E II;;SEPARADO;1;;;1;33,775;SEPARADO;GW;14125/14126/014120;0;;
01871801006;006608;61635033549;TAMPA DJ MAN ABB QCF/QTA A0/A2;;SEPARADO;1;;;1;24,125;SEPARADO;GW;14125/14126/014120;0;;
01871801006;006608;61640008851;SPT DJ ABB A0/A2 QCF/QTA;;SEPARADO;1;;;1;33,775;SEPARADO;GW;14125/14126/014120;0;;
01871801006;006608;61647041101;DCM 3P FX 80A A0C TMF;;FALTA;1;;;1;152,8;FALTA;ABB;014123;0,065;;
01871801006;006608;61648042801;DJ 3P 10A SJ203 T-C10;;RETIRADO;1;;;1;48,61;RETIRADO;#N/D;000000;;;
01871801001;006608;61652004801;RL AUX 40A 12VCC DNI0102;;SEPARADO;2;;;2;5,86;SEPARADO;SNAP;014090;0;;
01871801006;006608;61653004801;TC SASSI 250-5A ST-42;;SEPARADO;3;;;3;91;SEPARADO;SASSI;014115;0,065;;
01871801006;006608;61656004001;CONT NF BOTAO ABB LINHA MCB;;FALTA;2;;;2;9,33;FALTA;ABB;014123;0,0975;;
01871801006;006608;61659003501;PROT PLC A0 QTA SMART ELETRONET;;SEPARADO;1;;;1;78,83870968;SEPARADO;EMPORIO DO ACRILICO;014124;0;;
01871801001;006608;61801002001;PF DIN912 M10X40 12.9 PT;;SEPARADO;12;;;12;5,58;SEPARADO;MULT TEMPERA COAT TECNOLOGIA EM TRATAMENTO TERMICO E REVESTIMENTOS SUPERFICIAIS;000000;;;
01871801001;006608;61801002101;"PF DIN912 3/8""UNFX1"" 12.9 PT";;SEPARADO;8;;;8;5,11;SEPARADO;MULT TEMPERA COAT TECNOLOGIA EM TRATAMENTO TERMICO E REVESTIMENTOS SUPERFICIAIS;000000;;;
01871801001;006608;61801002201;ARR M10 DIN 127 BIC;;KANBAN;20;;;20;0,85;KANBAN;CENTRAL;000000;0;;
01871801001;006608;61802000111;"BICO RM 1/2""NPT MANG 1/2"" BIC";;FALTA;2;;;2;26,88;FALTA;BULKS;014088;0;;
01871801001;006608;61802000311;BICO RM 1/2 POL.NPT FM16 MANG;;FALTA;1;;;1;26,88;FALTA;BULKS;014088;0;;
01871801001;006608;61802000422;COTOVELO MF 90 1 2NPT GALV;;FALTA;1;;;1;8,34;FALTA;CENTRAL;014105;0;;
01871801001;006608;61802000711;BICO RM 1/2 NPT MANG 3/8 BIC;;SEPARADO;1;;;1;26,88;SEPARADO;BULKS;014088;0;;
01871801001;006608;61802001711;BICO RM 1/2NPT MANG 5/8 BIC;;FALTA;2;;;2;26,88;FALTA;BULKS;014088;0;;
01871801001;006608;61802002711;ADP M/M 1/2”NPT X 3/4UNF BIC;;SEPARADO;1;;;1;26,88;SEPARADO;BULKS;014088;0;;
01871801001;006608;61802002811;"BICO RM 1/4""NPT MANG 5/8"" BIC";;FALTA;1;;;1;26,88;FALTA;BULKS;014088;0;;
01871801001;006608;61802002911;ADP M/F M18X1.5 X M14X1.5 BIC;;FALTA;1;;;1;26,88;FALTA;BULKS;014088;0;;
01871801001;006608;61802008111;ADP M RESP M22;;FALTA;1;;;1;26,88;FALTA;BULKS;014088;0;;
01871801001;006608;61802014001;BICO RM 1/2 NPT MANG 5/16 BIC;;SEPARADO;1;;;1;26,88;SEPARADO;BULKS;014088;0;;
01871801001;006608;61805000222;ABRACADEIRA CRON D14-22 AC;;FALTA;2;;;2;4,15;FALTA;REI DAS MANGUEIRAS;014113;0;;
01871801001;006608;61807000301;ARR VED 10X16X1.5 AL;;SEPARADO;2;;;2;1,1;SEPARADO;CENTRAL;014105;0;;
01871801001;006608;61809000101;"VALV ESFERA F/F 1/2"" NPT";;FALTA;1;;;1;88,15;FALTA;MX;014112;0;;
01871801001;006608;61809000301;"VALV ESF BORBOLETA F/F 1/2""NPT";;SEPARADO;1;;;1;62,82;SEPARADO;MX;014112;0;;
01871801006;006608;106001500;DJ 1P 10A CURVA C 10KA S201;;FALTA;1;;;1;27,95;FALTA;ABB;014123;0,065;;
01871801006;006608;106207600;POSTE FINAL USK-2G2;;FALTA;3;;;3;1,02;FALTA;PROAUTO;014121;0,0975;;
01871801006;006608;104193600;SUPORTE IDENTIF P/ POSTE KLM-A;;SEPARADO;2;;;2;0;SEPARADO;0;000000;;;
01871801006;006608;107078500;CB COBRE NU 16MM2;;SEPARADO;0,5;;;0,5;10,2811;SEPARADO;COBREFLEX INDUSTRIA, DISTRIBUICAO E COMERCIO DE FIOS E CABOS EIRELI;000000;;;
01871801006;006608;204583100;PORTA DOCUMENTOS TASCO 71160;;FALTA;1;;;1;40,83;FALTA;TASCO;014108;0,0975;;
01871801006;006608;61640008749;TAMPA QTA USCA 5C CTZ;;SEPARADO;1;;;1;27,02;SEPARADO;GW;14125/14126/014120;0;;
01871801006;006608;106004400;DJ 3P 16A CURVA C 10KA S203;;SEPARADO;2;;;2;48,61;SEPARADO;ABB ELETRIFICACAO LTDA;000000;;;
01871801006;006608;61648042901;DJ 2P 10A SJ202 T-C10;;SEPARADO;1;;;1;35;SEPARADO;ABB ELETRIFICACAO LTDA;000000;;;
01871801006;006608;61652004801;RL AUX 40A 12VCC DNI0102;;SEPARADO;4;;;4;5,86;SEPARADO;SNAP;014090;0;;
01871801006;006608;101033600;MOD IL4-AMF8;;FALTA;1;;;1;842,74;FALTA;SERVINTEL;014089;0;;
01871801006;006608;61655002601;CARREG BAT 12/24VCC KVA PRO;;SEPARADO;1;;;1;466,33;SEPARADO;KVA;014111;0;;
01871801006;006608;61656003801;SUPORTE MODULAR BOTAO ABB;;FALTA;1;;;1;5,55;FALTA;ABB;014123;0,0975;;
01871801006;006608;61656004001;CONT NF BOTAO ABB LINHA MCB;;FALTA;1;;;1;9,33;FALTA;ABB;014123;0,0975;;
01871801006;006608;61656004701;CABECOTE BOTAO EMERGENCIA ABB;;FALTA;1;;;1;40,97;FALTA;ABB;014123;0,0975;;
01871801006;006608;61656004801;ADESIVO PARADA DE EMERGENCIA;;FÁBRICA;1;;;1;25,7;FÁBRICA;APS COMPONENTES ELETRICOS S/A;000000;;;
01871801006;006608;61659003301;TERMO RETRATIL AZUL LARG 9MM;;SEPARADO;24,3;;;24,3;2,4971;SEPARADO;ESTOQUE;000000;0;;
01871801006;006608;61660001201;TER ISOL ANEL 16MM² M8;;SEPARADO;1;;;1;16,1;SEPARADO;ROMAR ACESSORIOS INDUSTRIAIS LTDA;000000;;;
01871801006;006608;61660001301;TER ISOL ANEL 16MM² M10;;SEPARADO;1;;;1;16,39;SEPARADO;ROMAR ACESSORIOS INDUSTRIAIS LTDA;000000;;;
01871801006;006608;61660005901;BORNE DUPLO PUSH IN 4MM DDP4;;SEPARADO;7;;;7;1,9;SEPARADO;PROAUTO;014121;0,0975;;
01871801006;006608;61660006101;BORNE PUSH IN DP2.5PG-XXP;;RETIRADO;1;;;1;7,42;RETIRADO;PROAUTO;014121;0,0975;;
01871801006;006608;61660006201;JUMPER BORNE DUP 4MM DSD01402N;;SEPARADO;1;;;1;2,01;SEPARADO;PROAUTO;014121;0,0975;;
01871801006;006608;61660006501;TAMPA P/ BORNE DUP 4MM DPP4C;;SEPARADO;2;;;2;1,38;SEPARADO;PROAUTO;014121;0,0975;;
01871801006;006608;61660006601;TAMPA P/ BORNE 4MM DPES2.5C;;FALTA;1;;;1;2,06;FALTA;PROAUTO;014121;0,0975;;
01871801009;006608;107045500;"BARRA COBRE 1"" X 5/16""";;SEPARADO;0,2;;;0,2;170,9516;SEPARADO;ESTOQUE;000000;0;;
01871801010;006608;105049200;INTTRV MEC CTTR VM19;;FALTA;1;;;1;92,68;FALTA;ABB;014123;0,0975;;
01871801010;006608;105049500;CTTR 3P 160A AF116 30-11-13;;FALTA;2;;;2;756,87;FALTA;ABB;014123;0,0325;;
01871801010;006608;106088800;DJ 3P 80A S283 C80;;SEPARADO;1;;;1;0;SEPARADO;0;000000;;;
01871801010;006608;107069800;CB COBRE 10MM2 BR 200ºC 152A;;SEPARADO;1;;;1;53,25;SEPARADO;CONDUMIX COMERCIO DE MATERIAL ELETRICO LTDA;000000;;;
01871801010;006608;107010900;CB COBRE 50MM2 0,6/1KV 90 C PT;;SEPARADO;0,75;;;0,75;70,95;SEPARADO;REMO ELETRICA LTDA;000000;;;
01871801010;006608;107069800;CB COBRE 10MM2 BR 200ºC 152A;;SEPARADO;5;;;5;0;SEPARADO;CONDUMIX COMERCIO DE MATERIAL ELETRICO LTDA;000000;;;
01871801010;006608;61646009401;PROT SURTOS FRONT V 460V 45KA;;FALTA;4;;;4;38,9792;FALTA;CLAMPER;014107;0,0975;;
01871801011;006608;209001400;PERFIL BRCH U 12X6MM 1912;;SEPARADO;0,5;;;0,5;0;SEPARADO;0;000000;;;
01871801011;006608;61405001201;DOBRADICA TASCO 91591;;FALTA;3;;;3;0;FALTA;GW;14125/14126/014120;0;;
01871801011;006608;61405002801;FECHO LINGUETA YALE;;FALTA;2;;;2;0;FALTA;GW;14125/14126/014120;0;;
01871801011;006608;61635033349;TAMPA PASS CB QD QCF/QTA;;SEPARADO;1;;;1;24,125;SEPARADO;GW;14125/14126/014120;0;;
01871801011;006608;61635033949;SPT TRILHO QCF/QTA;;SEPARADO;2;;;2;24,125;SEPARADO;GW;14125/14126/014120;0;;
01871801011;006608;61640008649;GABINETE QTA 800X600X200 CTZ;;SEPARADO;1;;;1;627,25;SEPARADO;GW;14125/14126/014120;0;;
01871801012;006608;104016100;TER ISOL ANEL 6.70-10.00MM M8;;SEPARADO;4;;;4;0;SEPARADO;0;000000;;;
01871801012;006608;109013600;FITA ISOL 19MMX5M PT;;FALTA;1;;;1;10;FALTA;REI DAS MANGUEIRAS;000000;0;;
01871801012;006608;109013700;FITA ISOLANTE AUTOFUSAO - 19MMX5M PT;;FALTA;1;;;1;9,85;FALTA;REI DAS MANGUEIRAS;000000;0;;
01871801013;006608;101095500;MOD COMUNICACAO CM3-ETHERNET;;FALTA;1;;;1;995,11;FALTA;SERVINTEL;014089;0;;
01872001001;006610;101004800;SENSOR TEMP 12VCC;;SEPARADO;1;;;1;210,79;SEPARADO;POLIPECAS COMERCIAL E IMPORTADORA LTDA;000000;;;
01872001001;006610;104016100;TER ISOL ANEL 6.70-10.00MM M8;;SEPARADO;8;;;8;0;SEPARADO;0;000000;;;
01872001001;006610;107069800;CB COBRE 10MM2 BR 200ºC 152A;;SEPARADO;2,8;;;2,8;53,25;SEPARADO;CONDUMIX COMERCIO DE MATERIAL ELETRICO LTDA;000000;;;
01872001006;006610;109092400;ISOLADOR CIL 16X30 MM M6;;SEPARADO;2;;;2;26,9;SEPARADO;MX;014112;0;;
01872001001;006610;204229500;CALCO D106 X 9,53;;SEPARADO;4;;;4;33,775;SEPARADO;GW;14125/14126/014120;0;;
01872001001;006610;204576400;ADP M/F M10X1,5 X M10X1,0;;FALTA;1;;;1;26,88;FALTA;BULKS;014088;0;;
01872001001;006610;209001400;PERFIL BRCH U 12X6MM 1912;;SEPARADO;0,3;;;0,3;0;SEPARADO;0;000000;;;
01872001001;006610;210012800;ARR M10 DIN 125 BIC;;KANBAN;20;;;20;1,15;KANBAN;MX;000000;;;
01872001001;006610;30702002801;BARRA ROSCADA 6MM;;FALTA;2;;;2;24,125;FALTA;GW;14125/14126/014120;0;;
01872001001;006610;31601193601NE;BOTAO EMERGENCIA CARENAGEM 2NF;;SEPARADO;1;;;1;8548,9321;SEPARADO;SDMO  INDUSTRIES;000000;;;
01872001001;006610;31805000303;ABRACADEIRA CRON D17-27 AC;;FALTA;4;;;4;4,15;FALTA;REI DAS MANGUEIRAS;014113;0;;
01872001001;006610;31805005801;ABRACADEIRA ESCAP. MS 73-81;;SEPARADO;1;;;1;28;SEPARADO;SCAPSUL;014119;0,065;;
01872001001;006610;31807001215;JUNTA DE VEDACAO D14XD18X1,5;;FÁBRICA;1;;;1;5;FÁBRICA;CENTRAL;014105;0;;
01872001001;006610;31807001223;JUNTA DE VEDACAO D18XD24X1,5;;FÁBRICA;1;;;1;6;FÁBRICA;CENTRAL;014105;0;;
01872001001;006610;31810002505;MANGUEIRA FLEXIVEL 12X19;;KANBAN;0,6;;;0,6;102,78;KANBAN;MX;000000;;;
01872001001;006610;31810006103;MANGUEIRA FLEXIVEL 16X26;;KANBAN;0,6;;;0,6;138,6;KANBAN;MX;000000;;;
01872001001;006610;60101001401;MOTOR PERKINS 1103A-33TG1;;SEPARADO;1;;;1;25322,58;SEPARADO;SOMOV S.A;014085;0;;
01872001001;006610;60201018801;GS WEG AW10 BR180S1-H MU F3;;SEPARADO;1;;;1;10554,29;SEPARADO;WEG EQUIPAMENTOS ELETRICOS S/A;014084;0;;
01872001001;006610;60305003201;RESIST. PREAQUEC. 1000W 220V;;FALTA;1;;;1;900;FALTA;SERVINTEL;014089;0;;
01872001001;006610;60501001601;TAMPA BOC ABAST TANCLIK  A101C;;SEPARADO;1;;;1;48;SEPARADO;ITULUB;014109;0;;
01872001001;006610;60501004708;FLANGE TQ POLI RETORNO;;SEPARADO;1;;;1;72,375;SEPARADO;GW;14125/14126/014120;0;;
01872001001;006610;60501004908;TRAVA FIX 450L;;SEPARADO;2;;;2;33,775;SEPARADO;GW;14125/14126/014120;0;;
01872001001;006610;60501005501;TQ COMB 180L POLIETILENO;;FALTA;1;;;1;1563,79;FALTA;ACCURATE MACHINE USINAGEM DE PRECISAO LTDA ME                                   ;014087;0;;
01872001001;006610;60501008608;CONTRA FLANGE TQ POLIETILENO;;SEPARADO;2;;;2;33,775;SEPARADO;GW;14125/14126/014120;0;;
01872001001;006610;60501010308;FLANGE TQ 200L POLI ABAST KVA;;SEPARADO;1;;;1;33,775;SEPARADO;GW;14125/14126/014120;0;;
01872001001;006610;60501010708;BOCAL ENCHIMENTO TQ TANCLICK;;FALTA;1;;;1;145;FALTA;AÇO FORT;000000;0;;
01872001001;006610;60702003501;BATERIA 12V 70AH 510CCA KONDOR;;FALTA;1;;;1;450;FALTA;JMS;014110;0;;
01872001001;006610;60702005608;SPT BAT 70AH SMART I;;SEPARADO;1;;;1;96,5;SEPARADO;GW;14125/14126/014120;0;;
01872001001;006610;60702006008;SPT FIX BAT 100AH SMART;;SEPARADO;1;;;1;91,675;SEPARADO;GW;14125/14126/014120;0;;
01872001001;006610;61401016249NE;CARENAGEM SMART I ;;FALTA;1;;;1;3377,5;FALTA;GW;14125/14126/014120;0;;
01872001001;006610;60901012816;SILENCIOSO 29DBA CRN KSE105;;SEPARADO;1;;;1;1363,04;SEPARADO;SCAPSUL;014119;0,065;;
01872001001;006610;60901024616;CURVA FLEX PK1103T KSE105 VS;;SEPARADO;1;;;1;772,34;SEPARADO;SCAPSUL;014119;0,065;;
01872001001;006610;61101000501;SENSOR PR OLEO 3RHO 7704;;SEPARADO;1;;;1;209,6;SEPARADO;MX;014112;0;;
01872001001;006610;61101001301;SENS NV COMB ULTRAS K40LSR;;SEPARADO;1;;;1;441;SEPARADO;KVA;014111;0;;
01872001001;006610;61103000100;"BOIA MEC FV34-75-PP130 3/4""BSP";;FALTA;1;;;1;900;FALTA;SANTAE;014114;0,0325;;
01872001001;006610;61301014708;BASE SMART I PK;;FALTA;1;;;1;965;FALTA;GW;14125/14126/014120;0;;
01872001001;006610;61303000101;AMT VIBRA-STOP XT2000 M12;;FALTA;4;;;4;103,7;FALTA;VIBRA-STOP;014117;0;;
01872001001;006610;61307015508;SPT MOT PK/FPT SMART I E II;;SEPARADO;1;;;1;241,25;SEPARADO;GW;14125/14126/014120;0;;
01872001001;006610;61307015608;SPT ALT WEG SMART I E II;;SEPARADO;1;;;1;241,25;SEPARADO;GW;14125/14126/014120;0;;
01872001001;006610;61402046608;FECH RAD SMART I PK1103A;;FALTA;1;;;1;731,47;FALTA;GW;14125/14126/014120;0;;
01872001001;006610;61405001101;BATENTE DE BORRACHA CONICO;;SEPARADO;3;;;3;6,4;SEPARADO;ML;000000;0;;
01872001001;006610;61601008708;SPT ESQ QCF/QTA SMART I E II;;SEPARADO;1;;;1;33,775;SEPARADO;GW;14125/14126/014120;0;;
01872001001;006610;61601008808;SPT DIR QCF/QTA SMART I E II;;SEPARADO;1;;;1;33,775;SEPARADO;GW;14125/14126/014120;0;;
01872001006;006610;61635033549;TAMPA DJ MAN ABB QCF/QTA A0/A2;;SEPARADO;1;;;1;24,125;SEPARADO;GW;14125/14126/014120;0;;
01872001006;006610;61640008851;SPT DJ ABB A0/A2 QCF/QTA;;SEPARADO;1;;;1;33,775;SEPARADO;GW;14125/14126/014120;0;;
01872001006;006610;61647041501;DCM 3P FX 160A A2A TMF;;SEPARADO;1;;;1;313,24;SEPARADO;ABB;014123;0,065;;
01872001001;006610;61648042801;DJ 3P 10A SJ203 T-C10;;RETIRADO;1;;;1;48,61;RETIRADO;#N/D;000000;;;
01872001001;006610;61652004801;RL AUX 40A 12VCC DNI0102;;SEPARADO;2;;;2;5,86;SEPARADO;SNAP;014090;0;;
01872001006;006610;61653004801;TC SASSI 250-5A ST-42;;SEPARADO;3;;;3;91;SEPARADO;SASSI;014115;0,065;;
01872001006;006610;61656004001;CONT NF BOTAO ABB LINHA MCB;;FALTA;2;;;2;9,33;FALTA;ABB;014123;0,0975;;
01872001006;006610;61659003401;PROT PLC A2 QTA SMART ELETRONET;;SEPARADO;1;;;1;78,83870968;SEPARADO;EMPORIO DO ACRILICO;014124;0;;
01872001001;006610;61801002001;PF DIN912 M10X40 12.9 PT;;SEPARADO;12;;;12;5,58;SEPARADO;MULT TEMPERA COAT TECNOLOGIA EM TRATAMENTO TERMICO E REVESTIMENTOS SUPERFICIAIS;000000;;;
01872001001;006610;61801002101;"PF DIN912 3/8""UNFX1"" 12.9 PT";;SEPARADO;8;;;8;5,11;SEPARADO;MULT TEMPERA COAT TECNOLOGIA EM TRATAMENTO TERMICO E REVESTIMENTOS SUPERFICIAIS;000000;;;
01872001001;006610;61801002201;ARR M10 DIN 127 BIC;;KANBAN;20;;;20;0,85;KANBAN;CENTRAL;000000;0;;
01872001001;006610;61802000111;"BICO RM 1/2""NPT MANG 1/2"" BIC";;FALTA;2;;;2;26,88;FALTA;BULKS;014088;0;;
01872001001;006610;61802000311;BICO RM 1/2 POL.NPT FM16 MANG;;FALTA;1;;;1;26,88;FALTA;BULKS;014088;0;;
01872001001;006610;61802000422;COTOVELO MF 90 1 2NPT GALV;;FALTA;1;;;1;8,34;FALTA;CENTRAL;014105;0;;
01872001001;006610;61802000711;BICO RM 1/2 NPT MANG 3/8 BIC;;SEPARADO;1;;;1;26,88;SEPARADO;BULKS;014088;0;;
01872001001;006610;61802001711;BICO RM 1/2NPT MANG 5/8 BIC;;FALTA;2;;;2;26,88;FALTA;BULKS;014088;0;;
01872001001;006610;61802002711;ADP M/M 1/2”NPT X 3/4UNF BIC;;SEPARADO;1;;;1;26,88;SEPARADO;BULKS;014088;0;;
01872001001;006610;61802002811;"BICO RM 1/4""NPT MANG 5/8"" BIC";;FALTA;1;;;1;26,88;FALTA;BULKS;014088;0;;
01872001001;006610;61802002911;ADP M/F M18X1.5 X M14X1.5 BIC;;FALTA;1;;;1;26,88;FALTA;BULKS;014088;0;;
01872001001;006610;61802008111;ADP M RESP M22;;FALTA;1;;;1;26,88;FALTA;BULKS;014088;0;;
01872001001;006610;61802014001;BICO RM 1/2 NPT MANG 5/16 BIC;;SEPARADO;1;;;1;26,88;SEPARADO;BULKS;014088;0;;
01872001001;006610;61805000222;ABRACADEIRA CRON D14-22 AC;;FALTA;2;;;2;4,15;FALTA;REI DAS MANGUEIRAS;014113;0;;
01872001001;006610;61807000301;ARR VED 10X16X1.5 AL;;SEPARADO;2;;;2;1,1;SEPARADO;CENTRAL;014105;0;;
01872001001;006610;61809000101;"VALV ESFERA F/F 1/2"" NPT";;FALTA;1;;;1;88,15;FALTA;MX;014112;0;;
01872001001;006610;61809000301;"VALV ESF BORBOLETA F/F 1/2""NPT";;SEPARADO;1;;;1;62,82;SEPARADO;MX;014112;0;;
01872001006;006610;106001500;DJ 1P 10A CURVA C 10KA S201;;FALTA;1;;;1;27,95;FALTA;ABB;014123;0,065;;
01872001006;006610;106207600;POSTE FINAL USK-2G2;;SEPARADO;3;;;3;1,02;SEPARADO;PROAUTO;014121;0,0975;;
01872001006;006610;104193600;SUPORTE IDENTIF P/ POSTE KLM-A;;SEPARADO;2;;;2;0;SEPARADO;0;000000;;;
01872001006;006610;107078500;CB COBRE NU 16MM2;;SEPARADO;0,5;;;0,5;10,2811;SEPARADO;COBREFLEX INDUSTRIA, DISTRIBUICAO E COMERCIO DE FIOS E CABOS EIRELI;000000;;;
01872001006;006610;204583100;PORTA DOCUMENTOS TASCO 71160;;FALTA;1;;;1;40,83;FALTA;TASCO;014108;0,0975;;
01872001006;006610;61640008749;TAMPA QTA USCA 5C CTZ;;SEPARADO;1;;;1;27,02;SEPARADO;GW;14125/14126/014120;0;;
01872001006;006610;106004400;DJ 3P 16A CURVA C 10KA S203;;SEPARADO;2;;;2;48,61;SEPARADO;ABB ELETRIFICACAO LTDA;000000;;;
01872001006;006610;61648042901;DJ 2P 10A SJ202 T-C10;;SEPARADO;1;;;1;30,94;SEPARADO;ABB;014123;0,065;;
01872001006;006610;61652004801;RL AUX 40A 12VCC DNI0102;;SEPARADO;4;;;4;5,86;SEPARADO;SNAP;014090;0;;
01872001006;006610;101033600;MOD IL4-AMF8;;FALTA;1;;;1;842,74;FALTA;SERVINTEL;014089;0;;
01872001006;006610;61655002601;CARREG BAT 12/24VCC KVA PRO;;SEPARADO;1;;;1;466,33;SEPARADO;KVA;014111;0;;
01872001006;006610;61656003801;SUPORTE MODULAR BOTAO ABB;;FALTA;1;;;1;5,55;FALTA;ABB;014123;0,0975;;
01872001006;006610;61656004001;CONT NF BOTAO ABB LINHA MCB;;FALTA;1;;;1;9,33;FALTA;ABB;014123;0,0975;;
01872001006;006610;61656004701;CABECOTE BOTAO EMERGENCIA ABB;;FALTA;1;;;1;40,97;FALTA;ABB;014123;0,0975;;
01872001006;006610;61656004801;ADESIVO PARADA DE EMERGENCIA;;FÁBRICA;1;;;1;25,7;FÁBRICA;APS COMPONENTES ELETRICOS S/A;000000;;;
01872001006;006610;61659003301;TERMO RETRATIL AZUL LARG 9MM;;SEPARADO;24,3;;;24,3;2,4971;SEPARADO;ESTOQUE;000000;0;;
01872001006;006610;61660001201;TER ISOL ANEL 16MM² M8;;SEPARADO;1;;;1;16,1;SEPARADO;ROMAR ACESSORIOS INDUSTRIAIS LTDA;000000;;;
01872001006;006610;61660001301;TER ISOL ANEL 16MM² M10;;SEPARADO;1;;;1;16,39;SEPARADO;ROMAR ACESSORIOS INDUSTRIAIS LTDA;000000;;;
01872001006;006610;61660005901;BORNE DUPLO PUSH IN 4MM DDP4;;FALTA;7;;;3;1,9;FALTA;PROAUTO;014121;0,0975;;
01872001006;006610;61660006101;BORNE PUSH IN DP2.5PG-XXP;;RETIRADO;1;;;1;7,42;RETIRADO;PROAUTO;014121;0,0975;;
01872001006;006610;61660006201;JUMPER BORNE DUP 4MM DSD01402N;;SEPARADO;1;;;1;2,01;SEPARADO;PROAUTO;014121;0,0975;;
01872001006;006610;61660006501;TAMPA P/ BORNE DUP 4MM DPP4C;;SEPARADO;2;;;2;1,38;SEPARADO;PROAUTO;014121;0,0975;;
01872001006;006610;61660006601;TAMPA P/ BORNE 4MM DPES2.5C;;FALTA;1;;;1;2,06;FALTA;PROAUTO;014121;0,0975;;
01872001009;006610;107045500;"BARRA COBRE 1"" X 5/16""";;SEPARADO;0,2;;;0,2;170,9516;SEPARADO;ESTOQUE;000000;0;;
01872001010;006610;105049200;INTTRV MEC CTTR VM19;;FALTA;1;;;1;92,68;FALTA;ABB;014123;0,0975;;
01872001010;006610;105049500;CTTR 3P 160A AF116 30-11-13;;FALTA;2;;;2;756,87;FALTA;ABB;014123;0,0325;;
01872001010;006610;106088800;DJ 3P 80A S283 C80;;SEPARADO;1;;;1;0;SEPARADO;0;000000;;;
01872001010;006610;107069800;CB COBRE 10MM2 BR 200ºC 152A;;SEPARADO;1;;;1;53,25;SEPARADO;CONDUMIX COMERCIO DE MATERIAL ELETRICO LTDA;000000;;;
01872001010;006610;107010900;CB COBRE 50MM2 0,6/1KV 90 C PT;;SEPARADO;0,75;;;0,75;70,95;SEPARADO;REMO ELETRICA LTDA;000000;;;
01872001010;006610;107069800;CB COBRE 10MM2 BR 200ºC 152A;;SEPARADO;5;;;5;0;SEPARADO;CONDUMIX COMERCIO DE MATERIAL ELETRICO LTDA;000000;;;
01872001010;006610;61646009301;PROT SURTOS FRONT V 275V 45KA;;FALTA;4;;;4;28,6884;FALTA;CLAMPER;014107;0,0975;;
01872001011;006610;209001400;PERFIL BRCH U 12X6MM 1912;;SEPARADO;0,5;;;0,5;0;SEPARADO;0;000000;;;
01872001011;006610;61405001201;DOBRADICA TASCO 91591;;FALTA;3;;;3;0;FALTA;GW;14125/14126/014120;0;;
01872001011;006610;61405002801;FECHO LINGUETA YALE;;FALTA;2;;;2;0;FALTA;GW;14125/14126/014120;0;;
01872001011;006610;61635033349;TAMPA PASS CB QD QCF/QTA;;SEPARADO;1;;;1;24,125;SEPARADO;GW;14125/14126/014120;0;;
01872001011;006610;61635033949;SPT TRILHO QCF/QTA;;SEPARADO;2;;;2;24,125;SEPARADO;GW;14125/14126/014120;0;;
01872001011;006610;61640008649;GABINETE QTA 800X600X200 CTZ;;SEPARADO;1;;;1;627,25;SEPARADO;GW;14125/14126/014120;0;;
01872001012;006610;104016100;TER ISOL ANEL 6.70-10.00MM M8;;SEPARADO;4;;;4;0;SEPARADO;0;000000;;;
01872001012;006610;109013600;FITA ISOL 19MMX5M PT;;FALTA;1;;;1;10;FALTA;REI DAS MANGUEIRAS;000000;0;;
01872001012;006610;109013700;FITA ISOLANTE AUTOFUSAO - 19MMX5M PT;;FALTA;1;;;1;9,85;FALTA;REI DAS MANGUEIRAS;000000;0;;
01872001013;006610;101095500;MOD COMUNICACAO CM3-ETHERNET;;FALTA;1;;;1;995,11;FALTA;SERVINTEL;014089;0;;
01872101001;006612;101004800;SENSOR TEMP 12VCC;;SEPARADO;1;;;1;210,79;SEPARADO;POLIPECAS COMERCIAL E IMPORTADORA LTDA;000000;;;
01872101001;006612;104016100;TER ISOL ANEL 6.70-10.00MM M8;;SEPARADO;8;;;8;0;SEPARADO;0;000000;;;
01872101001;006612;107069800;CB COBRE 10MM2 BR 200ºC 152A;;SEPARADO;2,8;;;2,8;53,25;SEPARADO;CONDUMIX COMERCIO DE MATERIAL ELETRICO LTDA;000000;;;
01872101006;006612;109092400;ISOLADOR CIL 16X30 MM M6;;SEPARADO;2;;;2;26,9;SEPARADO;MX;014112;0;;
01872101001;006612;204229500;CALCO D106 X 9,53;;SEPARADO;4;;;4;33,775;SEPARADO;GW;14125/14126/014120;0;;
01872101001;006612;204576400;ADP M/F M10X1,5 X M10X1,0;;FALTA;1;;;1;26,88;FALTA;BULKS;014088;0;;
01872101001;006612;209001400;PERFIL BRCH U 12X6MM 1912;;SEPARADO;0,3;;;0,3;0;SEPARADO;0;000000;;;
01872101001;006612;210012800;ARR M10 DIN 125 BIC;;KANBAN;20;;;20;1,15;KANBAN;MX;000000;;;
01872101001;006612;30702002801;BARRA ROSCADA 6MM;;FALTA;2;;;2;24,125;FALTA;GW;14125/14126/014120;0;;
01872101001;006612;31601193601NE;BOTAO EMERGENCIA CARENAGEM 2NF;;SEPARADO;1;;;1;8548,9321;SEPARADO;SDMO  INDUSTRIES;000000;;;
01872101001;006612;31805000303;ABRACADEIRA CRON D17-27 AC;;FALTA;4;;;4;4,15;FALTA;REI DAS MANGUEIRAS;014113;0;;
01872101001;006612;31805005801;ABRACADEIRA ESCAP. MS 73-81;;SEPARADO;1;;;1;28;SEPARADO;SCAPSUL;014119;0,065;;
01872101001;006612;31807001215;JUNTA DE VEDACAO D14XD18X1,5;;FÁBRICA;1;;;1;5;FÁBRICA;CENTRAL;014105;0;;
01872101001;006612;31807001223;JUNTA DE VEDACAO D18XD24X1,5;;FÁBRICA;1;;;1;6;FÁBRICA;CENTRAL;014105;0;;
01872101001;006612;31810002505;MANGUEIRA FLEXIVEL 12X19;;KANBAN;0,6;;;0,6;102,78;KANBAN;MX;000000;;;
01872101001;006612;31810006103;MANGUEIRA FLEXIVEL 16X26;;KANBAN;0,6;;;0,6;138,6;KANBAN;MX;000000;;;
01872101001;006612;60101001401;MOTOR PERKINS 1103A-33TG1;;SEPARADO;1;;;1;25322,58;SEPARADO;SOMOV S.A;014085;0;;
01872101001;006612;60201018801;GS WEG AW10 BR180S1-H MU F3;;SEPARADO;1;;;1;10554,29;SEPARADO;WEG EQUIPAMENTOS ELETRICOS S/A;014084;0;;
01872101001;006612;60305003201;RESIST. PREAQUEC. 1000W 220V;;FALTA;1;;;1;900;FALTA;SERVINTEL;014089;0;;
01872101001;006612;60501001601;TAMPA BOC ABAST TANCLIK  A101C;;SEPARADO;1;;;1;48;SEPARADO;ITULUB;014109;0;;
01872101001;006612;60501004708;FLANGE TQ POLI RETORNO;;SEPARADO;1;;;1;72,375;SEPARADO;GW;14125/14126/014120;0;;
01872101001;006612;60501004908;TRAVA FIX 450L;;SEPARADO;2;;;2;33,775;SEPARADO;GW;14125/14126/014120;0;;
01872101001;006612;60501005501;TQ COMB 180L POLIETILENO;;FALTA;1;;;1;1563,79;FALTA;ACCURATE MACHINE USINAGEM DE PRECISAO LTDA ME                                   ;014087;0;;
01872101001;006612;60501008608;CONTRA FLANGE TQ POLIETILENO;;SEPARADO;2;;;2;33,775;SEPARADO;GW;14125/14126/014120;0;;
01872101001;006612;60501010308;FLANGE TQ 200L POLI ABAST KVA;;SEPARADO;1;;;1;33,775;SEPARADO;GW;14125/14126/014120;0;;
01872101001;006612;60501010708;BOCAL ENCHIMENTO TQ TANCLICK;;FALTA;1;;;1;145;FALTA;AÇO FORT;000000;0;;
01872101001;006612;60702003501;BATERIA 12V 70AH 510CCA KONDOR;;FALTA;1;;;1;450;FALTA;JMS;014110;0;;
01872101001;006612;60702005608;SPT BAT 70AH SMART I;;SEPARADO;1;;;1;96,5;SEPARADO;GW;14125/14126/014120;0;;
01872101001;006612;60702006008;SPT FIX BAT 100AH SMART;;SEPARADO;1;;;1;91,675;SEPARADO;GW;14125/14126/014120;0;;
01872101001;006612;61401016249NE;CARENAGEM SMART I ;;FALTA;1;;;1;3377,5;FALTA;GW;14125/14126/014120;0;;
01872101001;006612;60901012816;SILENCIOSO 29DBA CRN KSE105;;SEPARADO;1;;;1;1363,04;SEPARADO;SCAPSUL;014119;0,065;;
01872101001;006612;60901024616;CURVA FLEX PK1103T KSE105 VS;;SEPARADO;1;;;1;772,34;SEPARADO;SCAPSUL;014119;0,065;;
01872101001;006612;61101000501;SENSOR PR OLEO 3RHO 7704;;SEPARADO;1;;;1;209,6;SEPARADO;MX;014112;0;;
01872101001;006612;61101001301;SENS NV COMB ULTRAS K40LSR;;SEPARADO;1;;;1;441;SEPARADO;KVA;014111;0;;
01872101001;006612;61103000100;"BOIA MEC FV34-75-PP130 3/4""BSP";;FALTA;1;;;1;900;FALTA;SANTAE;014114;0,0325;;
01872101001;006612;61301014708;BASE SMART I PK;;FALTA;1;;;1;965;FALTA;GW;14125/14126/014120;0;;
01872101001;006612;61303000101;AMT VIBRA-STOP XT2000 M12;;FALTA;4;;;4;103,7;FALTA;VIBRA-STOP;014117;0;;
01872101001;006612;61307015508;SPT MOT PK/FPT SMART I E II;;SEPARADO;1;;;1;241,25;SEPARADO;GW;14125/14126/014120;0;;
01872101001;006612;61307015608;SPT ALT WEG SMART I E II;;SEPARADO;1;;;1;241,25;SEPARADO;GW;14125/14126/014120;0;;
01872101001;006612;61402046608;FECH RAD SMART I PK1103A;;FALTA;1;;;1;731,47;FALTA;GW;14125/14126/014120;0;;
01872101001;006612;61405001101;BATENTE DE BORRACHA CONICO;;SEPARADO;3;;;3;6,4;SEPARADO;ML;000000;0;;
01872101001;006612;61601008708;SPT ESQ QCF/QTA SMART I E II;;SEPARADO;1;;;1;33,775;SEPARADO;GW;14125/14126/014120;0;;
01872101001;006612;61601008808;SPT DIR QCF/QTA SMART I E II;;SEPARADO;1;;;1;33,775;SEPARADO;GW;14125/14126/014120;0;;
01872101006;006612;61635033549;TAMPA DJ MAN ABB QCF/QTA A0/A2;;SEPARADO;1;;;1;24,125;SEPARADO;GW;14125/14126/014120;0;;
01872101006;006612;61640008851;SPT DJ ABB A0/A2 QCF/QTA;;SEPARADO;1;;;1;33,775;SEPARADO;GW;14125/14126/014120;0;;
01872101006;006612;61647041501;DCM 3P FX 160A A2A TMF;;SEPARADO;1;;;1;313,24;SEPARADO;ABB;014123;0,065;;
01872101001;006612;61648042801;DJ 3P 10A SJ203 T-C10;;RETIRADO;1;;;1;48,61;RETIRADO;#N/D;000000;;;
01872101001;006612;61652004801;RL AUX 40A 12VCC DNI0102;;SEPARADO;2;;;2;5,86;SEPARADO;SNAP;014090;0;;
01872101006;006612;61653004801;TC SASSI 250-5A ST-42;;SEPARADO;3;;;3;91;SEPARADO;SASSI;014115;0,065;;
01872101006;006612;61656004001;CONT NF BOTAO ABB LINHA MCB;;FALTA;2;;;2;9,33;FALTA;ABB;014123;0,0975;;
01872101006;006612;61659003401;PROT PLC A2 QTA SMART ELETRONET;;SEPARADO;1;;;1;78,83870968;SEPARADO;EMPORIO DO ACRILICO;014124;0;;
01872101001;006612;61801002001;PF DIN912 M10X40 12.9 PT;;SEPARADO;12;;;12;5,58;SEPARADO;MULT TEMPERA COAT TECNOLOGIA EM TRATAMENTO TERMICO E REVESTIMENTOS SUPERFICIAIS;000000;;;
01872101001;006612;61801002101;"PF DIN912 3/8""UNFX1"" 12.9 PT";;SEPARADO;8;;;8;5,11;SEPARADO;MULT TEMPERA COAT TECNOLOGIA EM TRATAMENTO TERMICO E REVESTIMENTOS SUPERFICIAIS;000000;;;
01872101001;006612;61801002201;ARR M10 DIN 127 BIC;;KANBAN;20;;;20;0,85;KANBAN;CENTRAL;000000;0;;
01872101001;006612;61802000111;"BICO RM 1/2""NPT MANG 1/2"" BIC";;FALTA;2;;;2;26,88;FALTA;BULKS;014088;0;;
01872101001;006612;61802000311;BICO RM 1/2 POL.NPT FM16 MANG;;FALTA;1;;;1;26,88;FALTA;BULKS;014088;0;;
01872101001;006612;61802000422;COTOVELO MF 90 1 2NPT GALV;;FALTA;1;;;1;8,34;FALTA;CENTRAL;014105;0;;
01872101001;006612;61802000711;BICO RM 1/2 NPT MANG 3/8 BIC;;SEPARADO;1;;;1;26,88;SEPARADO;BULKS;014088;0;;
01872101001;006612;61802001711;BICO RM 1/2NPT MANG 5/8 BIC;;FALTA;2;;;2;26,88;FALTA;BULKS;014088;0;;
01872101001;006612;61802002711;ADP M/M 1/2”NPT X 3/4UNF BIC;;SEPARADO;1;;;1;26,88;SEPARADO;BULKS;014088;0;;
01872101001;006612;61802002811;"BICO RM 1/4""NPT MANG 5/8"" BIC";;FALTA;1;;;1;26,88;FALTA;BULKS;014088;0;;
01872101001;006612;61802002911;ADP M/F M18X1.5 X M14X1.5 BIC;;FALTA;1;;;1;26,88;FALTA;BULKS;014088;0;;
01872101001;006612;61802008111;ADP M RESP M22;;FALTA;1;;;1;26,88;FALTA;BULKS;014088;0;;
01872101001;006612;61802014001;BICO RM 1/2 NPT MANG 5/16 BIC;;SEPARADO;1;;;1;26,88;SEPARADO;BULKS;014088;0;;
01872101001;006612;61805000222;ABRACADEIRA CRON D14-22 AC;;FALTA;2;;;2;4,15;FALTA;REI DAS MANGUEIRAS;014113;0;;
01872101001;006612;61807000301;ARR VED 10X16X1.5 AL;;SEPARADO;2;;;2;1,1;SEPARADO;CENTRAL;014105;0;;
01872101001;006612;61809000101;"VALV ESFERA F/F 1/2"" NPT";;FALTA;1;;;1;88,15;FALTA;MX;014112;0;;
01872101001;006612;61809000301;"VALV ESF BORBOLETA F/F 1/2""NPT";;SEPARADO;1;;;1;62,82;SEPARADO;MX;014112;0;;
01872101006;006612;106001500;DJ 1P 10A CURVA C 10KA S201;;FALTA;1;;;1;27,95;FALTA;ABB;014123;0,065;;
01872101006;006612;106207600;POSTE FINAL USK-2G2;;SEPARADO;3;;;3;1,02;SEPARADO;PROAUTO;014121;0,0975;;
01872101006;006612;104193600;SUPORTE IDENTIF P/ POSTE KLM-A;;SEPARADO;2;;;2;0;SEPARADO;0;000000;;;
01872101006;006612;107078500;CB COBRE NU 16MM2;;SEPARADO;0,5;;;0,5;10,2811;SEPARADO;COBREFLEX INDUSTRIA, DISTRIBUICAO E COMERCIO DE FIOS E CABOS EIRELI;000000;;;
01872101006;006612;204583100;PORTA DOCUMENTOS TASCO 71160;;FALTA;1;;;1;40,83;FALTA;TASCO;014108;0,0975;;
01872101006;006612;61640008749;TAMPA QTA USCA 5C CTZ;;SEPARADO;1;;;1;27,02;SEPARADO;GW;14125/14126/014120;0;;
01872101006;006612;106004400;DJ 3P 16A CURVA C 10KA S203;;SEPARADO;2;;;2;48,61;SEPARADO;ABB ELETRIFICACAO LTDA;000000;;;
01872101006;006612;61648042901;DJ 2P 10A SJ202 T-C10;;SEPARADO;1;;;1;30,94;SEPARADO;ABB;014123;0,065;;
01872101006;006612;61652004801;RL AUX 40A 12VCC DNI0102;;SEPARADO;4;;;4;5,86;SEPARADO;SNAP;014090;0;;
01872101006;006612;101033600;MOD IL4-AMF8;;FALTA;1;;;1;842,74;FALTA;SERVINTEL;014089;0;;
01872101006;006612;61655002601;CARREG BAT 12/24VCC KVA PRO;;SEPARADO;1;;;1;466,33;SEPARADO;KVA;014111;0;;
01872101006;006612;61656003801;SUPORTE MODULAR BOTAO ABB;;FALTA;1;;;1;5,55;FALTA;ABB;014123;0,0975;;
01872101006;006612;61656004001;CONT NF BOTAO ABB LINHA MCB;;FALTA;1;;;1;9,33;FALTA;ABB;014123;0,0975;;
01872101006;006612;61656004701;CABECOTE BOTAO EMERGENCIA ABB;;FALTA;1;;;1;40,97;FALTA;ABB;014123;0,0975;;
01872101006;006612;61656004801;ADESIVO PARADA DE EMERGENCIA;;FÁBRICA;1;;;1;25,7;FÁBRICA;APS COMPONENTES ELETRICOS S/A;000000;;;
01872101006;006612;61659003301;TERMO RETRATIL AZUL LARG 9MM;;SEPARADO;24,3;;;24,3;2,4971;SEPARADO;ESTOQUE;000000;0;;
01872101006;006612;61660001201;TER ISOL ANEL 16MM² M8;;SEPARADO;1;;;1;16,1;SEPARADO;ROMAR ACESSORIOS INDUSTRIAIS LTDA;000000;;;
01872101006;006612;61660001301;TER ISOL ANEL 16MM² M10;;SEPARADO;1;;;1;16,39;SEPARADO;ROMAR ACESSORIOS INDUSTRIAIS LTDA;000000;;;
01872101006;006612;61660005901;BORNE DUPLO PUSH IN 4MM DDP4;;FALTA;7;;;7;1,9;FALTA;PROAUTO;014121;0,0975;;
01872101006;006612;61660006101;BORNE PUSH IN DP2.5PG-XXP;;RETIRADO;1;;;1;7,42;RETIRADO;PROAUTO;014121;0,0975;;
01872101006;006612;61660006201;JUMPER BORNE DUP 4MM DSD01402N;;SEPARADO;1;;;1;2,01;SEPARADO;PROAUTO;014121;0,0975;;
01872101006;006612;61660006501;TAMPA P/ BORNE DUP 4MM DPP4C;;SEPARADO;2;;;2;1,38;SEPARADO;PROAUTO;014121;0,0975;;
01872101006;006612;61660006601;TAMPA P/ BORNE 4MM DPES2.5C;;FALTA;1;;;1;2,06;FALTA;PROAUTO;014121;0,0975;;
01872101009;006612;107045500;"BARRA COBRE 1"" X 5/16""";;SEPARADO;0,2;;;0,2;170,9516;SEPARADO;ESTOQUE;000000;0;;
01872101010;006612;105049200;INTTRV MEC CTTR VM19;;FALTA;1;;;1;92,68;FALTA;ABB;014123;0,0975;;
01872101010;006612;105049500;CTTR 3P 160A AF116 30-11-13;;FALTA;2;;;2;756,87;FALTA;ABB;014123;0,0325;;
01872101010;006612;106088800;DJ 3P 80A S283 C80;;SEPARADO;1;;;1;0;SEPARADO;0;000000;;;
01872101010;006612;107069800;CB COBRE 10MM2 BR 200ºC 152A;;SEPARADO;1;;;1;53,25;SEPARADO;CONDUMIX COMERCIO DE MATERIAL ELETRICO LTDA;000000;;;
01872101010;006612;107010900;CB COBRE 50MM2 0,6/1KV 90 C PT;;SEPARADO;0,75;;;0,75;70,95;SEPARADO;REMO ELETRICA LTDA;000000;;;
01872101010;006612;107069800;CB COBRE 10MM2 BR 200ºC 152A;;SEPARADO;5;;;5;0;SEPARADO;CONDUMIX COMERCIO DE MATERIAL ELETRICO LTDA;000000;;;
01872101010;006612;61646009301;PROT SURTOS FRONT V 275V 45KA;;FALTA;4;;;4;28,6884;FALTA;CLAMPER;014107;0,0975;;
01872101011;006612;209001400;PERFIL BRCH U 12X6MM 1912;;SEPARADO;0,5;;;0,5;0;SEPARADO;0;000000;;;
01872101011;006612;61405001201;DOBRADICA TASCO 91591;;FALTA;3;;;3;0;FALTA;GW;14125/14126/014120;0;;
01872101011;006612;61405002801;FECHO LINGUETA YALE;;FALTA;2;;;2;0;FALTA;GW;14125/14126/014120;0;;
01872101011;006612;61635033349;TAMPA PASS CB QD QCF/QTA;;SEPARADO;1;;;1;24,125;SEPARADO;GW;14125/14126/014120;0;;
01872101011;006612;61635033949;SPT TRILHO QCF/QTA;;SEPARADO;2;;;2;24,125;SEPARADO;GW;14125/14126/014120;0;;
01872101011;006612;61640008649;GABINETE QTA 800X600X200 CTZ;;SEPARADO;1;;;1;627,25;SEPARADO;GW;14125/14126/014120;0;;
01872101012;006612;104016100;TER ISOL ANEL 6.70-10.00MM M8;;SEPARADO;4;;;4;0;SEPARADO;0;000000;;;
01872101012;006612;109013600;FITA ISOL 19MMX5M PT;;FALTA;1;;;1;10;FALTA;REI DAS MANGUEIRAS;000000;0;;
01872101012;006612;109013700;FITA ISOLANTE AUTOFUSAO - 19MMX5M PT;;FALTA;1;;;1;9,85;FALTA;REI DAS MANGUEIRAS;000000;0;;
01872101013;006612;101095500;MOD COMUNICACAO CM3-ETHERNET;;FALTA;1;;;1;995,11;FALTA;SERVINTEL;014089;0;;
01872201001;006614;101004800;SENSOR TEMP 12VCC;;SEPARADO;1;;;1;210,79;SEPARADO;POLIPECAS COMERCIAL E IMPORTADORA LTDA;000000;;;
01872201006;006614;104016100;TER ISOL ANEL 6.70-10.00MM M8;;SEPARADO;8;;;8;0;SEPARADO;0;000000;;;
01872201006;006614;107069800;CB COBRE 10MM2 BR 200ºC 152A;;SEPARADO;2,8;;;2,8;53,25;SEPARADO;CONDUMIX COMERCIO DE MATERIAL ELETRICO LTDA;000000;;;
01872201006;006614;109092400;ISOLADOR CIL 16X30 MM M6;;FALTA;2;;;2;26,9;FALTA;MX;014112;0;;
01872201001;006614;204229500;CALCO D106 X 9,53;;SEPARADO;4;;;4;33,775;SEPARADO;GW;14125/14126/014120;0;;
01872201001;006614;204576400;ADP M/F M10X1,5 X M10X1,0;;FALTA;1;;;1;26,88;FALTA;BULKS;014088;0;;
01872201001;006614;209001400;PERFIL BRCH U 12X6MM 1912;;SEPARADO;0,3;;;0,3;0;SEPARADO;0;000000;;;
01872201001;006614;210012800;ARR M10 DIN 125 BIC;;KANBAN;20;;;20;1,15;KANBAN;MX;000000;;;
01872201001;006614;30702002801;BARRA ROSCADA 6MM;;FALTA;2;;;2;24,125;FALTA;GW;14125/14126/014120;0;;
01872201001;006614;31601193601NE;BOTAO EMERGENCIA CARENAGEM 2NF;;SEPARADO;1;;;1;8548,9321;SEPARADO;SDMO  INDUSTRIES;000000;;;
01872201001;006614;31805000303;ABRACADEIRA CRON D17-27 AC;;FALTA;4;;;4;4,15;FALTA;REI DAS MANGUEIRAS;014113;0;;
01872201001;006614;31805005801;ABRACADEIRA ESCAP. MS 73-81;;SEPARADO;1;;;1;28;SEPARADO;SCAPSUL;014119;0,065;;
01872201001;006614;31807001215;JUNTA DE VEDACAO D14XD18X1,5;;FÁBRICA;1;;;1;5;FÁBRICA;CENTRAL;014105;0;;
01872201001;006614;31807001223;JUNTA DE VEDACAO D18XD24X1,5;;FÁBRICA;1;;;1;6;FÁBRICA;CENTRAL;014105;0;;
01872201001;006614;31810002505;MANGUEIRA FLEXIVEL 12X19;;KANBAN;0,6;;;0,6;102,78;KANBAN;MX;000000;;;
01872201001;006614;31810006103;MANGUEIRA FLEXIVEL 16X26;;KANBAN;0,6;;;0,6;138,6;KANBAN;MX;000000;;;
01872201001;006614;60101001401;MOTOR PERKINS 1103A-33TG1;;SEPARADO;1;;;1;25322,58;SEPARADO;SOMOV S.A;014085;0;;
01872201001;006614;60201018801;GS WEG AW10 BR180S1-H MU F3;;SEPARADO;1;;;1;10554,29;SEPARADO;WEG EQUIPAMENTOS ELETRICOS S/A;014084;0;;
01872201001;006614;60305003201;RESIST. PREAQUEC. 1000W 220V;;FALTA;1;;;1;900;FALTA;SERVINTEL;014089;0;;
01872201001;006614;60501001601;TAMPA BOC ABAST TANCLIK  A101C;;SEPARADO;1;;;1;48;SEPARADO;ITULUB;014109;0;;
01872201001;006614;60501004708;FLANGE TQ POLI RETORNO;;SEPARADO;1;;;1;72,375;SEPARADO;GW;14125/14126/014120;0;;
01872201001;006614;60501004908;TRAVA FIX 450L;;FALTA;2;;;2;33,775;FALTA;GW;14125/14126/014120;0;;
01872201001;006614;60501005501;TQ COMB 180L POLIETILENO;;FALTA;1;;;1;1563,79;FALTA;ACCURATE MACHINE USINAGEM DE PRECISAO LTDA ME                                   ;014087;0;;
01872201001;006614;60501008608;CONTRA FLANGE TQ POLIETILENO;;FALTA;2;;;2;33,775;FALTA;GW;14125/14126/014120;0;;
01872201001;006614;60501010308;FLANGE TQ 200L POLI ABAST KVA;;SEPARADO;1;;;1;33,775;SEPARADO;GW;14125/14126/014120;0;;
01872201001;006614;60501010708;BOCAL ENCHIMENTO TQ TANCLICK;;FALTA;1;;;1;145;FALTA;AÇO FORT;000000;0;;
01872201001;006614;60702003501;BATERIA 12V 70AH 510CCA KONDOR;;FALTA;1;;;1;450;FALTA;JMS;014110;0;;
01872201001;006614;60702005608;SPT BAT 70AH SMART I;;SEPARADO;1;;;1;96,5;SEPARADO;GW;14125/14126/014120;0;;
01872201001;006614;60702006008;SPT FIX BAT 100AH SMART;;SEPARADO;1;;;1;91,675;SEPARADO;GW;14125/14126/014120;0;;
01872201001;006614;61401016249NE;CARENAGEM SMART I ;;FALTA;1;;;1;3377,5;FALTA;GW;14125/14126/014120;0;;
01872201001;006614;60901012816;SILENCIOSO 29DBA CRN KSE105;;SEPARADO;1;;;1;1363,04;SEPARADO;SCAPSUL;014119;0,065;;
01872201001;006614;60901024616;CURVA FLEX PK1103T KSE105 VS;;SEPARADO;1;;;1;772,34;SEPARADO;SCAPSUL;014119;0,065;;
01872201001;006614;61101000501;SENSOR PR OLEO 3RHO 7704;;SEPARADO;1;;;1;209,6;SEPARADO;MX;014112;0;;
01872201001;006614;61101001301;SENS NV COMB ULTRAS K40LSR;;SEPARADO;1;;;1;441;SEPARADO;KVA;014111;0;;
01872201001;006614;61103000100;"BOIA MEC FV34-75-PP130 3/4""BSP";;FALTA;1;;;1;900;FALTA;SANTAE;014114;0,0325;;
01872201001;006614;61301014708;BASE SMART I PK;;FALTA;1;;;1;965;FALTA;GW;14125/14126/014120;0;;
01872201001;006614;61303000101;AMT VIBRA-STOP XT2000 M12;;FALTA;4;;;4;103,7;FALTA;VIBRA-STOP;014117;0;;
01872201001;006614;61307015508;SPT MOT PK/FPT SMART I E II;;SEPARADO;1;;;1;241,25;SEPARADO;GW;14125/14126/014120;0;;
01872201001;006614;61307015608;SPT ALT WEG SMART I E II;;SEPARADO;1;;;1;241,25;SEPARADO;GW;14125/14126/014120;0;;
01872201001;006614;61402046608;FECH RAD SMART I PK1103A;;FALTA;1;;;1;731,47;FALTA;GW;14125/14126/014120;0;;
01872201001;006614;61405001101;BATENTE DE BORRACHA CONICO;;SEPARADO;3;;;3;6,4;SEPARADO;ML;000000;0;;
01872201001;006614;61601008708;SPT ESQ QCF/QTA SMART I E II;;SEPARADO;1;;;1;33,775;SEPARADO;GW;14125/14126/014120;0;;
01872201001;006614;61601008808;SPT DIR QCF/QTA SMART I E II;;SEPARADO;1;;;1;33,775;SEPARADO;GW;14125/14126/014120;0;;
01872201006;006614;61635033549;TAMPA DJ MAN ABB QCF/QTA A0/A2;;FALTA;1;;;1;24,125;FALTA;GW;14125/14126/014120;0;;
01872201006;006614;61640008851;SPT DJ ABB A0/A2 QCF/QTA;;FALTA;1;;;1;33,775;FALTA;GW;14125/14126/014120;0;;
01872201006;006614;61647041501;DCM 3P FX 160A A2A TMF;;FALTA;1;;;1;313,24;FALTA;ABB;014123;0,065;;
01872201006;006614;61648042801;DJ 3P 10A SJ203 T-C10;;RETIRADO;1;;;1;48,61;RETIRADO;#N/D;000000;;;
01872201001;006614;61652004801;RL AUX 40A 12VCC DNI0102;;SEPARADO;2;;;2;5,86;SEPARADO;SNAP;014090;0;;
01872201006;006614;61653004801;TC SASSI 250-5A ST-42;;FALTA;3;;;3;91;FALTA;SASSI;014115;0,065;;
01872201006;006614;61656004001;CONT NF BOTAO ABB LINHA MCB;;FALTA;2;;;2;9,33;FALTA;ABB;014123;0,0975;;
01872201006;006614;61659003401;PROT PLC A2 QTA SMART ELETRONET;;SEPARADO;1;;;1;78,83870968;SEPARADO;EMPORIO DO ACRILICO;014124;0;;
01872201001;006614;61801002001;PF DIN912 M10X40 12.9 PT;;SEPARADO;12;;;12;5,58;SEPARADO;MULT TEMPERA COAT TECNOLOGIA EM TRATAMENTO TERMICO E REVESTIMENTOS SUPERFICIAIS;000000;;;
01872201001;006614;61801002101;"PF DIN912 3/8""UNFX1"" 12.9 PT";;SEPARADO;8;;;8;5,11;SEPARADO;MULT TEMPERA COAT TECNOLOGIA EM TRATAMENTO TERMICO E REVESTIMENTOS SUPERFICIAIS;000000;;;
01872201001;006614;61801002201;ARR M10 DIN 127 BIC;;KANBAN;20;;;20;0,85;KANBAN;CENTRAL;000000;0;;
01872201001;006614;61802000111;"BICO RM 1/2""NPT MANG 1/2"" BIC";;FALTA;2;;;2;26,88;FALTA;BULKS;014088;0;;
01872201001;006614;61802000311;BICO RM 1/2 POL.NPT FM16 MANG;;FALTA;1;;;1;26,88;FALTA;BULKS;014088;0;;
01872201001;006614;61802000422;COTOVELO MF 90 1 2NPT GALV;;FALTA;1;;;1;8,34;FALTA;CENTRAL;014105;0;;
01872201001;006614;61802000711;BICO RM 1/2 NPT MANG 3/8 BIC;;SEPARADO;1;;;1;26,88;SEPARADO;BULKS;014088;0;;
01872201001;006614;61802001711;BICO RM 1/2NPT MANG 5/8 BIC;;FALTA;2;;;2;26,88;FALTA;BULKS;014088;0;;
01872201001;006614;61802002711;ADP M/M 1/2”NPT X 3/4UNF BIC;;FALTA;1;;;1;26,88;FALTA;BULKS;014088;0;;
01872201001;006614;61802002811;"BICO RM 1/4""NPT MANG 5/8"" BIC";;FALTA;1;;;1;26,88;FALTA;BULKS;014088;0;;
01872201001;006614;61802002911;ADP M/F M18X1.5 X M14X1.5 BIC;;FALTA;1;;;1;26,88;FALTA;BULKS;014088;0;;
01872201001;006614;61802008111;ADP M RESP M22;;FALTA;1;;;1;26,88;FALTA;BULKS;014088;0;;
01872201001;006614;61802014001;BICO RM 1/2 NPT MANG 5/16 BIC;;SEPARADO;1;;;1;26,88;SEPARADO;BULKS;014088;0;;
01872201001;006614;61805000222;ABRACADEIRA CRON D14-22 AC;;FALTA;2;;;2;4,15;FALTA;REI DAS MANGUEIRAS;014113;0;;
01872201001;006614;61807000301;ARR VED 10X16X1.5 AL;;SEPARADO;2;;;2;1,1;SEPARADO;CENTRAL;014105;0;;
01872201001;006614;61809000101;"VALV ESFERA F/F 1/2"" NPT";;FALTA;1;;;1;88,15;FALTA;MX;014112;0;;
01872201001;006614;61809000301;"VALV ESF BORBOLETA F/F 1/2""NPT";;SEPARADO;1;;;1;62,82;SEPARADO;MX;014112;0;;
01872201006;006614;106001500;DJ 1P 10A CURVA C 10KA S201;;FALTA;1;;;1;27,95;FALTA;ABB;014123;0,065;;
01872201006;006614;106207600;POSTE FINAL USK-2G2;;SEPARADO;3;;;3;1,02;SEPARADO;PROAUTO;014121;0,0975;;
01872201006;006614;104193600;SUPORTE IDENTIF P/ POSTE KLM-A;;SEPARADO;2;;;2;0;SEPARADO;0;000000;;;
01872201006;006614;107078500;CB COBRE NU 16MM2;;SEPARADO;0,5;;;0,5;10,2811;SEPARADO;COBREFLEX INDUSTRIA, DISTRIBUICAO E COMERCIO DE FIOS E CABOS EIRELI;000000;;;
01872201006;006614;204583100;PORTA DOCUMENTOS TASCO 71160;;FALTA;1;;;1;40,83;FALTA;TASCO;014108;0,0975;;
01872201006;006614;61640008749;TAMPA QTA USCA 5C CTZ;;SEPARADO;1;;;1;27,02;SEPARADO;GW;14125/14126/014120;0;;
01872201006;006614;106004400;DJ 3P 16A CURVA C 10KA S203;;SEPARADO;2;;;2;48,61;SEPARADO;ABB ELETRIFICACAO LTDA;000000;;;
01872201006;006614;61648042901;DJ 2P 10A SJ202 T-C10;;SEPARADO;1;;;1;30,94;SEPARADO;ABB;014123;0,065;;
01872201006;006614;61652004801;RL AUX 40A 12VCC DNI0102;;SEPARADO;4;;;4;5,86;SEPARADO;SNAP;014090;0;;
01872201006;006614;101033600;MOD IL4-AMF8;;FALTA;1;;;1;842,74;FALTA;SERVINTEL;014089;0;;
01872201006;006614;61655002601;CARREG BAT 12/24VCC KVA PRO;;FALTA;1;;;1;466,33;FALTA;KVA;014111;0;;
01872201006;006614;61656003801;SUPORTE MODULAR BOTAO ABB;;FALTA;1;;;1;5,55;FALTA;ABB;014123;0,0975;;
01872201006;006614;61656004001;CONT NF BOTAO ABB LINHA MCB;;FALTA;1;;;1;9,33;FALTA;ABB;014123;0,0975;;
01872201006;006614;61656004701;CABECOTE BOTAO EMERGENCIA ABB;;FALTA;1;;;1;40,97;FALTA;ABB;014123;0,0975;;
01872201006;006614;61656004801;ADESIVO PARADA DE EMERGENCIA;;FÁBRICA;1;;;1;25,7;FÁBRICA;APS COMPONENTES ELETRICOS S/A;000000;;;
01872201006;006614;61659003301;TERMO RETRATIL AZUL LARG 9MM;;SEPARADO;24,3;;;24,3;2,4971;SEPARADO;ESTOQUE;000000;0;;
01872201006;006614;61660001201;TER ISOL ANEL 16MM² M8;;SEPARADO;1;;;1;16,1;SEPARADO;ROMAR ACESSORIOS INDUSTRIAIS LTDA;000000;;;
01872201006;006614;61660001301;TER ISOL ANEL 16MM² M10;;SEPARADO;1;;;1;16,39;SEPARADO;ROMAR ACESSORIOS INDUSTRIAIS LTDA;000000;;;
01872201006;006614;61660005901;BORNE DUPLO PUSH IN 4MM DDP4;;FALTA;7;;;7;1,9;FALTA;PROAUTO;014121;0,0975;;
01872201006;006614;61660006101;BORNE PUSH IN DP2.5PG-XXP;;RETIRADO;1;;;1;7,42;RETIRADO;PROAUTO;014121;0,0975;;
01872201006;006614;61660006201;JUMPER BORNE DUP 4MM DSD01402N;;SEPARADO;1;;;1;2,01;SEPARADO;PROAUTO;014121;0,0975;;
01872201006;006614;61660006501;TAMPA P/ BORNE DUP 4MM DPP4C;;SEPARADO;2;;;2;1,38;SEPARADO;PROAUTO;014121;0,0975;;
01872201006;006614;61660006601;TAMPA P/ BORNE 4MM DPES2.5C;;FALTA;1;;;1;2,06;FALTA;PROAUTO;014121;0,0975;;
01872201009;006614;107045500;"BARRA COBRE 1"" X 5/16""";;SEPARADO;0,2;;;0,2;170,9516;SEPARADO;ESTOQUE;000000;0;;
01872201010;006614;105049200;INTTRV MEC CTTR VM19;;FALTA;1;;;1;92,68;FALTA;ABB;014123;0,0975;;
01872201010;006614;105049500;CTTR 3P 160A AF116 30-11-13;;FALTA;2;;;2;756,87;FALTA;ABB;014123;0,0325;;
01872201010;006614;106088800;DJ 3P 80A S283 C80;;SEPARADO;1;;;1;0;SEPARADO;0;000000;;;
01872201010;006614;107069800;CB COBRE 10MM2 BR 200ºC 152A;;SEPARADO;1;;;1;53,25;SEPARADO;CONDUMIX COMERCIO DE MATERIAL ELETRICO LTDA;000000;;;
01872201010;006614;107010900;CB COBRE 50MM2 0,6/1KV 90 C PT;;SEPARADO;0,75;;;0,75;70,95;SEPARADO;REMO ELETRICA LTDA;000000;;;
01872201010;006614;107069800;CB COBRE 10MM2 BR 200ºC 152A;;SEPARADO;5;;;5;0;SEPARADO;CONDUMIX COMERCIO DE MATERIAL ELETRICO LTDA;000000;;;
01872201010;006614;61646009301;PROT SURTOS FRONT V 275V 45KA;;FALTA;4;;;4;28,6884;FALTA;CLAMPER;014107;0,0975;;
01872201011;006614;209001400;PERFIL BRCH U 12X6MM 1912;;SEPARADO;0,5;;;0,5;0;SEPARADO;0;000000;;;
01872201011;006614;61405001201;DOBRADICA TASCO 91591;;FALTA;3;;;3;0;FALTA;GW;14125/14126/014120;0;;
01872201011;006614;61405002801;FECHO LINGUETA YALE;;FALTA;2;;;2;0;FALTA;GW;14125/14126/014120;0;;
01872201011;006614;61635033349;TAMPA PASS CB QD QCF/QTA;;SEPARADO;1;;;1;24,125;SEPARADO;GW;14125/14126/014120;0;;
01872201011;006614;61635033949;SPT TRILHO QCF/QTA;;SEPARADO;2;;;2;24,125;SEPARADO;GW;14125/14126/014120;0;;
01872201011;006614;61640008649;GABINETE QTA 800X600X200 CTZ;;SEPARADO;1;;;1;627,25;SEPARADO;GW;14125/14126/014120;0;;
01872201012;006614;104016100;TER ISOL ANEL 6.70-10.00MM M8;;SEPARADO;4;;;4;0;SEPARADO;0;000000;;;
01872201012;006614;109013600;FITA ISOL 19MMX5M PT;;FALTA;1;;;1;10;FALTA;REI DAS MANGUEIRAS;000000;0;;
01872201012;006614;109013700;FITA ISOLANTE AUTOFUSAO - 19MMX5M PT;;FALTA;1;;;1;9,85;FALTA;REI DAS MANGUEIRAS;000000;0;;
01872201013;006614;101095500;MOD COMUNICACAO CM3-ETHERNET;;FALTA;1;;;1;995,11;FALTA;SERVINTEL;014089;0;;
01869301002;006130;61816000101;AMORT MOLA VIBTECH 208X5;;SEPARADO;12;;;12;408,87;SEPARADO;VIB-TECH INDUSTRIAL LTDA.;000000;;;
01869301003;006130;101042300;MOD DSE 8610-02 MKII 8-35VCC;;FALTA;2;;;2;8943,79;FALTA;FABEL INNECCO ENG.COM.PROD.ELETRO LTDA;014313;0,0975;;
01869301003;006130;118025300;JOGO RODA DIODOS AG10-250/280;;FALTA;2;;;1;453,74;FALTA;WEG EQUIPAMENTOS ELETRICOS S/A;014284;0,065;;
01869301003;006130;204319100;FILTRO DE OLEO LUBRIFICANTE;;FALTA;6;;;6;314,87;FALTA;ODIN;014327;0;;
01869301003;006130;204319200;FILTRO DE OLEO LUBRIFICANTE;;FALTA;2;;;2;282,42;FALTA;ODIN;014327;0;;
01869301003;006130;204319300;FILTRO COMBUSTIVEL - SEPARADOR;;FALTA;4;;;4;348,33;FALTA;ODIN;014327;0;;
01869301003;006130;204319600;ELEMENTO - FILTRO DE AR;;FALTA;4;;;4;963;FALTA;ODIN;014327;0;;
01869301003;006130;204320900;FILTRO AR SEC VOLVO TAD13;;FALTA;4;;;4;810,03;FALTA;ODIN;014327;0;;
01869301003;006130;204321000;FILTRO COMB VOLVO TAD13;;FALTA;4;;;4;379,11;FALTA;ODIN;014327;0;;
01869301003;006130;204321100;CORREIA ALT VOLVO TAD13;;FALTA;4;;;4;311,47;FALTA;ODIN;014327;0;;
01869301003;006130;60201010201;REG TEN WEG/KVA K38P1;;FALTA;2;;;2;698,04;FALTA;KVA INDUSTRIA E COMERCIO LTDA;014316;0,0975;;
01869301003;006130;61648022201;DCM 3P FX 800A XT7MS LSIG;;FALTA;1;;;1;8695,22;FALTA;ABB ELETRIFICACAO LTDA;014325;0,065;;
01869301003;006130;61655001701;CARREG BAT 24VCC-5A DSEBC2405;;FALTA;4;;;4;572,44;FALTA;FABEL INNECCO ENG.COM.PROD.ELETRO LTDA;014313;0,05;;
01869401001;006130;101008500;PICK-UP 3.5V ROSC 5/8 300-184;;SEPARADO;1;;;1;1087,77;SEPARADO;SERVINTEL INTERNACIONAL LTDA;000000;;;
01869401001;006130;103004000;CH FIM CURSO 1NA 1NF TS23611Z;;SEPARADO;4;;;4;101,63;SEPARADO;MX MATERIAIS ELETRICOS LTDA;000000;;;
01869401001;006130;107005600;CB COBRE 2X1.5MM2 PT 70ºC;;SEPARADO;35;;;35;7,39;SEPARADO;MX MATERIAIS ELETRICOS LTDA;000000;;;
01869401001;006130;108007200;LUMINARIA ESP P/ FITA LED 12V;;FALTA;1;;;1;224;FALTA;GW METAL INDUSTRIA E COMERCIO LTDA;014315;0;;
01869401001;006130;108007300;FITA LED 24V 26W BRANCA METRO;;SEPARADO;1;;;1;115,9;SEPARADO;MX MATERIAIS ELETRICOS LTDA;000000;;;
01869401001;006130;110462500;GS WEG AG10280MI20AI MU F1 CTZ;;FALTA;1;;;1;45970,23294;FALTA;WEG EQUIPAMENTOS ELETRICOS S/A;014284;0;;
01869401001;006130;113001700;RESIS INT AQ 1500W 230V 1 1 4;;FALTA;1;;;1;182;FALTA;ELTRA AQUECIMENTO ELETRICO LTDA;014312;0,065;;
01869401001;006130;117001300;BATERIA 12VCC RED TOP 34R;;FALTA;2;;;2;2750;FALTA;ATACADAO BATERIAS LTDA;014310;0;;
01869401001;006130;204000400;NIPLE DUPLO 1/2 NPT GALV;;FALTA;1;;;1;7,5;FALTA;REI DAS MANGUEIRAS MAQUINAS E EQUIPAMENTOS LTDA-ME;014320;0;;
01869401001;006130;204034000;SPT PICK-UP BIC;;SEPARADO;1;;;1;40,48;SEPARADO;METALPRESS METAL LTDA;000000;;;
01869401001;006130;204550500;SPT MN CH FIM CURSO TS23611Z;;SEPARADO;4;;;4;10;SEPARADO;CMG SOLUCOES E SERVICOS LTDA;000000;;;
01869401001;006130;204570300;TQ COMB 600L MET KSE325;;FALTA;1;;;1;15316;FALTA;GW METAL INDUSTRIA E COMERCIO LTDA;014315;0;;
01869401001;006130;204570400;SPT BAT 2X REDTOP 34R KSE325 CTZ;;FALTA;1;;;1;342;FALTA;GW METAL INDUSTRIA E COMERCIO LTDA;014315;0;;
01869401001;006130;204570500;CX PROT BATERIA 2X REDTOP 34R;;FALTA;1;;;1;180;FALTA;GW METAL INDUSTRIA E COMERCIO LTDA;014315;0;;
01869401001;006130;302000700;PRE AQ KIT USQ D3;;SEPARADO;1;;;1;620;SEPARADO;BULKS INDUSTRIA E COMERCIO LTDA;000000;;;
01869401001;006130;31303003802;AMV SCM-420NR 60SH;;SEPARADO;6;;;6;3604,6;SEPARADO;ACCESORIOS ELASTICOS LESOL S L;000000;;;
01869401001;006130;31601193801NE;BOTAO EMERGENCIA CARENAGEM 2NF;;RETIRADO;1;;;1;8548,9321;RETIRADO;SDMO  INDUSTRIES;000000;;;
01869401001;006130;31805000223;ABRACADEIRA TIPO U D145;;FALTA;1;;;1;111,2;FALTA;SCAPSUL EQUIPAMENTOS RODOVIARIOS LTDA;014322;0;;
01869401001;006130;31805000306;ABRACADEIRA CRON D32-51 AC;;SEPARADO;2;;;2;7,15;SEPARADO;REI DAS MANGUEIRAS MAQUINAS E EQUIPAMENTOS LTDA-ME;000000;;;
01869401001;006130;31807001223;JUNTA DE VEDACAO D18XD24X1,5 AL;;FALTA;1;;;1;45;FALTA;SCAPSUL EQUIPAMENTOS RODOVIARIOS LTDA;014322;0,065;;
01869401001;006130;31810004106;MANGUEIRA FLEXIVEL 16X23;;SEPARADO;1,5;;;1,5;52;SEPARADO;REI DAS MANGUEIRAS MAQUINAS E EQUIPAMENTOS LTDA-ME;000000;;;
01869401001;006130;60101003201;MOTOR VOLVO TAD1345GE-B F1;;FALTA;1;;;1;147824,59;FALTA;VOLVO DO BRASIL VEICULOS LTDA;014324;0;;
01869401001;006130;60210000201;RESIST AQUEC ALT AG10 H280;;SEPARADO;1;;;1;852,26;SEPARADO;WEG EQUIPAMENTOS ELETRICOS S/A;000000;;;
01869401001;006130;602182500;CJT PLQT ACRILICO PV044495;;FALTA;1;;;1;900;FALTA;PRECISÃO A LASER;//;0;;
01869401001;006130;602182600;CJT PLQT INOX PV044495;;FALTA;1;;;1;900;FALTA;PRECISÃO A LASER;//;0;;
01869401001;006130;60405000408;TUBO RESPIRO KSE330 VOLVO TAD;;SEPARADO;1;;;1;8,53;SEPARADO;ACO FORT FERRO LTDA;000000;;;
01869401001;006130;60501001601;TAMPA BOC ABAST TANCLIK  A101C;;FALTA;1;;;1;48;FALTA;ITULUB ITUMBIARA LUBRIFICANTES LTDA;014314;0;;
01869401001;006130;60501004708;FLANGE TQ POLI RETORNO;;FALTA;1;;;1;148;FALTA;GW METAL INDUSTRIA E COMERCIO LTDA;014315;0;;
01869401001;006130;60501005808;FLANGE CEGA TQ POLIETILENO;;SEPARADO;2;;;2;76,64;SEPARADO;MGK SOLUCOES INDUSTRIAIS PARA CALDEIRARIA LTDA;000000;;;
01869401001;006130;60501010408;FLANGE TQ 400L POLI ABAST KVA;;SEPARADO;1;;;1;348,7;SEPARADO;GW METAL INDUSTRIA E COMERCIO LTDA;000000;;;
01869401001;006130;60501010708;BOCAL ENCHIMENTO TQ TANCLICK;;FALTA;1;;;1;180;FALTA;GW METAL INDUSTRIA E COMERCIO LTDA;014315;0;;
01869401001;006130;60901001016;FLANGE ESC DE340 X DI203;;SEPARADO;1;;;1;280,96;SEPARADO;GW METAL INDUSTRIA E COMERCIO LTDA;000000;;;
01869401001;006130;60901001301;JUNTA ESC DE340 X DI203;;SEPARADO;1;;;1;90,1;SEPARADO;SCAPSUL EQUIPAMENTOS RODOVIARIOS LTDA;000000;;;
01869401001;006130;60901004601;JUNTA ESC DE185 X DI28;;SEPARADO;1;;;1;42,68;SEPARADO;SCAPSUL EQUIPAMENTOS RODOVIARIOS LTDA;000000;;;
01869401001;006130;60901010516;SILENCIOSO 40DBA KSE325;;FALTA;1;;;1;4214,64;FALTA;SCAPSUL EQUIPAMENTOS RODOVIARIOS LTDA;014322;0,065;;
01869401001;006130;60901012216;TUBO FLANGEADO SAIDA KSE325;;SEPARADO;1;;;1;716;SEPARADO;SCAPSUL EQUIPAMENTOS RODOVIARIOS LTDA;000000;;;
01869401001;006130;60901015816;CURVA COM FLEX TAD13 KSE325;;SEPARADO;1;;;1;1524,56;SEPARADO;SCAPSUL EQUIPAMENTOS RODOVIARIOS LTDA;000000;;;
01869401001;006130;60901015916;CURVA TURBINA VOLVO TAD1345GE;;SEPARADO;1;;;1;953,48;SEPARADO;SCAPSUL EQUIPAMENTOS RODOVIARIOS LTDA;000000;;;
01869401001;006130;61101000101;SENSOR PR OLEO VDO 360002017R/;;FALTA;1;;;1;269,34;FALTA;POLIPECAS COMERCIAL E IMPORTADORA LTDA;014319;0;;
01869401001;006130;61101001001;IND NV COMB MEC 285MM TC;;FALTA;1;;;1;810;FALTA;TACOBRAS MEDIDORES DE PRECISAO LTDA;014323;0;;
01869401001;006130;61101001301;SENS NV COMB ULTRAS K40LSR;;FALTA;1;;;1;503,31;FALTA;KVA INDUSTRIA E COMERCIO LTDA;014316;0;;
01869401001;006130;61301006408;SUPORTE CRN KSE315/325;;FALTA;2;;;2;258,72;FALTA;GW METAL INDUSTRIA E COMERCIO LTDA;014315;0;;
01869401001;006130;61301008208;BS KSE325 TAD13;;SEPARADO;1;;;1;12147,14;SEPARADO;ST INDUSTRIA E PINTURA LTDA;000000;;;
01869401001;006130;61307004508;SPT FIX KSE 200L;;FALTA;2;;;2;7,15;FALTA;GW METAL INDUSTRIA E COMERCIO LTDA;014315;0;;
01869401001;006130;61307005808;SPT ALT WG AG10 280 KSE325;;FALTA;2;;;2;785;FALTA;GW METAL INDUSTRIA E COMERCIO LTDA;014315;0,0325;;
01869401001;006130;61307005908;TAMPA TQ REMOV KSE325;;FALTA;1;;;1;271,65;FALTA;GW METAL INDUSTRIA E COMERCIO LTDA;014315;0;;
01869401001;006130;61401005849NE;CARENAGEM KSE325 TAD13;;FALTA;1;;;1;19850;FALTA;GW METAL INDUSTRIA E COMERCIO LTDA;014315;0;;
01869401001;006130;61405001101;BATENTE DE BORRACHA CONICO;;SEPARADO;4;;;4;5;SEPARADO;REI DAS MANGUEIRAS MAQUINAS E EQUIPAMENTOS LTDA-ME;000000;;;
01869401001;006130;61602010608;SPT PNL COMANDO KSE325 TAD13;;FALTA;1;;;1;425;FALTA;GW METAL INDUSTRIA E COMERCIO LTDA;014315;0;;
01869401001;006130;61617004001NE;CHICOTE PARA MOPCTERMOALTSC;;SEPARADO;1;;;1;0;SEPARADO;ESTOQUE;000000;;;
01869401001;006130;61617004201NE;CHICOTE PARA MOPCRESAQUECWEG;;SEPARADO;1;;;1;0;SEPARADO;ESTOQUE;000000;;;
01869401001;006130;61617004601NE;CHICOTE PARA MOPCRESAQUECMEC;;SEPARADO;1;;;1;0;SEPARADO;ESTOQUE;000000;;;
01869401001;006130;61617006801NE;CHICOTE PARA MOPCKVACOMB;;SEPARADO;1;;;1;0;SEPARADO;ESTOQUE;000000;;;
01869401001;006130;61619014801NE;CHICOTE VOLVO TAD8 42/43GE CTZ;;SEPARADO;1;;;1;0;SEPARADO;ESTOQUE;000000;;;
01869401001;006130;61645000201NE;CONJ CB BATERIA P/N 070 L0700;;SEPARADO;1;;;1;0;SEPARADO;ESTOQUE;000000;;;
01869401001;006130;61645000301NE;CONJ CB BATERIA JUMP 070 L0300;;SEPARADO;1;;;1;0;SEPARADO;ESTOQUE;000000;;;
01869401001;006130;61801002001;PF DIN912 M10X40 12.9 PT;;SEPARADO;12;;;12;5,58;SEPARADO;MULT TEMPERA COAT TECNOLOGIA EM TRATAMENTO TERMICO E REVESTIMENTOS SUPERFICIAIS;000000;;;
01869401001;006130;61801002801;PF DIN912 M12X35 12.9 PT;;SEPARADO;8;;;8;639,18;SEPARADO;MULT TEMPERA COAT TECNOLOGIA EM TRATAMENTO TERMICO E REVESTIMENTOS SUPERFICIAIS;000000;;;
01869401001;006130;61802000422;COTOVELO MF 90 1 2NPT GALV;;FALTA;3;;;3;35;FALTA;REI DAS MANGUEIRAS MAQUINAS E EQUIPAMENTOS LTDA-ME;014320;0;;
01869401001;006130;61802000711;BICO RM 1/2 NPT MANG 3/8 BIC;;SEPARADO;1;;;1;13,62;SEPARADO;REI DAS MANGUEIRAS MAQUINAS E EQUIPAMENTOS LTDA-ME;000000;;;
01869401001;006130;61802001622;"BICO RM M18X1,5 MANG 5/8"" BIC";;SEPARADO;1;;;1;28,5;SEPARADO;BULKS INDUSTRIA E COMERCIO LTDA;000000;;;
01869401001;006130;61802001711;BICO RM 1/2NPT MANG 5/8 BIC;;SEPARADO;2;;;2;28,5;SEPARADO;BULKS INDUSTRIA E COMERCIO LTDA;000000;;;
01869401001;006130;61802003811;"BUCHA RED M/F 1/2""NPT X 1/4""NP";;SEPARADO;1;;;1;18,4;SEPARADO;HITOCOM MATERIAIS TECNICOS E SERVICOS LTDA;000000;;;
01869401001;006130;61802008211;"BICO RM 1/4""NPT MANG 1/4"" BIC";;FALTA;1;;;1;28,5;FALTA;BULKS INDUSTRIA E COMERCIO LTDA;014311;0;;
01869401001;006130;61802008411;"ADP M/F M24X1,5 X 1/2""NPT";;SEPARADO;1;;;1;40;SEPARADO;BULKS INDUSTRIA E COMERCIO LTDA;000000;;;
01869401001;006130;61802009411;"BICO D22 MANG 5/8"" BIC";;SEPARADO;1;;;1;27,1;SEPARADO;USINAGEM DG MANUTENCAO INDUSTRIAL LTDA;000000;;;
01869401001;006130;61805000323;"ABRACADEIRA TIPO ""U"" D203";;FALTA;1;;;1;109,11;FALTA;SCAPSUL EQUIPAMENTOS RODOVIARIOS LTDA;014322;0,065;;
01869401001;006130;61805000722;ABRACADEIRA ESCAP. TC181;;SEPARADO;1;;;1;110;SEPARADO;GS MORAIS INSTALACOES ELETRICAS LTDA - ME;000000;;;
01869401001;006130;61805001916;"ABRACADEIRA TIPO ""U"" 5.1/2""";;SEPARADO;1;;;1;113,93;SEPARADO;SCAPSUL EQUIPAMENTOS RODOVIARIOS LTDA;000000;;;
01869401001;006130;61807000901;GUARNICAO DE PORTA 24MM;;SEPARADO;1;;;1;201,2;SEPARADO;GW METAL INDUSTRIA E COMERCIO LTDA;000000;;;
01869401001;006130;61807001001;ARR VED CB DIN7306 DI24XDE29;;SEPARADO;1;;;1;5,5;SEPARADO;CENTRAL DOS PARAFUSOS DE ITUMBIARA LTDA;000000;;;
01869401001;006130;61809000301;"VALV ESF BORBOLETA F/F 1/2""NPT";;SEPARADO;1;;;1;46,92;SEPARADO;HITOCOM MATERIAIS TECNICOS E SERVICOS LTDA;000000;;;
01869401001;006130;91101033701;SENSOR DE TEMPERATURA;;SEPARADO;1;;;1;702;SEPARADO;SDNO;000000;;;
01869401001;006130;91801007305;ARR M10 DIN 9250 PT;;SEPARADO;12;;;12;0,69;SEPARADO;MULT TEMPERA COAT TECNOLOGIA EM TRATAMENTO TERMICO E REVESTIMENTOS SUPERFICIAIS;000000;;;
01869401001;006130;91801023019;ARR M12 DIN 9250 PT;;SEPARADO;8;;;8;9,24;SEPARADO;MULT TEMPERA COAT TECNOLOGIA EM TRATAMENTO TERMICO E REVESTIMENTOS SUPERFICIAIS;000000;;;
01869401001;006130;MQCU31DVOL00001;QD CMDO USCA31D MINT 800A CTZ;;FALTA;1;;;1;0;FALTA;ESTOQUE;//;0;;
01869401002;006130;104011700;POSTE PF E/UK;;FALTA;1;;;1;4,24;FALTA;PHOENIX CONTACT IND E COMERCIO LTDA;014318;0,0975;;
01869401002;006130;104192100;BORNE DUPLO PUSH IN 4MM PTTB4;;FALTA;2;;;2;9,23;FALTA;PHOENIX CONTACT IND E COMERCIO LTDA;014318;0,0975;;
01869401002;006130;104192200;TAMPA P/ BORNE DUP 4MM D-STTB4;;SEPARADO;1;;;1;2,42;SEPARADO;PHOENIX CONTACT IND E COMERCIO LTDA;000000;;;
01869401002;006130;104193600;SUPORTE IDENTIF P/ POSTE KLM-A;;SEPARADO;1;;;1;37,09;SEPARADO;PHOENIX CONTACT IND E COMERCIO LTDA;000000;;;
01869401002;006130;104193700;ETIQUETA P/ BORNE UCT-TMF6;;SEPARADO;8;;;8;62,45;SEPARADO;PHOENIX CONTACT IND E COMERCIO LTDA;000000;;;
01869401002;006130;104193800;ETIQUETA DE ENCAIXE ESL44X7;;SEPARADO;1;;;1;52,1838;SEPARADO;PHOENIX CONTACT IND E COMERCIO LTDA;000000;;;
01869401002;006130;106197000;DJ 2P 10A SH202 T-C10;;FALTA;1;;;1;34,38;FALTA;ABB ELETRIFICACAO LTDA;014325;0,065;;
01869401002;006130;213002800;PLAQUETA PVC ADESIVA20X9MM;;SEPARADO;1;;;1;35,412;SEPARADO;PROAUTO ELECTRIC LTDA;000000;;;
01869401004;006130;104011700;POSTE PF E/UK;;FALTA;1;;;1;4,24;FALTA;PHOENIX CONTACT IND E COMERCIO LTDA;014318;0,0975;;
01869401004;006130;104192100;BORNE DUPLO PUSH IN 4MM PTTB4;;FALTA;3;;;3;9,23;FALTA;PHOENIX CONTACT IND E COMERCIO LTDA;014318;0,0975;;
01869401004;006130;104192200;TAMPA P/ BORNE DUP 4MM D-STTB4;;SEPARADO;1;;;1;2,42;SEPARADO;PHOENIX CONTACT IND E COMERCIO LTDA;000000;;;
01869401004;006130;104193600;SUPORTE IDENTIF P/ POSTE KLM-A;;SEPARADO;1;;;1;37,09;SEPARADO;PHOENIX CONTACT IND E COMERCIO LTDA;000000;;;
01869401004;006130;104193700;ETIQUETA P/ BORNE UCT-TMF6;;SEPARADO;12;;;12;62,45;SEPARADO;PHOENIX CONTACT IND E COMERCIO LTDA;000000;;;
01869401004;006130;104193800;ETIQUETA DE ENCAIXE ESL44X7;;SEPARADO;1;;;1;52,1838;SEPARADO;PHOENIX CONTACT IND E COMERCIO LTDA;000000;;;
01869401004;006130;61648042901;DJ 2P 10A SJ202 T-C10;;FALTA;1;;;1;34,38;FALTA;ABB ELETRIFICACAO LTDA;014325;0,065;;
01869401005;006130;101007500;MAN OLEO SCANIA 24VCC;;SEPARADO;1;;;1;161;SEPARADO;TERMOTEMP COM.APAR.AUT.MEDICAO LTDA;000000;;;
01869401005;006130;101008700;MED TEMP AGUA 24VCC;;SEPARADO;1;;;1;242;SEPARADO;LEONARDO PLATERO ROSSENHOLI 34237804879;000000;;;
01869401005;006130;101011700;TCMT HOR 12/24VCC VIA PICK-UP;;SEPARADO;1;;;1;3738,07;SEPARADO;DELBRAS COMERCIO DE PECAS LTDA - ME;000000;;;
01869401005;006130;101042300;MOD DSE 8610-02 MKII 8-35VCC;;FALTA;1;;;1;8943,79;FALTA;FABEL INNECCO ENG.COM.PROD.ELETRO LTDA;014313;0,0975;;
01869401005;006130;101096800;MOD DEEP SEA DSEM835;;FALTA;1;;;1;2053,83;FALTA;FABEL INNECCO ENG.COM.PROD.ELETRO LTDA;014313;0,0975;;
01869401005;006130;104007100;IDENT PLO 6.2MM 0828736 - UCT-;;FALTA;2;;;2;0;FALTA;ESTOQUE;//;0;;
01869401005;006130;104010000;GRAMPO BAR 10X3MM 0.50-4.00MM;;SEPARADO;4;;;4;11,4;SEPARADO;PHOENIX CONTACT IND E COMERCIO LTDA;000000;;;
01869401005;006130;104011700;POSTE PF E/UK;;FALTA;12;;;12;4,24;FALTA;PHOENIX CONTACT IND E COMERCIO LTDA;014318;0,0975;;
01869401005;006130;104012100;TAMPA BORNE 4 0MM2 D ST 4;;SEPARADO;1;;;1;1,55;SEPARADO;PHOENIX CONTACT IND E COMERCIO LTDA;000000;;;
01869401005;006130;104192100;BORNE DUPLO PUSH IN 4MM PTTB4;;FALTA;54;;;54;9,23;FALTA;PHOENIX CONTACT IND E COMERCIO LTDA;014318;0,0975;;
01869401005;006130;104192200;TAMPA P/ BORNE DUP 4MM D-STTB4;;SEPARADO;8;;;8;2,42;SEPARADO;PHOENIX CONTACT IND E COMERCIO LTDA;000000;;;
01869401005;006130;104193600;SUPORTE IDENTIF P/ POSTE KLM-A;;SEPARADO;11;;;11;37,09;SEPARADO;PHOENIX CONTACT IND E COMERCIO LTDA;000000;;;
01869401005;006130;104193700;ETIQUETA P/ BORNE UCT-TMF6;;SEPARADO;236;;;236;62,45;SEPARADO;PHOENIX CONTACT IND E COMERCIO LTDA;000000;;;
01869401005;006130;104193800;ETIQUETA DE ENCAIXE ESL44X7;;SEPARADO;11;;;11;52,1838;SEPARADO;PHOENIX CONTACT IND E COMERCIO LTDA;000000;;;
01869401005;006130;105030800;CTTR AUX 24V NF22E-11;;FALTA;1;;;1;110,06;FALTA;ABB ELETRIFICACAO LTDA;014325;0,0325;;
01869401005;006130;105030900;CONT AUX CTTR CA4-10;;FALTA;2;;;2;10,71;FALTA;ABB ELETRIFICACAO LTDA;014325;0,0975;;
01869401005;006130;105031000;CONT AUX CTTR CA4-01;;FALTA;2;;;2;10,71;FALTA;ABB ELETRIFICACAO LTDA;014325;0,0975;;
01869401005;006130;106001400;DJ 2P 10A CURVA C 10KA S202;;SEPARADO;4;;;4;152,63;SEPARADO;ABB ELETRIFICACAO LTDA;000000;;;
01869401005;006130;106001500;DJ 1P 10A CURVA C 10KA S201;;FALTA;2;;;2;31,06;FALTA;ABB ELETRIFICACAO LTDA;014325;0,065;;
01869401005;006130;106002400;DJ 1P 6A CURVA C 10KA S201;;SEPARADO;2;;;2;59,97;SEPARADO;ABB ELETRIFICACAO LTDA;000000;;;
01869401005;006130;106002900;DJ 1P 2A CURVA C 10KA S201;;FALTA;2;;;2;59,96;FALTA;ABB ELETRIFICACAO LTDA;014325;0,065;;
01869401005;006130;106004000;DJ 3P 10A CURVA C 10KA S203;;RETIRADO;2;;;2;1239,67;RETIRADO;3LR PRODUTOS E SERVICOS ELETRICOS LTDA;000000;;;
01869401005;006130;107078500;CB COBRE NU 16MM2;;SEPARADO;0,5;;;0,5;10,2811;SEPARADO;COBREFLEX INDUSTRIA, DISTRIBUICAO E COMERCIO DE FIOS E CABOS EIRELI;000000;;;
01869401005;006130;107184900;BARRA TERRA COMANDO 10X3MM;;SEPARADO;0,2;;;0,2;205;SEPARADO;ROMAR ACESSORIOS INDUSTRIAIS LTDA;000000;;;
01869401005;006130;109003200;ISOLADOR CIL 40X50MM M8;;FALTA;3;;;3;42,55;FALTA;MX MATERIAIS ELETRICOS LTDA;014317;0;;
01869401005;006130;109089000;ISOLADOR CIL 40X60MM M8;;SEPARADO;2;;;2;32;SEPARADO;MX MATERIAIS ELETRICOS LTDA;000000;;;
01869401005;006130;113003300;RESIS CARV 120R 1/4W;;SEPARADO;1;;;1;2;SEPARADO;MX MATERIAIS ELETRICOS LTDA;000000;;;
01869401005;006130;115072600;TC 800/5A ST-61 SASSI;;FALTA;3;;;3;155;FALTA;SASSI MEDIDORES E TRANSFORMADORES EIRELI;014321;0,065;;
01869401005;006130;204013200;"DIST F M8 1""X60 BIC";;FALTA;2;;;2;72;FALTA;GW METAL INDUSTRIA E COMERCIO LTDA;014315;0;;
01869401005;006130;61405001201;DOBRADICA TASCO 91591;;SEPARADO;4;;;4;16,1;SEPARADO;TASCO LTDA;000000;;;
01869401005;006130;61405001301;FECHO TASCO 25085;;SEPARADO;1;;;1;63,0635;SEPARADO;TASCO LTDA;000000;;;
01869401005;006130;61405001502;PASSA CABO P/ PAINEL 1 1/4”;;SEPARADO;4;;;4;5,16;SEPARADO;ESSENTRA INDUSTRIA E COMERCIO LTDA;000000;;;
01869401005;006130;61405002801;FECHO LINGUETA YALE;;SEPARADO;1;;;1;38,54;SEPARADO;TASCO LTDA;000000;;;
01869401005;006130;61613002301;FUSIVEL DE VIDRO 250V-2A;;FALTA;1;;;1;0,8;FALTA;MX MATERIAIS ELETRICOS LTDA;014317;0;;
01869401005;006130;61626008001NE;CONJ BARRAS 1250A XT7 MCP1600;;SEPARADO;1;;;1;0;SEPARADO;ESTOQUE;000000;;;
01869401005;006130;61635012649;GABINETE MCP1600;;SEPARADO;1;;;1;650,65;SEPARADO;GW METAL INDUSTRIA E COMERCIO LTDA;000000;;;
01869401005;006130;61635026351;PLACA DISJ XT7 QD MCP800;;SEPARADO;1;;;1;43,68;SEPARADO;GW METAL INDUSTRIA E COMERCIO LTDA;000000;;;
01869401005;006130;61635026949;TAMPA DISJ ABB XT7 MCP1600;;SEPARADO;1;;;1;370;SEPARADO;RD MAQUINAS E EQUIPAMENTOS INDUSTRIAIS LTDA;000000;;;
01869401005;006130;61640008949;TAMPA 31D/DSE835 E INSTRUM MCP1600;;FALTA;1;;;1;118;FALTA;GW METAL INDUSTRIA E COMERCIO LTDA;014315;0;;
01869401005;006130;61646009001;CONT AUX 1NA 1NF S2C-H11L;;FALTA;12;;;12;70,31;FALTA;ABB ELETRIFICACAO LTDA;014325;0,0975;;
01869401005;006130;61648015800;AUX 4Q 400V E1.2-XT7-XT7M;;SEPARADO;1;;;1;588,23;SEPARADO;ABB ELETRIFICACAO LTDA;000000;;;
01869401005;006130;61648015900;AUX S51 250V E1.2-XT7-XT7M;;SEPARADO;1;;;1;175,94;SEPARADO;ABB ELETRIFICACAO LTDA;000000;;;
01869401005;006130;61648022201;DCM 3P FX 800A XT7MS LSIG;;FALTA;1;;;1;8695,22;FALTA;ABB ELETRIFICACAO LTDA;014325;0,065;;
01869401005;006130;61655001701;CARREG BAT 24VCC-5A DSEBC2405;;FALTA;2;;;2;572,44;FALTA;FABEL INNECCO ENG.COM.PROD.ELETRO LTDA;014313;0,05;;
01869401005;006130;61656000101;BASE PARA BLOCO DE CONTATO XB5;;SEPARADO;2;;;2;10,78;SEPARADO;MAIS SOLUCOES INDUSTRIAIS S.A;000000;;;
01869401005;006130;61656000201;CONT NA PARA BOTAO LINHA XB5;;SEPARADO;1;;;1;70;SEPARADO;ROMAR ACESSORIOS INDUSTRIAIS LTDA;000000;;;
01869401005;006130;61656000301;CONT NF PARA BOTAO LINHA XB5;;SEPARADO;6;;;6;13,05;SEPARADO;MAIS SOLUCOES INDUSTRIAIS S.A;000000;;;
01869401005;006130;61656000901;CABECOTE BOTAO EMERGENCIA XB5;;FALTA;1;;;1;0;FALTA;ABB ELETRIFICACAO LTDA;014325;0;;
01869401005;006130;61656001001;ADESIVO DESLIGA EMERGENCIA;;SEPARADO;1;;;1;12,94;SEPARADO;MAIS SOLUCOES INDUSTRIAIS S.A;000000;;;
01869401005;006130;61656002101;CABECOTE CH COMUT 2P CHAVE XB5;;SEPARADO;1;;;1;227,45;SEPARADO;ROMAR ACESSORIOS INDUSTRIAIS LTDA;000000;;;
01869401005;006130;61656003801;SUPORTE MODULAR BOTAO ABB;;FALTA;1;;;1;5,55;FALTA;ABB ELETRIFICACAO LTDA;014325;0,0975;;
01869401005;006130;61656003901;CONT NA BOTAO ABB LINHA MCB;;SEPARADO;1;;;1;9,33;SEPARADO;ABB ELETRIFICACAO LTDA;000000;;;
01869401005;006130;61656004001;CONT NF BOTAO ABB LINHA MCB;;FALTA;3;;;9;9,33;FALTA;ABB ELETRIFICACAO LTDA;014325;0,0975;;
01869401005;006130;61656004701;CABECOTE BOTAO EMERGENCIA ABB;;FALTA;1;;;2;40,97;FALTA;ABB ELETRIFICACAO LTDA;014325;0,0975;;
01869401005;006130;61656004801;ADESIVO PARADA DE EMERGENCIA;;SEPARADO;1;;;1;25,7;SEPARADO;APS COMPONENTES ELETRICOS S/A;000000;;;
01869401005;006130;61660000101;BORNE POTENCIAL DUPLO PUSH IN;;SEPARADO;5;;;5;31,7;SEPARADO;ELETROSTAR COMERCIO DE MATERIAL DE AUTOMACAO LTDA;000000;;;
01869401005;006130;61660000701;BORNE FUSIVEL PT 4 HESI 5X20;;SEPARADO;1;;;1;32,11;SEPARADO;PHOENIX CONTACT IND E COMERCIO LTDA;000000;;;
01869401005;006130;61660001201;TER ISOL ANEL 16MM² M8;;SEPARADO;1;;;1;16,1;SEPARADO;ROMAR ACESSORIOS INDUSTRIAIS LTDA;000000;;;
01869401005;006130;61660001301;TER ISOL ANEL 16MM² M10;;SEPARADO;1;;;1;16,39;SEPARADO;ROMAR ACESSORIOS INDUSTRIAIS LTDA;000000;;;
01869401005;006130;61660002801;BLOCO AFERICAO CWBASH-3TC+N;;SEPARADO;1;;;1;263,34;SEPARADO;CONNECTWELL DO BRASIL COMPONENTES ELETRICOS LTDA;000000;;;
01869401005;006130;61660003701;CONECTOR 18 VIAS MOD DSEM835;;FALTA;1;;;1;454,46;FALTA;FABEL INNECCO ENG.COM.PROD.ELETRO LTDA;014313;0,0975;;
01869401005;006130;61660005601;BLOCO DE DISTRIBUICAO PTFIX CZ;;SEPARADO;1;;;1;102,35;SEPARADO;MX MATERIAIS ELETRICOS LTDA;000000;;;
01869401005;006130;61660005701;BLOCO DE DISTRIBUICAO PTFIX AZ;;FALTA;1;;;8;31,62;FALTA;PHOENIX CONTACT IND E COMERCIO LTDA;014318;0,0975;;
01869401007;006130;61652005101;BASE RELE CR-S 1C/O 12...24 ABB;;SEPARADO;2;;;2;23,58;SEPARADO;ABB ELETRIFICACAO LTDA;000000;;;
01869401007;006130;61652005901;RL 1C/O 6A CR-S024VDC1R 24VCC;;SEPARADO;2;;;2;13,2;SEPARADO;ABB ELETRIFICACAO LTDA;000000;;;
01869401008;006130;61652005301;BASE RELE CR-P 2C/O ABB;;SEPARADO;6;;;6;21,96;SEPARADO;ABB ELETRIFICACAO LTDA;000000;;;
01869401008;006130;61652005601;GRAMPO RELE CR-PH;;FALTA;6;;;4;1,62;FALTA;ABB ELETRIFICACAO LTDA;014325;0,0975;;
01869401008;006130;61652006301;RL 2C/O 8A CR-P024DC2 24VCC;;FALTA;6;;;1;14,9;FALTA;ABB ELETRIFICACAO LTDA;014325;0,0325;;
01869401008;006130;61652007701;SUPRESSOR DE SURTO CR-P/M62C;;FALTA;6;;;6;43,17;FALTA;ABB ELETRIFICACAO LTDA;014325;0,065;;
01869401009;006130;107046700;BARRA COBRE 1 1/4 X 1/2;;FALTA;0,4;;;6;339,43308;FALTA;ANGLO INDUSTRIA E COMERCIO DE METAIS LTDA;014309;0,0325;;
01869401009;006130;107051100;BARRA COBRE 2 X 1/2;;FALTA;1,5;;;6;543,05396;FALTA;ANGLO INDUSTRIA E COMERCIO DE METAIS LTDA;014309;0,0325;;
01869501001;006130;101008500;PICK-UP 3.5V ROSC 5/8 300-184;;SEPARADO;1;;;1;1087,77;SEPARADO;SERVINTEL INTERNACIONAL LTDA;000000;;;
01869501001;006130;103004000;CH FIM CURSO 1NA 1NF TS23611Z;;FALTA;4;;;4;101,63;FALTA;MX MATERIAIS ELETRICOS LTDA;014317;0;;
01869501001;006130;107005600;CB COBRE 2X1.5MM2 PT 70ºC;;SEPARADO;35;;;35;7,39;SEPARADO;MX MATERIAIS ELETRICOS LTDA;000000;;;
01869501001;006130;108007200;LUMINARIA ESP P/ FITA LED 12V;;FALTA;1;;;1;224;FALTA;GW METAL INDUSTRIA E COMERCIO LTDA;014315;0;;
01869501001;006130;108007300;FITA LED 24V 26W BRANCA METRO;;SEPARADO;1;;;1;115,9;SEPARADO;MX MATERIAIS ELETRICOS LTDA;000000;;;
01869501001;006130;110462500;GS WEG AG10280MI20AI MU F1 CTZ;;FALTA;1;;;1;45970,23294;FALTA;WEG EQUIPAMENTOS ELETRICOS S/A;014284;0;;
01869501001;006130;113001700;RESIS INT AQ 1500W 230V 1 1 4;;FALTA;1;;;1;182;FALTA;ELTRA AQUECIMENTO ELETRICO LTDA;014312;0,065;;
01869501001;006130;117001300;BATERIA 12VCC RED TOP 34R;;FALTA;2;;;2;2750;FALTA;ATACADAO BATERIAS LTDA;014310;0;;
01869501001;006130;204000400;NIPLE DUPLO 1/2 NPT GALV;;FALTA;1;;;1;7,5;FALTA;REI DAS MANGUEIRAS MAQUINAS E EQUIPAMENTOS LTDA-ME;014320;0;;
01869501001;006130;204034000;SPT PICK-UP BIC;;SEPARADO;1;;;1;40,48;SEPARADO;METALPRESS METAL LTDA;000000;;;
01869501001;006130;204550500;SPT MN CH FIM CURSO TS23611Z;;FALTA;4;;;4;14;FALTA;GW METAL INDUSTRIA E COMERCIO LTDA;014315;0;;
01869501001;006130;204570300;TQ COMB 600L MET KSE325;;FALTA;1;;;1;15316;FALTA;GW METAL INDUSTRIA E COMERCIO LTDA;014315;0;;
01869501001;006130;204570400;SPT BAT 2X REDTOP 34R KSE325 CTZ;;FALTA;1;;;1;342;FALTA;GW METAL INDUSTRIA E COMERCIO LTDA;014315;0;;
01869501001;006130;204570500;CX PROT BATERIA 2X REDTOP 34R;;FALTA;1;;;1;180;FALTA;GW METAL INDUSTRIA E COMERCIO LTDA;014315;0;;
01869501001;006130;302000700;PRE AQ KIT USQ D3;;SEPARADO;1;;;1;620;SEPARADO;BULKS INDUSTRIA E COMERCIO LTDA;000000;;;
01869501001;006130;31303003802;AMV SCM-420NR 60SH;;SEPARADO;6;;;6;3604,6;SEPARADO;ACCESORIOS ELASTICOS LESOL S L;000000;;;
01869501001;006130;31601193801NE;BOTAO EMERGENCIA CARENAGEM 2NF;;RETIRADO;1;;;1;8548,9321;RETIRADO;SDMO  INDUSTRIES;000000;;;
01869501001;006130;31805000223;ABRACADEIRA TIPO U D145;;FALTA;1;;;1;111,2;FALTA;SCAPSUL EQUIPAMENTOS RODOVIARIOS LTDA;014322;0;;
01869501001;006130;31805000306;ABRACADEIRA CRON D32-51 AC;;SEPARADO;2;;;2;7,15;SEPARADO;REI DAS MANGUEIRAS MAQUINAS E EQUIPAMENTOS LTDA-ME;000000;;;
01869501001;006130;31807001223;JUNTA DE VEDACAO D18XD24X1,5 AL;;FALTA;1;;;1;45;FALTA;SCAPSUL EQUIPAMENTOS RODOVIARIOS LTDA;014322;0,065;;
01869501001;006130;31810004106;MANGUEIRA FLEXIVEL 16X23;;SEPARADO;1,5;;;1,5;52;SEPARADO;REI DAS MANGUEIRAS MAQUINAS E EQUIPAMENTOS LTDA-ME;000000;;;
01869501001;006130;60101003201;MOTOR VOLVO TAD1345GE-B F1;;FALTA;1;;;1;147824,59;FALTA;VOLVO DO BRASIL VEICULOS LTDA;014324;0;;
01869501001;006130;60210000201;RESIST AQUEC ALT AG10 H280;;SEPARADO;1;;;1;852,26;SEPARADO;WEG EQUIPAMENTOS ELETRICOS S/A;000000;;;
01869501001;006130;602182500;CJT PLQT ACRILICO PV044495;;FALTA;1;;;1;900;FALTA;PRECISÃO A LASER;//;0;;
01869501001;006130;60405000408;TUBO RESPIRO KSE330 VOLVO TAD;;FALTA;1;;;1;78;FALTA;GW METAL INDUSTRIA E COMERCIO LTDA;014315;0;;
01869501001;006130;60501001601;TAMPA BOC ABAST TANCLIK  A101C;;FALTA;1;;;1;48;FALTA;ITULUB ITUMBIARA LUBRIFICANTES LTDA;014314;0;;
01869501001;006130;60501004708;FLANGE TQ POLI RETORNO;;FALTA;1;;;1;148;FALTA;GW METAL INDUSTRIA E COMERCIO LTDA;014315;0;;
01869501001;006130;60501005808;FLANGE CEGA TQ POLIETILENO;;SEPARADO;2;;;2;76,64;SEPARADO;MGK SOLUCOES INDUSTRIAIS PARA CALDEIRARIA LTDA;000000;;;
01869501001;006130;60501010408;FLANGE TQ 400L POLI ABAST KVA;;SEPARADO;1;;;1;348,7;SEPARADO;GW METAL INDUSTRIA E COMERCIO LTDA;000000;;;
01869501001;006130;60501010708;BOCAL ENCHIMENTO TQ TANCLICK;;FALTA;1;;;1;180;FALTA;GW METAL INDUSTRIA E COMERCIO LTDA;014315;0;;
01869501001;006130;60901001016;FLANGE ESC DE340 X DI203;;SEPARADO;1;;;1;280,96;SEPARADO;GW METAL INDUSTRIA E COMERCIO LTDA;000000;;;
01869501001;006130;60901001301;JUNTA ESC DE340 X DI203;;SEPARADO;1;;;1;90,1;SEPARADO;SCAPSUL EQUIPAMENTOS RODOVIARIOS LTDA;000000;;;
01869501001;006130;60901004601;JUNTA ESC DE185 X DI28;;SEPARADO;1;;;1;42,68;SEPARADO;SCAPSUL EQUIPAMENTOS RODOVIARIOS LTDA;000000;;;
01869501001;006130;60901010516;SILENCIOSO 40DBA KSE325;;FALTA;1;;;1;4214,64;FALTA;SCAPSUL EQUIPAMENTOS RODOVIARIOS LTDA;014322;0,065;;
01869501001;006130;60901012216;TUBO FLANGEADO SAIDA KSE325;;SEPARADO;1;;;1;716;SEPARADO;SCAPSUL EQUIPAMENTOS RODOVIARIOS LTDA;000000;;;
01869501001;006130;60901015816;CURVA COM FLEX TAD13 KSE325;;FALTA;1;;;1;1385,96;FALTA;SCAPSUL EQUIPAMENTOS RODOVIARIOS LTDA;014322;0,065;;
01869501001;006130;60901015916;CURVA TURBINA VOLVO TAD1345GE;;FALTA;1;;;1;992,66;FALTA;SCAPSUL EQUIPAMENTOS RODOVIARIOS LTDA;014322;0,065;;
01869501001;006130;61101000101;SENSOR PR OLEO VDO 360002017R/;;FALTA;1;;;1;269,34;FALTA;POLIPECAS COMERCIAL E IMPORTADORA LTDA;014319;0;;
01869501001;006130;61101001001;IND NV COMB MEC 285MM TC;;FALTA;1;;;1;810;FALTA;TACOBRAS MEDIDORES DE PRECISAO LTDA;014323;0;;
01869501001;006130;61101001301;SENS NV COMB ULTRAS K40LSR;;FALTA;1;;;1;503,31;FALTA;KVA INDUSTRIA E COMERCIO LTDA;014316;0;;
01869501001;006130;61301006408;SUPORTE CRN KSE315/325;;FALTA;2;;;2;258,72;FALTA;GW METAL INDUSTRIA E COMERCIO LTDA;014315;0;;
01869501001;006130;61301008208;BS KSE325 TAD13;;SEPARADO;1;;;1;12147,14;SEPARADO;ST INDUSTRIA E PINTURA LTDA;000000;;;
01869501001;006130;61307004508;SPT FIX KSE 200L;;FALTA;2;;;2;7,15;FALTA;GW METAL INDUSTRIA E COMERCIO LTDA;014315;0;;
01869501001;006130;61307005808;SPT ALT WG AG10 280 KSE325;;FALTA;2;;;2;785;FALTA;GW METAL INDUSTRIA E COMERCIO LTDA;014315;0,0325;;
01869501001;006130;61307005908;TAMPA TQ REMOV KSE325;;FALTA;1;;;1;271,65;FALTA;GW METAL INDUSTRIA E COMERCIO LTDA;014315;0;;
01869501001;006130;61401005849NE;CARENAGEM KSE325 TAD13;;FALTA;1;;;1;19850;FALTA;GW METAL INDUSTRIA E COMERCIO LTDA;014315;0;;
01869501001;006130;61405001101;BATENTE DE BORRACHA CONICO;;SEPARADO;4;;;4;5;SEPARADO;REI DAS MANGUEIRAS MAQUINAS E EQUIPAMENTOS LTDA-ME;000000;;;
01869501001;006130;61602010608;SPT PNL COMANDO KSE325 TAD13;;FALTA;1;;;1;425;FALTA;GW METAL INDUSTRIA E COMERCIO LTDA;014315;0;;
01869501001;006130;61617004001NE;CHICOTE PARA MOPCTERMOALTSC;;SEPARADO;1;;;1;0;SEPARADO;ESTOQUE;000000;;;
01869501001;006130;61617004201NE;CHICOTE PARA MOPCRESAQUECWEG;;SEPARADO;1;;;1;0;SEPARADO;ESTOQUE;000000;;;
01869501001;006130;61617004601NE;CHICOTE PARA MOPCRESAQUECMEC;;SEPARADO;1;;;1;0;SEPARADO;ESTOQUE;000000;;;
01869501001;006130;61617006801NE;CHICOTE PARA MOPCKVACOMB;;SEPARADO;1;;;1;0;SEPARADO;ESTOQUE;000000;;;
01869501001;006130;61619014801NE;CHICOTE VOLVO TAD8 42/43GE CTZ;;SEPARADO;1;;;1;0;SEPARADO;ESTOQUE;000000;;;
01869501001;006130;61645000201NE;CONJ CB BATERIA P/N 070 L0700;;SEPARADO;1;;;1;0;SEPARADO;ESTOQUE;000000;;;
01869501001;006130;61645000301NE;CONJ CB BATERIA JUMP 070 L0300;;SEPARADO;1;;;1;0;SEPARADO;ESTOQUE;000000;;;
01869501001;006130;61801002001;PF DIN912 M10X40 12.9 PT;;SEPARADO;12;;;12;5,58;SEPARADO;MULT TEMPERA COAT TECNOLOGIA EM TRATAMENTO TERMICO E REVESTIMENTOS SUPERFICIAIS;000000;;;
01869501001;006130;61801002801;PF DIN912 M12X35 12.9 PT;;SEPARADO;8;;;8;639,18;SEPARADO;MULT TEMPERA COAT TECNOLOGIA EM TRATAMENTO TERMICO E REVESTIMENTOS SUPERFICIAIS;000000;;;
01869501001;006130;61802000422;COTOVELO MF 90 1 2NPT GALV;;FALTA;3;;;3;35;FALTA;REI DAS MANGUEIRAS MAQUINAS E EQUIPAMENTOS LTDA-ME;014320;0;;
01869501001;006130;61802000711;BICO RM 1/2 NPT MANG 3/8 BIC;;SEPARADO;1;;;1;13,62;SEPARADO;REI DAS MANGUEIRAS MAQUINAS E EQUIPAMENTOS LTDA-ME;000000;;;
01869501001;006130;61802001622;"BICO RM M18X1,5 MANG 5/8"" BIC";;SEPARADO;1;;;1;28,5;SEPARADO;BULKS INDUSTRIA E COMERCIO LTDA;000000;;;
01869501001;006130;61802001711;BICO RM 1/2NPT MANG 5/8 BIC;;FALTA;2;;;1;28,5;FALTA;BULKS INDUSTRIA E COMERCIO LTDA;014311;0;;
01869501001;006130;61802003811;"BUCHA RED M/F 1/2""NPT X 1/4""NP";;SEPARADO;1;;;1;18,4;SEPARADO;HITOCOM MATERIAIS TECNICOS E SERVICOS LTDA;000000;;;
01869501001;006130;61802008211;"BICO RM 1/4""NPT MANG 1/4"" BIC";;FALTA;1;;;1;28,5;FALTA;BULKS INDUSTRIA E COMERCIO LTDA;014311;0;;
01869501001;006130;61802008411;"ADP M/F M24X1,5 X 1/2""NPT";;SEPARADO;1;;;1;40;SEPARADO;BULKS INDUSTRIA E COMERCIO LTDA;000000;;;
01869501001;006130;61802009411;"BICO D22 MANG 5/8"" BIC";;SEPARADO;1;;;1;27,1;SEPARADO;USINAGEM DG MANUTENCAO INDUSTRIAL LTDA;000000;;;
01869501001;006130;61805000323;"ABRACADEIRA TIPO ""U"" D203";;FALTA;1;;;1;109,11;FALTA;SCAPSUL EQUIPAMENTOS RODOVIARIOS LTDA;014322;0,065;;
01869501001;006130;61805000722;ABRACADEIRA ESCAP. TC181;;SEPARADO;1;;;1;110;SEPARADO;GS MORAIS INSTALACOES ELETRICAS LTDA - ME;000000;;;
01869501001;006130;61805001916;"ABRACADEIRA TIPO ""U"" 5.1/2""";;FALTA;1;;;1;106,98;FALTA;SCAPSUL EQUIPAMENTOS RODOVIARIOS LTDA;014322;0,065;;
01869501001;006130;61807000901;GUARNICAO DE PORTA 24MM;;SEPARADO;1;;;1;201,2;SEPARADO;GW METAL INDUSTRIA E COMERCIO LTDA;000000;;;
01869501001;006130;61807001001;ARR VED CB DIN7306 DI24XDE29;;SEPARADO;1;;;1;5,5;SEPARADO;CENTRAL DOS PARAFUSOS DE ITUMBIARA LTDA;000000;;;
01869501001;006130;61809000301;"VALV ESF BORBOLETA F/F 1/2""NPT";;SEPARADO;1;;;1;46,92;SEPARADO;HITOCOM MATERIAIS TECNICOS E SERVICOS LTDA;000000;;;
01869501001;006130;91101033701;SENSOR DE TEMPERATURA;;SEPARADO;1;;;1;702;SEPARADO;SDMO  INDUSTRIES;000000;;;
01869501001;006130;91801007305;ARR M10 DIN 9250 PT;;SEPARADO;12;;;12;0,69;SEPARADO;MULT TEMPERA COAT TECNOLOGIA EM TRATAMENTO TERMICO E REVESTIMENTOS SUPERFICIAIS;000000;;;
01869501001;006130;91801023019;ARR M12 DIN 9250 PT;;SEPARADO;8;;;8;9,24;SEPARADO;MULT TEMPERA COAT TECNOLOGIA EM TRATAMENTO TERMICO E REVESTIMENTOS SUPERFICIAIS;000000;;;
01869501002;006130;104011700;POSTE PF E/UK;;FALTA;1;;;1;4,24;FALTA;PHOENIX CONTACT IND E COMERCIO LTDA;014318;0,0975;;
01869501002;006130;104192100;BORNE DUPLO PUSH IN 4MM PTTB4;;FALTA;2;;;2;9,23;FALTA;PHOENIX CONTACT IND E COMERCIO LTDA;014318;0,0975;;
01869501002;006130;104192200;TAMPA P/ BORNE DUP 4MM D-STTB4;;SEPARADO;1;;;1;2,42;SEPARADO;PHOENIX CONTACT IND E COMERCIO LTDA;000000;;;
01869501002;006130;104193600;SUPORTE IDENTIF P/ POSTE KLM-A;;SEPARADO;1;;;1;37,09;SEPARADO;PHOENIX CONTACT IND E COMERCIO LTDA;000000;;;
01869501002;006130;104193700;ETIQUETA P/ BORNE UCT-TMF6;;SEPARADO;8;;;8;62,45;SEPARADO;PHOENIX CONTACT IND E COMERCIO LTDA;000000;;;
01869501002;006130;104193800;ETIQUETA DE ENCAIXE ESL44X7;;SEPARADO;1;;;1;52,1838;SEPARADO;PHOENIX CONTACT IND E COMERCIO LTDA;000000;;;
01869501002;006130;106197000;DJ 2P 10A SH202 T-C10;;FALTA;1;;;1;34,38;FALTA;ABB ELETRIFICACAO LTDA;014325;0,065;;
01869501002;006130;213002800;PLAQUETA PVC ADESIVA20X9MM;;FALTA;1;;;1;0;FALTA;ESTOQUE;//;0;;
01869501004;006130;104011700;POSTE PF E/UK;;FALTA;1;;;1;4,24;FALTA;PHOENIX CONTACT IND E COMERCIO LTDA;014318;0,0975;;
01869501004;006130;104192100;BORNE DUPLO PUSH IN 4MM PTTB4;;FALTA;3;;;3;9,23;FALTA;PHOENIX CONTACT IND E COMERCIO LTDA;014318;0,0975;;
01869501004;006130;104192200;TAMPA P/ BORNE DUP 4MM D-STTB4;;SEPARADO;1;;;1;2,42;SEPARADO;PHOENIX CONTACT IND E COMERCIO LTDA;000000;;;
01869501004;006130;104193600;SUPORTE IDENTIF P/ POSTE KLM-A;;SEPARADO;1;;;1;37,09;SEPARADO;PHOENIX CONTACT IND E COMERCIO LTDA;000000;;;
01869501004;006130;104193700;ETIQUETA P/ BORNE UCT-TMF6;;SEPARADO;12;;;12;62,45;SEPARADO;PHOENIX CONTACT IND E COMERCIO LTDA;000000;;;
01869501004;006130;104193800;ETIQUETA DE ENCAIXE ESL44X7;;SEPARADO;1;;;1;52,1838;SEPARADO;PHOENIX CONTACT IND E COMERCIO LTDA;000000;;;
01869501004;006130;61648042901;DJ 2P 10A SJ202 T-C10;;SEPARADO;1;;;1;35;SEPARADO;ABB ELETRIFICACAO LTDA;000000;;;
01869501005;006130;101007500;MAN OLEO SCANIA 24VCC;;SEPARADO;1;;;1;161;SEPARADO;TERMOTEMP COM.APAR.AUT.MEDICAO LTDA;000000;;;
01869501005;006130;101008700;MED TEMP AGUA 24VCC;;SEPARADO;1;;;1;242;SEPARADO;LEONARDO PLATERO ROSSENHOLI 34237804879;000000;;;
01869501005;006130;101011700;TCMT HOR 12/24VCC VIA PICK-UP;;FALTA;1;;;1;3575,55;FALTA;DELBRAS COMERCIO DE PECAS LTDA - ME;014328;0;;
01869501005;006130;101042300;MOD DSE 8610-02 MKII 8-35VCC;;FALTA;1;;;1;8943,79;FALTA;FABEL INNECCO ENG.COM.PROD.ELETRO LTDA;014313;0,0975;;
01869501005;006130;101096800;MOD DEEP SEA DSEM835;;FALTA;1;;;1;2053,83;FALTA;FABEL INNECCO ENG.COM.PROD.ELETRO LTDA;014313;0,0975;;
01869501005;006130;104007100;IDENT PLO 6.2MM 0828736 - UCT-;;FALTA;2;;;2;0;FALTA;ESTOQUE;//;0;;
01869501005;006130;104010000;GRAMPO BAR 10X3MM 0.50-4.00MM;;SEPARADO;4;;;4;11,4;SEPARADO;PHOENIX CONTACT IND E COMERCIO LTDA;000000;;;
01869501005;006130;104011700;POSTE PF E/UK;;FALTA;12;;;12;4,24;FALTA;PHOENIX CONTACT IND E COMERCIO LTDA;014318;0,0975;;
01869501005;006130;104012100;TAMPA BORNE 4 0MM2 D ST 4;;SEPARADO;1;;;1;1,55;SEPARADO;PHOENIX CONTACT IND E COMERCIO LTDA;000000;;;
01869501005;006130;104192100;BORNE DUPLO PUSH IN 4MM PTTB4;;FALTA;54;;;54;9,23;FALTA;PHOENIX CONTACT IND E COMERCIO LTDA;014318;0,0975;;
01869501005;006130;104192200;TAMPA P/ BORNE DUP 4MM D-STTB4;;SEPARADO;8;;;8;2,42;SEPARADO;PHOENIX CONTACT IND E COMERCIO LTDA;000000;;;
01869501005;006130;104193600;SUPORTE IDENTIF P/ POSTE KLM-A;;SEPARADO;11;;;11;37,09;SEPARADO;PHOENIX CONTACT IND E COMERCIO LTDA;000000;;;
01869501005;006130;104193700;ETIQUETA P/ BORNE UCT-TMF6;;SEPARADO;236;;;236;62,45;SEPARADO;PHOENIX CONTACT IND E COMERCIO LTDA;000000;;;
01869501005;006130;104193800;ETIQUETA DE ENCAIXE ESL44X7;;SEPARADO;11;;;11;52,1838;SEPARADO;PHOENIX CONTACT IND E COMERCIO LTDA;000000;;;
01869501005;006130;105030800;CTTR AUX 24V NF22E-11;;FALTA;1;;;1;110,06;FALTA;ABB ELETRIFICACAO LTDA;014325;0,0325;;
01869501005;006130;105030900;CONT AUX CTTR CA4-10;;FALTA;2;;;2;10,71;FALTA;ABB ELETRIFICACAO LTDA;014325;0,0975;;
01869501005;006130;105031000;CONT AUX CTTR CA4-01;;FALTA;2;;;2;10,71;FALTA;ABB ELETRIFICACAO LTDA;014325;0,0975;;
01869501005;006130;106001400;DJ 2P 10A CURVA C 10KA S202;;FALTA;4;;;2;86,76;FALTA;ABB ELETRIFICACAO LTDA;014325;0,065;;
01869501005;006130;106001500;DJ 1P 10A CURVA C 10KA S201;;FALTA;2;;;2;31,06;FALTA;ABB ELETRIFICACAO LTDA;014325;0,065;;
01869501005;006130;106002400;DJ 1P 6A CURVA C 10KA S201;;FALTA;2;;;2;59,97;FALTA;ABB ELETRIFICACAO LTDA;014325;0,065;;
01869501005;006130;106002900;DJ 1P 2A CURVA C 10KA S201;;FALTA;2;;;2;59,96;FALTA;ABB ELETRIFICACAO LTDA;014325;0,065;;
01869501005;006130;106004000;DJ 3P 10A CURVA C 10KA S203;;RETIRADO;2;;;2;1239,67;RETIRADO;3LR PRODUTOS E SERVICOS ELETRICOS LTDA;000000;;;
01869501005;006130;107078500;CB COBRE NU 16MM2;;SEPARADO;0,5;;;0,5;10,2811;SEPARADO;COBREFLEX INDUSTRIA, DISTRIBUICAO E COMERCIO DE FIOS E CABOS EIRELI;000000;;;
01869501005;006130;107184900;BARRA TERRA COMANDO 10X3MM;;SEPARADO;0,2;;;0,2;205;SEPARADO;ROMAR ACESSORIOS INDUSTRIAIS LTDA;000000;;;
01869501005;006130;109003200;ISOLADOR CIL 40X50MM M8;;FALTA;3;;;3;42,55;FALTA;MX MATERIAIS ELETRICOS LTDA;014317;0;;
01869501005;006130;109089000;ISOLADOR CIL 40X60MM M8;;SEPARADO;2;;;2;32;SEPARADO;MX MATERIAIS ELETRICOS LTDA;000000;;;
01869501005;006130;113003300;RESIS CARV 120R 1/4W;;FALTA;1;;;1;2,5;FALTA;MX MATERIAIS ELETRICOS LTDA;014317;0;;
01869501005;006130;115072600;TC 800/5A ST-61 SASSI;;FALTA;3;;;3;155;FALTA;SASSI MEDIDORES E TRANSFORMADORES EIRELI;014321;0,065;;
01869501005;006130;204013200;"DIST F M8 1""X60 BIC";;FALTA;2;;;2;72;FALTA;GW METAL INDUSTRIA E COMERCIO LTDA;014315;0;;
01869501005;006130;61405001201;DOBRADICA TASCO 91591;;SEPARADO;4;;;4;16,1;SEPARADO;TASCO LTDA;000000;;;
01869501005;006130;61405001301;FECHO TASCO 25085;;SEPARADO;1;;;1;63,0635;SEPARADO;TASCO LTDA;000000;;;
01869501005;006130;61405001502;PASSA CABO P/ PAINEL 1 1/4”;;SEPARADO;4;;;4;5,16;SEPARADO;ESSENTRA INDUSTRIA E COMERCIO LTDA;000000;;;
01869501005;006130;61405002801;FECHO LINGUETA YALE;;SEPARADO;1;;;1;38,54;SEPARADO;TASCO LTDA;000000;;;
01869501005;006130;61613002301;FUSIVEL DE VIDRO 250V-2A;;FALTA;1;;;1;0,8;FALTA;MX MATERIAIS ELETRICOS LTDA;014317;0;;
01869501005;006130;61626008001NE;CONJ BARRAS 1250A XT7 MCP1600;;SEPARADO;1;;;1;0;SEPARADO;ESTOQUE;000000;;;
01869501005;006130;61635012649;GABINETE MCP1600;;FALTA;1;;;1;925;FALTA;GW METAL INDUSTRIA E COMERCIO LTDA;014315;0;;
01869501005;006130;61635026351;PLACA DISJ XT7 QD MCP800;;SEPARADO;1;;;1;43,68;SEPARADO;GW METAL INDUSTRIA E COMERCIO LTDA;000000;;;
01869501005;006130;61635026949;TAMPA DISJ ABB XT7 MCP1600;;FALTA;1;;;1;200;FALTA;GW METAL INDUSTRIA E COMERCIO LTDA;014315;0;;
01869501005;006130;61640008949;TAMPA 31D/DSE835 E INSTRUM MCP1600;;FALTA;1;;;1;118;FALTA;GW METAL INDUSTRIA E COMERCIO LTDA;014315;0;;
01869501005;006130;61646009001;CONT AUX 1NA 1NF S2C-H11L;;FALTA;12;;;12;70,31;FALTA;ABB ELETRIFICACAO LTDA;014325;0,0975;;
01869501005;006130;61648015800;AUX 4Q 400V E1.2-XT7-XT7M;;SEPARADO;1;;;1;588,23;SEPARADO;ABB ELETRIFICACAO LTDA;000000;;;
01869501005;006130;61648015900;AUX S51 250V E1.2-XT7-XT7M;;SEPARADO;1;;;1;175,94;SEPARADO;ABB ELETRIFICACAO LTDA;000000;;;
01869501005;006130;61648022201;DCM 3P FX 800A XT7MS LSIG;;FALTA;1;;;1;8695,22;FALTA;ABB ELETRIFICACAO LTDA;014325;0,065;;
01869501005;006130;61655001701;CARREG BAT 24VCC-5A DSEBC2405;;FALTA;2;;;2;572,44;FALTA;FABEL INNECCO ENG.COM.PROD.ELETRO LTDA;014313;0,05;;
01869501005;006130;61656000101;BASE PARA BLOCO DE CONTATO XB5;;SEPARADO;2;;;2;10,78;SEPARADO;MAIS SOLUCOES INDUSTRIAIS S.A;000000;;;
01869501005;006130;61656000201;CONT NA PARA BOTAO LINHA XB5;;SEPARADO;1;;;1;70;SEPARADO;ROMAR ACESSORIOS INDUSTRIAIS LTDA;000000;;;
01869501005;006130;61656000301;CONT NF PARA BOTAO LINHA XB5;;FALTA;6;;;6;0;FALTA;ABB ELETRIFICACAO LTDA;014325;0;;
01869501005;006130;61656000901;CABECOTE BOTAO EMERGENCIA XB5;;FALTA;1;;;1;0;FALTA;ABB ELETRIFICACAO LTDA;014325;0;;
01869501005;006130;61656001001;ADESIVO DESLIGA EMERGENCIA;;SEPARADO;1;;;1;12,94;SEPARADO;MAIS SOLUCOES INDUSTRIAIS S.A;000000;;;
01869501005;006130;61656002101;CABECOTE CH COMUT 2P CHAVE XB5;;SEPARADO;1;;;1;227,45;SEPARADO;ROMAR ACESSORIOS INDUSTRIAIS LTDA;000000;;;
01869501005;006130;61640009149;TAMPA MCP600 DJ ABB XT2;;FALTA;1;;;1;89;FALTA;GW METAL INDUSTRIA E COMERCIO LTDA;014315;0;;
01869501005;006130;61656003801;SUPORTE MODULAR BOTAO ABB;;FALTA;1;;;1;5,55;FALTA;ABB ELETRIFICACAO LTDA;014325;0,0975;;
01869501005;006130;61656003901;CONT NA BOTAO ABB LINHA MCB;;SEPARADO;1;;;1;9,33;SEPARADO;ABB ELETRIFICACAO LTDA;000000;;;
01869501005;006130;61656004001;CONT NF BOTAO ABB LINHA MCB;;FALTA;3;;;3;9,33;FALTA;ABB ELETRIFICACAO LTDA;014325;0,0975;;
01869501005;006130;61656004701;CABECOTE BOTAO EMERGENCIA ABB;;FALTA;1;;;2;40,97;FALTA;ABB ELETRIFICACAO LTDA;014325;0,0975;;
01869501005;006130;61656004801;ADESIVO PARADA DE EMERGENCIA;;SEPARADO;1;;;1;25,7;SEPARADO;APS COMPONENTES ELETRICOS S/A;000000;;;
01869501005;006130;61660000101;BORNE POTENCIAL DUPLO PUSH IN;;SEPARADO;5;;;5;31,7;SEPARADO;ELETROSTAR COMERCIO DE MATERIAL DE AUTOMACAO LTDA;000000;;;
01869501005;006130;61660000701;BORNE FUSIVEL PT 4 HESI 5X20;;SEPARADO;1;;;1;32,11;SEPARADO;PHOENIX CONTACT IND E COMERCIO LTDA;000000;;;
01869501005;006130;61660001201;TER ISOL ANEL 16MM² M8;;SEPARADO;1;;;1;16,1;SEPARADO;ROMAR ACESSORIOS INDUSTRIAIS LTDA;000000;;;
01869501005;006130;61660001301;TER ISOL ANEL 16MM² M10;;SEPARADO;1;;;1;16,39;SEPARADO;ROMAR ACESSORIOS INDUSTRIAIS LTDA;000000;;;
01869501005;006130;61660002801;BLOCO AFERICAO CWBASH-3TC+N;;SEPARADO;1;;;1;263,34;SEPARADO;CONNECTWELL DO BRASIL COMPONENTES ELETRICOS LTDA;000000;;;
01869501005;006130;61660003701;CONECTOR 18 VIAS MOD DSEM835;;FALTA;1;;;1;454,46;FALTA;FABEL INNECCO ENG.COM.PROD.ELETRO LTDA;014313;0,0975;;
01869501005;006130;61660005601;BLOCO DE DISTRIBUICAO PTFIX CZ;;SEPARADO;1;;;1;102,35;SEPARADO;MX MATERIAIS ELETRICOS LTDA;000000;;;
01869501005;006130;61660005701;BLOCO DE DISTRIBUICAO PTFIX AZ;;SEPARADO;1;;;1;102,35;SEPARADO;MX MATERIAIS ELETRICOS LTDA;000000;;;
01869501007;006130;107046700;BARRA COBRE 1 1/4 X 1/2;;FALTA;0,4;;;;339,43308;FALTA;ANGLO INDUSTRIA E COMERCIO DE METAIS LTDA;014309;0,0325;;
01869501007;006130;107051100;BARRA COBRE 2 X 1/2;;FALTA;1,5;;;;543,05396;FALTA;ANGLO INDUSTRIA E COMERCIO DE METAIS LTDA;014309;0,0325;;
01869501008;006130;61652005101;BASE RELE CR-S 1C/O 12...24 ABB;;SEPARADO;2;;;;23,58;SEPARADO;ABB ELETRIFICACAO LTDA;000000;;;
01869501008;006130;61652005901;RL 1C/O 6A CR-S024VDC1R 24VCC;;SEPARADO;2;;;;13,2;SEPARADO;ABB ELETRIFICACAO LTDA;000000;;;
01869501009;006130;61652005301;BASE RELE CR-P 2C/O ABB;;FALTA;6;;;;20,01;FALTA;ABB ELETRIFICACAO LTDA;014325;0,0975;;
01869501009;006130;61652005601;GRAMPO RELE CR-PH;;FALTA;6;;;;1,62;FALTA;ABB ELETRIFICACAO LTDA;014325;0,0975;;
01869501009;006130;61652006301;RL 2C/O 8A CR-P024DC2 24VCC;;FALTA;6;;;;14,9;FALTA;ABB ELETRIFICACAO LTDA;014325;0,0325;;
01869501009;006130;61652007701;SUPRESSOR DE SURTO CR-P/M62C;;FALTA;6;;;;43,17;FALTA;ABB ELETRIFICACAO LTDA;014325;0,065;;
01866901003;006291;204370500;"TUBO ACO CARB PRETO 2"" - NBR 5580                 ";;FALTA;1,7;;;;;FALTA;SANTA RITA INDUSTRIA E COMERCIO DE FERRAGENS LTDA;000000;;;
01866901003;006291;201355800;"CURVA RL 90º Ø2"" C/COSTURA SCH 40                 ";;FALTA;1;;;;;FALTA;SCAPSUL;000000;;;
01866901003;006291;204401500;FLANGE ESC DE104 X DI60                           ;;FALTA;2;;;;;FALTA;SANTA RITA INDUSTRIA E COMERCIO DE FERRAGENS LTDA;000000;;;
01866901003;006291;204401600;FLANGE ESC DE160 X DI60                           ;;FALTA;1;;;;;FALTA;SANTA RITA INDUSTRIA E COMERCIO DE FERRAGENS LTDA;000000;;;
01867101003;006293;204370500;"TUBO ACO CARB PRETO 2"" - NBR 5580                 ";;FALTA;1,7;;;;;FALTA;SANTA RITA INDUSTRIA E COMERCIO DE FERRAGENS LTDA;000000;;;
01867101003;006293;201355800;"CURVA RL 90º Ø2"" C/COSTURA SCH 40                 ";;FALTA;1;;;;;FALTA;SCAPSUL;000000;;;
01867101003;006293;204401500;FLANGE ESC DE104 X DI60                           ;;FALTA;2;;;;;FALTA;SANTA RITA INDUSTRIA E COMERCIO DE FERRAGENS LTDA;000000;;;
01867101003;006293;204401600;FLANGE ESC DE160 X DI60                           ;;FALTA;1;;;;;FALTA;SANTA RITA INDUSTRIA E COMERCIO DE FERRAGENS LTDA;000000;;;
01867301003;006295;204370500;"TUBO ACO CARB PRETO 2"" - NBR 5580                 ";;FALTA;1,7;;;;;FALTA;SANTA RITA INDUSTRIA E COMERCIO DE FERRAGENS LTDA;000000;;;
01867301003;006295;201355800;"CURVA RL 90º Ø2"" C/COSTURA SCH 40                 ";;FALTA;1;;;;;FALTA;SCAPSUL;000000;;;
01867301003;006295;204401500;FLANGE ESC DE104 X DI60                           ;;FALTA;2;;;;;FALTA;SANTA RITA INDUSTRIA E COMERCIO DE FERRAGENS LTDA;000000;;;
01867301003;006295;204401600;FLANGE ESC DE160 X DI60                           ;;FALTA;1;;;;;FALTA;SANTA RITA INDUSTRIA E COMERCIO DE FERRAGENS LTDA;000000;;;
01867501003;006297;204370500;"TUBO ACO CARB PRETO 2"" - NBR 5580                 ";;FALTA;1,7;;;;;FALTA;SANTA RITA INDUSTRIA E COMERCIO DE FERRAGENS LTDA;000000;;;
01867501003;006297;201355800;"CURVA RL 90º Ø2"" C/COSTURA SCH 40                 ";;FALTA;1;;;;;FALTA;SCAPSUL;000000;;;
01867501003;006297;204401500;FLANGE ESC DE104 X DI60                           ;;FALTA;2;;;;;FALTA;SANTA RITA INDUSTRIA E COMERCIO DE FERRAGENS LTDA;000000;;;
01867501003;006297;204401600;FLANGE ESC DE160 X DI60                           ;;FALTA;1;;;;;FALTA;SANTA RITA INDUSTRIA E COMERCIO DE FERRAGENS LTDA;000000;;;
01867701003;006299;204370500;"TUBO ACO CARB PRETO 2"" - NBR 5580                 ";;FALTA;1,7;;;;;FALTA;SANTA RITA INDUSTRIA E COMERCIO DE FERRAGENS LTDA;000000;;;
01867701003;006299;201355800;"CURVA RL 90º Ø2"" C/COSTURA SCH 40                 ";;FALTA;1;;;;;FALTA;SCAPSUL;000000;;;
01867701003;006299;204401500;FLANGE ESC DE104 X DI60                           ;;FALTA;2;;;;;FALTA;SANTA RITA INDUSTRIA E COMERCIO DE FERRAGENS LTDA;000000;;;
01867701003;006299;204401600;FLANGE ESC DE160 X DI60                           ;;FALTA;1;;;;;FALTA;SANTA RITA INDUSTRIA E COMERCIO DE FERRAGENS LTDA;000000;;;
01869601002;006320;103064400;CH NV 3C TQ VT 500L PLT 1250MM;;SEPARADO;1;;;;1200;SEPARADO;WP MONTAGENS;014168;0;;
01869601002;006320;1518512;ELEMENTO FILTRO;;RETIRADO;1;;;;220,17;RETIRADO;VARELLA VEICULOS PESADOS LTDA;000000;;;
01869601002;006320;204000300;TQ VT 250L POLT 3/8;;SEPARADO;1;;;;1369,82;SEPARADO;ACCURATE MACHINE USINAGEM DE PRECISAO LTDA ME;014152;0;;
01869601002;006320;204582700;ELETROBOMBA ENG CLIMAX H34;;SEPARADO;1;;;;5750,0001;SEPARADO;BOMBAS CLIMAX IND COM LTDA;014154;0;;
01869601002;006320;30289;COPO P/FILTRO R9030MB/R12030;;RETIRADO;1;;;;74,95;RETIRADO;MACIEL IND E COMERCIO DE PECAS PARA AUTOS LTDA;000000;;;
01869601002;006320;34952;CABECOTE FILTRO RACOR;;RETIRADO;1;;;;243,87;RETIRADO;MACIEL IND E COMERCIO DE PECAS PARA AUTOS LTDA;000000;;;
01869601002;006320;60901003116;SILENCIOSO 29DBA - PK 1104;;SEPARADO;1;;;;875,32;SEPARADO;SCAPSUL EQUIPAMENTOS RODOVIARIOS LTDA;014163;0,065;;
01869601002;006320;60901004116;FLANGE ESC DE120 X DI77;;SEPARADO;2;;;;49;SEPARADO;AÇO FORT;014169;0,0325;;
01869601002;006320;60901004201;JUNTA ESC DE120 X DI77;;SEPARADO;2;;;;33,27;SEPARADO;SCAPSUL EQUIPAMENTOS RODOVIARIOS LTDA;014163;0,052;;
01869601003;006320;101014300;RL NV AGUA 12/24VCC AN5 COEL;;SEPARADO;1;;;;316,65;SEPARADO;COELMATIC LTDA;000000;;;
01869601003;006320;101018900;MOD EXP IGS-PTM 8-36VCC;;SEPARADO;1;;;;3691,44;SEPARADO;#N/D;014164;0;;
01869601003;006320;101095400;MOD EXPANSAO EM-BIO8-EFCP;;SEPARADO;1;;;;887,11;SEPARADO;#N/D;014164;0;;
01869601003;006320;101095500;MOD COMUNICACAO CM3-ETHERNET;;SEPARADO;1;;;;1192,26;SEPARADO;#N/D;014164;0;;
01869601003;006320;103004000;CH FIM CURSO 1NA 1NF TS23611Z;;SEPARADO;1;;;;101,63;SEPARADO;MX MATERIAIS ELETRICOS LTDA;014158;0;;
01869601003;006320;103004300;CH REV 2 POLOS 10 WS2 10E Z11;;SEPARADO;2;;;;470;SEPARADO;MX MATERIAIS ELETRICOS LTDA;014158;0;;
01869601003;006320;103015200;CH IGNICAO UNIVERSAL 314008M91;;SEPARADO;2;;;;154,9;SEPARADO;MX MATERIAIS ELETRICOS LTDA;000000;;;
01869601003;006320;104010000;GRAMPO BAR 10X3MM 0.50-4.00MM;;SEPARADO;20;;;;11,4;SEPARADO;PHOENIX CONTACT IND E COMERCIO LTDA;000000;;;
01869601003;006320;104011700;POSTE PF E/UK;;SEPARADO;13;;;;4,24;SEPARADO;PHOENIX CONTACT IND E COMERCIO LTDA;014159;0,0975;;
01869601003;006320;104192100;BORNE DUPLO PUSH IN 4MM PTTB4;;SEPARADO;47;;;;9,23;SEPARADO;PHOENIX CONTACT IND E COMERCIO LTDA;014159;0,0975;;
01869601003;006320;104192200;TAMPA P/ BORNE DUP 4MM D-STTB4;;SEPARADO;7;;;;4,54;SEPARADO;PHOENIX CONTACT IND E COMERCIO LTDA;000000;;;
01869601003;006320;104193600;SUPORTE IDENTIF P/ POSTE KLM-A;;SEPARADO;11;;;;37,09;SEPARADO;PHOENIX CONTACT IND E COMERCIO LTDA;000000;;;
01869601003;006320;104193700;ETIQUETA P/ BORNE UCT-TMF6;;SEPARADO;188;;;;62,45;SEPARADO;PHOENIX CONTACT IND E COMERCIO LTDA;000000;;;
01869601003;006320;104193800;ETIQUETA DE ENCAIXE ESL44X7;;SEPARADO;11;;;;52,1838;SEPARADO;PHOENIX CONTACT IND E COMERCIO LTDA;000000;;;
01869601003;006320;105042300;CONT AUX DCM XT1...XT6 1Q+1SY;;SEPARADO;2;;;;1120,68;SEPARADO;ROMAR ACESSORIOS INDUSTRIAIS LTDA;000000;;;
01869601003;006320;106001400;DJ 2P 10A CURVA C 10KA S202;;SEPARADO;3;;;;86,35;SEPARADO;ABB ELETRIFICACAO LTDA;014151;0,065;;
01869601003;006320;106001500;DJ 1P 10A CURVA C 10KA S201;;SEPARADO;4;;;;31,06;SEPARADO;ABB ELETRIFICACAO LTDA;014151;0,065;;
01869601003;006320;106002900;DJ 1P 2A CURVA C 10KA S201;;SEPARADO;2;;;;59,96;SEPARADO;ABB ELETRIFICACAO LTDA;014151;0,065;;
01869601003;006320;106019600;CHASSIS P BLOQ. MIR-HR XT1_XT4;;SEPARADO;1;;;;609,18;SEPARADO;ABB ELETRIFICACAO LTDA;000000;;;
01869601003;006320;106335100;CONT AUX DM HK1-11;;SEPARADO;1;;;;42,18;SEPARADO;ABB ELETRIFICACAO LTDA;014151;0,0975;;
01869601003;006320;107184900;BARRA TERRA COMANDO 10X3MM;;SEPARADO;0,2;;;;205;SEPARADO;ROMAR ACESSORIOS INDUSTRIAIS LTDA;000000;;;
01869601003;006320;109000800;ISOLADOR CIL 16X25MM M6;;SEPARADO;6;;;;7,39;SEPARADO;MAGDA MARGARETH MENARDI;000000;;;
01869601003;006320;112019700;BASE P/ RL ARTECHE JN DE IP10;;SEPARADO;1;;;;498,9;SEPARADO;ARTECHE EDC EQUIPAMENTOS E SISTEMAS S/A;014153;0,0975;;
01869601003;006320;112019800;TRAVA E45 P/ RELE  61652000801;;SEPARADO;1;;;;34,92;SEPARADO;ARTECHE EDC EQUIPAMENTOS E SISTEMAS S/A;014153;0,0975;;
01869601003;006320;114070900;TOMADA ELE P/ TRILHO 250V/10A;;SEPARADO;3;;;;92,72;SEPARADO;MX MATERIAIS ELETRICOS LTDA;014158;0;;
01869601003;006320;61655002801;CONV TEN DC-DC 125/12VCC 5A;;SEPARADO;1;;;;581,41;SEPARADO;PROAUTO;014160;0,05;;
01869601003;006320;118005900;CONV TEN SC-125-12-5;;RETIRADO;1;;;;581,41;RETIRADO;PROAUTO;014160;0,05;;
01869601003;006320;118018300;CARREG BAT 12VCC-15A CHFB MCE;;SEPARADO;1;;;;0;SEPARADO;0;000000;;;
01869601003;006320;204567300;SPT FIM CURSO TS23611Z PERG;;SEPARADO;1;;;;16;SEPARADO;AÇO FORT;014169;0,0325;;
01869601003;006320;61641000349;SPT USCA IL4 AMF25;;SEPARADO;1;;;;37;SEPARADO;AÇO FORT;014169;0,0325;;
01869601003;006320;61641006001;QUADRO 2000X600X600 PERG;;SEPARADO;1;;;;3109,93;SEPARADO;PERG INDUSTRIAL LTDA;014211;0,0975;;
01869601003;006320;61641006101;TAMPA LAT PERG A2000 P600;;SEPARADO;2;;;;200,82;SEPARADO;PERG INDUSTRIAL LTDA;014211;0,0975;;
01869601003;006320;61641007501;TRAVESSA LAT PERG P600 ECO;;SEPARADO;10;;;;32;SEPARADO;PERG INDUSTRIAL LTDA;014211;0,0975;;
01869601003;006320;61641006301;PLC MONT PARCIAL 1200X600 PERG;;SEPARADO;1;;;;455,87;SEPARADO;PERG INDUSTRIAL LTDA;014211;0,0975;;
01869601003;006320;61641006401;PLC MONT PARCIAL 300X600 PERG;;SEPARADO;1;;;;126,34;SEPARADO;PERG INDUSTRIAL LTDA;014211;0,0975;;
01869601003;006320;61641006501;KIT MONT SEGREG 2B PERG;;SEPARADO;1;;;;503,78;SEPARADO;PERG INDUSTRIAL LTDA;014211;0,0975;;
01869601003;006320;61641006601;ISOLADOR WOHNER PENTE PERG;;SEPARADO;2;;;;286,9;SEPARADO;PERG INDUSTRIAL LTDA;014211;0,0975;;
01869601003;006320;61641006701;PLACA MONT LAT 900X300MM PNL CTF;;SEPARADO;2;;;;;SEPARADO;PERG INDUSTRIAL LTDA;000000;;;
01869601003;006320;61641006801;PROT GALV ABB XT2 PNL CTF;;SEPARADO;1;;;;0;SEPARADO;GW METAL INDUSTRIA E COMERCIO LTDA;000000;0;;
01869601003;006320;61641006901;SPT TRANSFORMADOR  PNL CTF;;SEPARADO;1;;;;112;SEPARADO;AÇO FORT;014169;0,0325;;
01869601003;006320;61646008501;DJ MOTOR 3P 1.6-2.5A MS132-2.5;;SEPARADO;1;;;;277,55;SEPARADO;APS COMPONENTES ELETRICOS S/A;014249;0,065;;
01869601003;006320;61647039801;DCM 3P FX 125A XT2N EKIP LS/I;;SEPARADO;2;;;;2706,66;SEPARADO;APS COMPONENTES ELETRICOS S/A;014249;0,065;;
01869601003;006320;61648012501;KEY LOCK RONIS MOL-S XT2-XT4;;FALTA;2;;;;355,47;FALTA;ABB ELETRIFICACAO LTDA;014151;0,0975;;
01869601003;006320;61648013401;MOT 125VCC DCM FX XT2/XT4 MOE;;SEPARADO;2;;;;2678,18;SEPARADO;ABB ELETRIFICACAO LTDA;014151;0,0975;;
01869601003;006320;61648042401;PLACA INT. XT2 MIR-P X XT2 F;;SEPARADO;2;;;;231,01;SEPARADO;ABB ELETRIFICACAO LTDA;014151;0,0975;;
01869601003;006320;61648042801;DJ 3P 10A SJ203 T-C10;;SEPARADO;3;;;;27,95;SEPARADO;ABB ELETRIFICACAO LTDA;014151;0,065;;
01869601003;006320;61648042901;DJ 2P 10A SJ202 T-C10;;SEPARADO;6;;;;34,38;SEPARADO;ABB ELETRIFICACAO LTDA;014151;0,065;;
01869601003;006320;61648043501;DJ 3P 16A SJ203 T-C16;;SEPARADO;1;;;;48,61;SEPARADO;ABB ELETRIFICACAO LTDA;014151;0,065;;
01869601003;006320;61650002501;CONT AUX CTTR 4NA MARN440AT;;SEPARADO;1;;;;67,57;SEPARADO;ABB ELETRIFICACAO LTDA;000000;;;
01869601003;006320;61650002901;CTTR AUX 2NA 2NF MCRC 12VCC;;SEPARADO;1;;;;200,81;SEPARADO;ABB ELETRIFICACAO LTDA;014151;0,0325;;
01869601003;006320;61651006801;CONT AUX CTT AF CA4-40E;;SEPARADO;1;;;;60,38;SEPARADO;ABB ELETRIFICACAO LTDA;000000;;;
01869601003;006320;61651007101;CTTR 3P 25A AF09-30-10-13;;SEPARADO;1;;;;103,68;SEPARADO;ABB ELETRIFICACAO LTDA;014151;0,0325;;
01869601003;006320;61652002801;RL ARTECHE 8NAF 125VCC OP00001;;SEPARADO;1;;;;774,28;SEPARADO;ARTECHE EDC EQUIPAMENTOS E SISTEMAS S/A;014153;0,0325;;
01869601003;006320;61653003301;TC 150/5A ST-30 SASSI;;SEPARADO;3;;;;90;SEPARADO;#N/D;014162;0,065;;
01869601003;006320;61653005101;TP-3F-2000VA 440/220;;SEPARADO;1;;;;1250;SEPARADO;TRANSFORMADORES IDEAL ;014166;0;;
01869601003;006320;61654000901;MOD USCAMAQ 25C IL4-AMF25;;SEPARADO;2;;;;2765,59;SEPARADO;#N/D;014164;0;;
01869601003;006320;61656003801;SUPORTE MODULAR BOTAO ABB;;SEPARADO;5;;;;5,55;SEPARADO;ABB ELETRIFICACAO LTDA;014151;0,0975;;
01869601003;006320;61656003901;CONT NA BOTAO ABB LINHA MCB;;SEPARADO;5;;;;9,33;SEPARADO;ABB ELETRIFICACAO LTDA;014151;0,0975;;
01869601003;006320;61656004001;CONT NF BOTAO ABB LINHA MCB;;SEPARADO;9;;;;9,33;SEPARADO;ABB ELETRIFICACAO LTDA;014151;0,0975;;
01869601003;006320;61656004401;BLOCO LED BRANCO 12VCC ABB;;SEPARADO;3;;;;37,14;SEPARADO;ABB ELETRIFICACAO LTDA;014151;0,0975;;
01869601003;006320;61656004501;CABECOTE CH SEL 2P FX ABB;;SEPARADO;2;;;;41,9;SEPARADO;ABB ELETRIFICACAO LTDA;014151;0,0975;;
01869601003;006320;61656004701;CABECOTE BOTAO EMERGENCIA ABB;;SEPARADO;2;;;;40,97;SEPARADO;ABB ELETRIFICACAO LTDA;014151;0,0975;;
01869601003;006320;61656004801;ADESIVO PARADA DE EMERGENCIA;;SEPARADO;1;;;;25,7;SEPARADO;APS COMPONENTES ELETRICOS S/A;000000;;;
01869601003;006320;61656005001;CABECOTE CH SELET 2P CHAVE ABB;;SEPARADO;2;;;;108,79;SEPARADO;ABB ELETRIFICACAO LTDA;000000;;;
01869601003;006320;61656005401;CABECOTE BOTAO DUPLO LED ABB;;SEPARADO;6;;;;55,5;SEPARADO;ABB ELETRIFICACAO LTDA;014151;0,0975;;
01869601003;006320;61657001501;LUMINARIA LED 8W 12/24VCC 4000;;SEPARADO;1;;;;98;SEPARADO;MX MATERIAIS ELETRICOS LTDA;014158;0;;
01869601003;006320;61660005601;BLOCO DE DISTRIBUICAO PTFIX CZ;;SEPARADO;2;;;;31,62;SEPARADO;PHOENIX CONTACT IND E COMERCIO LTDA;014159;0,0975;;
01869601003;006320;61660005701;BLOCO DE DISTRIBUICAO PTFIX AZ;;SEPARADO;1;;;;31,62;SEPARADO;PHOENIX CONTACT IND E COMERCIO LTDA;014159;0,0975;;
01869601003;006320;61660005801;BLOCO DE AFERICAO 3TC/3TP+N;;SEPARADO;1;;;;214,29;SEPARADO;ML;000000;0,0325;;
01869601004;006320;107043700;BARRA COBRE 3/4 X 3/16;;SEPARADO;5,5;;;;106,3;SEPARADO;ANGLO INDUSTRIA E COMERCIO DE METAIS LTDA;000000;;;
01869601004;006320;61634000501;BARRA COBRE 40X10 MM;;RETIRADO;3;;;;332,85867;RETIRADO;ANGLO INDUSTRIA E COMERCIO DE METAIS LTDA;014170;0,0325;;
01869601005;006320;61652005101;BASE RELE CR-S 1C/O 12...24 ABB;;SEPARADO;14;;;;23,58;SEPARADO;ABB ELETRIFICACAO LTDA;014151;0,0975;;
01869601005;006320;61652005801;RL 1C/O 6A CR-S012VDC1R 12VCC;;SEPARADO;14;;;;19,26;SEPARADO;ABB ELETRIFICACAO LTDA;014151;0,0325;;
01869601006;006320;61652005301;BASE RELE CR-P 2C/O ABB;;SEPARADO;7;;;;20,01;SEPARADO;ABB ELETRIFICACAO LTDA;014151;0,0975;;
01869601006;006320;61652005601;GRAMPO RELE CR-PH;;SEPARADO;7;;;;1,62;SEPARADO;ABB ELETRIFICACAO LTDA;014151;0,0975;;
01869601006;006320;61652006201;RL 2C/O 8A CR-P012DC2 12VCC;;SEPARADO;7;;;;21,73;SEPARADO;ABB ELETRIFICACAO LTDA;014151;0,0325;;
01869601006;006320;61652007701;SUPRESSOR DE SURTO CR-P/M62C;;SEPARADO;7;;;;43,17;SEPARADO;ABB ELETRIFICACAO LTDA;014151;0,065;;
01869601007;006320;61652005301;BASE RELE CR-P 2C/O ABB;;SEPARADO;1;;;;20,01;SEPARADO;ABB ELETRIFICACAO LTDA;014151;0,0975;;
01869601007;006320;61652005601;GRAMPO RELE CR-PH;;SEPARADO;1;;;;1,62;SEPARADO;ABB ELETRIFICACAO LTDA;014151;0,0975;;
01869601007;006320;61652006301;RL 2C/O 8A CR-P024DC2 24VCC;;SEPARADO;1;;;;14,91;SEPARADO;ABB ELETRIFICACAO LTDA;014151;0,0325;;
01869601007;006320;61652007701;SUPRESSOR DE SURTO CR-P/M62C;;SEPARADO;1;;;;43,17;SEPARADO;ABB ELETRIFICACAO LTDA;014151;0,065;;
01869601008;006320;61652005501;BASE RELE CR-M 2 OU 4C/O ABB;;SEPARADO;3;;;;18,78;SEPARADO;ABB ELETRIFICACAO LTDA;014151;0,0975;;
01869601008;006320;61652005701;GRAMPO RELE CR-MH;;FALTA;3;;;;2,19;FALTA;ABB ELETRIFICACAO LTDA;014151;0,0975;;
01869601008;006320;61652006501;RL 2C/O 12A CR-M125DC2 125VCC;;SEPARADO;3;;;;39,21;SEPARADO;ABB ELETRIFICACAO LTDA;014151;0,0325;;
01869601008;006320;61652007901;SUPRESSOR DE SURTO CR-P/M92C;;SEPARADO;3;;;;43,17;SEPARADO;ABB ELETRIFICACAO LTDA;014151;0,065;;
01869601009;006320;61652005301;BASE RELE CR-P 2C/O ABB;;SEPARADO;1;;;;20,01;SEPARADO;ABB ELETRIFICACAO LTDA;014151;0,0975;;
01869601009;006320;61652005601;GRAMPO RELE CR-PH;;SEPARADO;1;;;;1,62;SEPARADO;ABB ELETRIFICACAO LTDA;014151;0,0975;;
01869601009;006320;61652006601;RL 2C/O 8A CR-P230AC2 230VAC;;SEPARADO;1;;;;39,74;SEPARADO;ABB ELETRIFICACAO LTDA;014151;0,0325;;
01869601009;006320;61652007901;SUPRESSOR DE SURTO CR-P/M92C;;SEPARADO;1;;;;45,98;SEPARADO;ABB ELETRIFICACAO LTDA;000000;;;
01869601010;006320;61652005401;BASE RELE CR-M 3C/O ABB;;SEPARADO;2;;;;17,41;SEPARADO;ABB ELETRIFICACAO LTDA;014151;0,0975;;
01869601010;006320;61652005701;GRAMPO RELE CR-MH;;SEPARADO;2;;;;2,4;SEPARADO;ABB ELETRIFICACAO LTDA;000000;;;
01869601010;006320;61652006701;"RL 3C/O 10A CR-M012DC3 12VCC		";;SEPARADO;2;;;;35,41;SEPARADO;ABB ELETRIFICACAO LTDA;014151;0,0325;;
01869601010;006320;61652007701;SUPRESSOR DE SURTO CR-P/M62C;;SEPARADO;2;;;;43,17;SEPARADO;ABB ELETRIFICACAO LTDA;014151;0,065;;
01869601011;006320;61652005501;BASE RELE CR-M 2 OU 4C/O ABB;;SEPARADO;3;;;;18,78;SEPARADO;ABB ELETRIFICACAO LTDA;014151;0,0975;;
01869601011;006320;61652005701;GRAMPO RELE CR-MH;;FALTA;3;;;;2,19;FALTA;ABB ELETRIFICACAO LTDA;014151;0,0975;;
01869601011;006320;61652007201;RL 4C/O 6A CR-M012DC4 12VCC;;SEPARADO;3;;;;36,57;SEPARADO;APS COMPONENTES ELETRICOS S/A;014249;0,0325;;
01869601011;006320;61652007701;SUPRESSOR DE SURTO CR-P/M62C;;SEPARADO;3;;;;44,25;SEPARADO;APS COMPONENTES ELETRICOS S/A;014249;0,065;;
01869601012;006320;61652005501;BASE RELE CR-M 2 OU 4C/O ABB;;SEPARADO;4;;;;18,78;SEPARADO;ABB ELETRIFICACAO LTDA;014151;0,0975;;
01869601012;006320;61652005701;GRAMPO RELE CR-MH;;FALTA;4;;;;2,19;FALTA;ABB ELETRIFICACAO LTDA;014151;0,0975;;
01869601012;006320;61652007501;RL 4C/O 6A CR-M125DC4 125VCC;;SEPARADO;4;;;;41,41;SEPARADO;ABB ELETRIFICACAO LTDA;014151;0,0325;;
01869601012;006320;61652007901;SUPRESSOR DE SURTO CR-P/M92C;;SEPARADO;4;;;;43,17;SEPARADO;ABB ELETRIFICACAO LTDA;014151;0,065;;
01869701001;006320;101004800;SENSOR TEMP 12VCC;;SEPARADO;1;;;;210,79;SEPARADO;POLIPECAS COMERCIAL E IMPORTADORA LTDA;000000;;;
01869701001;006320;110102800;MOTOR PK 1104A44TG1-14P F3;;SEPARADO;1;;;;27600;SEPARADO;SOMOV S.A;014165;0;;
01869701001;006320;113000200;RESIS INT AQ 1000W 230V 1.1/4;;SEPARADO;1;;;;176,28;SEPARADO;ELTRA AQUECIMENTO ELETRICO LTDA;000000;;;
01869701001;006320;118020100;ATUADOR HT-103-12 12VCC;;SEPARADO;1;;;;1808,39;SEPARADO;SERVINTEL INTERNACIONAL LTDA;014164;0,0975;;
01869701001;006320;118023300;REG VEL GAC 12-24VCC EEG6500;;SEPARADO;1;;;;0;SEPARADO;0;000000;;;
01869701001;006320;204576400;ADP M/F M10X1,5 X M10X1,0;;SEPARADO;1;;;;14;SEPARADO;EVOLUCAO METALURGICA LTDA;000000;;;
01869701001;006320;210012800;ARR M10 DIN 125 BIC;;SEPARADO;20;;;;0;SEPARADO;ESTOQUE;ESTOQUE;0;;
01869701001;006320;210044000;TERMINACAO RETA PG48;;SEPARADO;2;;;;15,69;SEPARADO;PROAUTO ELECTRIC LTDA;000000;;;
01869701001;006320;210047000;CONTRA PORCA P TERMINACAO PG48;;SEPARADO;2;;;;6,76;SEPARADO;PROAUTO ELECTRIC LTDA;000000;;;
01869701001;006320;214007500;TUBO CORRUGADO PG48;;SEPARADO;1;;;;54,0716;SEPARADO;PROAUTO ELECTRIC LTDA;000000;;;
01869701001;006320;302000700;PRE AQ KIT USQ D3;;SEPARADO;1;;;;0;SEPARADO;0;000000;;;
01869701001;006320;30702002801;BARRA ROSCADA 6MM;;SEPARADO;2;;;;107,65;SEPARADO;ACO FORT FERRO LTDA;000000;;;
01869701001;006320;31805000303;ABRACADEIRA CRON D17-27 AC;;SEPARADO;6;;;;4,15;SEPARADO;REI DAS MANGUEIRAS MAQUINAS E EQUIPAMENTOS LTDA-ME;014161;0;;
01869701001;006320;31807001215;JUNTA DE VEDACAO D14XD18X1,5 AL;;SEPARADO;1;;;;;SEPARADO;ESTOQUE;ESTOQUE;0;;
01869701001;006320;61101000201;SENSOR NV AGUA 12/24VCC COEL;;SEPARADO;1;;;;52;SEPARADO;REI DAS MANGUEIRAS MAQUINAS E EQUIPAMENTOS LTDA-ME;000000;;;
01869701001;006320;61802003311;"ADP M/F 1/2""NPT X M12X1.0 BIC";;SEPARADO;1;;;;52;SEPARADO;REI DAS MANGUEIRAS MAQUINAS E EQUIPAMENTOS LTDA-ME;000000;;;
01869701001;006320;31810004106;MANGUEIRA FLEXIVEL 16X23;;SEPARADO;0,6;;;;52;SEPARADO;REI DAS MANGUEIRAS MAQUINAS E EQUIPAMENTOS LTDA-ME;000000;;;
01869701001;006320;31810006103;MANGUEIRA FLEXIVEL 16X26;;SEPARADO;0,8;;;;80;SEPARADO;REI DAS MANGUEIRAS MAQUINAS E EQUIPAMENTOS LTDA-ME;000000;;;
01869701001;006320;60201001601;GS WG GTA 201AI25 F3;;SEPARADO;1;;;;12461,64;SEPARADO;WEG EQUIPAMENTOS ELETRICOS S/A;000000;;;
01869701001;006320;60201002108NE;CONJ CAIXA ALTERNADOR WEG G200;;SEPARADO;1;;;;335;SEPARADO;EVOLUCAO METALURGICA LTDA;000000;;;
01869701001;006320;602182000;CJT PLQT INOX PV044712;;SEPARADO;1;;;;900;SEPARADO;PRECISAO A LASER;014248;0;;
01869701001;006320;602182100;CJT PLQT ACRILICO PV044712;;FÁBRICA;1;;;;900;FÁBRICA;PRECISAO A LASER;000000;0;;
01869701001;006320;60305001408;SPT REG VEL EEG6500 PK/FPT;;SEPARADO;1;;;;143,1;SEPARADO;AÇO FORT;014169;0,0325;;
01869701001;006320;60501002108;SPT PRE FILTRO PERKINS;;SEPARADO;1;;;;19,09;SEPARADO;AÇO FORT;014169;0,0325;;
01869701001;006320;60604000401;PICK-UP 3.5V ROSC M16X1.5 HT;;SEPARADO;1;;;;739,88;SEPARADO;SERVINTEL INTERNACIONAL LTDA;000000;;;
01869701001;006320;60702000408;SUPORTE RELE AUX ZM401;;SEPARADO;1;;;;27,72;SEPARADO;ACO FORT FERRO LTDA;000000;;;
01869701001;006320;60702000501;RELE AUX 80A 12VCC ZM401;;RETIRADO;1;;;;213,75;RETIRADO;MX MATERIAIS ELETRICOS LTDA;000000;;;
01869701001;006320;60702001608;SPT FIX BATERIA 100AH;;SEPARADO;1;;;;44,78;SEPARADO;ACO FORT FERRO LTDA;000000;;;
01869701001;006320;60702002808;CX PROTECAO BATERIA 70AH;;SEPARADO;1;;;;450;SEPARADO;AÇO FORT;014169;0,0325;;
01869701001;006320;60702003501;BATERIA 12V 70AH 510CCA KONDOR;;SEPARADO;1;;;;530;SEPARADO;JMS;014157;0;;
01869701001;006320;60901004116;FLANGE ESC DE120 X DI77;;SEPARADO;1;;;;41;SEPARADO;CMG SOLUCOES E SERVICOS LTDA;000000;;;
01869701001;006320;60901004201;JUNTA ESC DE120 X DI77;;SEPARADO;1;;;;33,27;SEPARADO;SCAPSUL EQUIPAMENTOS RODOVIARIOS LTDA;014163;0,052;;
01869701001;006320;60901004901;"FLEXIVEL PK 1104A 3""X216 ABR";;SEPARADO;1;;;;423,7;SEPARADO;SCAPSUL EQUIPAMENTOS RODOVIARIOS LTDA;014163;0,065;;
01869701001;006320;61101000501;SENSOR PR OLEO 3RHO 7704;;SEPARADO;1;;;;209,6;SEPARADO;MX MATERIAIS ELETRICOS LTDA;014158;0;;
01869701001;006320;61602010208;TAMPA FRONT CX ALT WG G200;;SEPARADO;1;;;;19,48;SEPARADO;METALPRESS METAL LTDA;000000;;;
01869701001;006320;61635015808;TAMPA PG48 QD MCP250;;SEPARADO;1;;;;25;SEPARADO;AÇO FORT;014169;0,0325;;
01869701001;006320;61801002001;PF DIN912 M10X40 12.9 PT;;SEPARADO;12;;;;5,58;SEPARADO;MULT TEMPERA COAT TECNOLOGIA EM TRATAMENTO TERMICO E REVESTIMENTOS SUPERFICIAIS;000000;;;
01869701001;006320;61801002101;"PF DIN912 3/8""UNFX1"" 12.9 PT";;SEPARADO;8;;;;5,11;SEPARADO;MULT TEMPERA COAT TECNOLOGIA EM TRATAMENTO TERMICO E REVESTIMENTOS SUPERFICIAIS;000000;;;
01869701001;006320;61801002201;ARR M10 DIN 127 BIC;;SEPARADO;20;;;;0,85;SEPARADO;CENTRAL DOS PARAFUSOS DE ITUMBIARA LTDA;000000;;;
01869701001;006320;61802000422;COTOVELO MF 90 1 2NPT GALV;;SEPARADO;1;;;;8,34;SEPARADO;CENTRAL DOS PARAFUSOS DE ITUMBIARA LTDA;014156;0;;
01869701001;006320;61802001711;BICO RM 1/2NPT MANG 5/8 BIC;;SEPARADO;1;;;;28,5;SEPARADO;BULKS INDUSTRIA E COMERCIO LTDA;014155;0;;
01869701001;006320;61802001711;BICO RM 1/2NPT MANG 5/8 BIC;;SEPARADO;2;;;;28,5;SEPARADO;BULKS INDUSTRIA E COMERCIO LTDA;014155;0;;
01869701001;006320;61802002711;ADP M/M 1/2”NPT X 3/4UNF BIC;;SEPARADO;1;;;;28,5;SEPARADO;BULKS INDUSTRIA E COMERCIO LTDA;014155;0;;
01869701001;006320;61802002811;"BICO RM 1/4""NPT MANG 5/8"" BIC";;SEPARADO;1;;;;18,23;SEPARADO;HITOCOM MATERIAIS TECNICOS E SERVICOS LTDA;000000;;;
01869701001;006320;61802004022;ADP M/F 1/2NPT X M14X1.5 BIC;;SEPARADO;1;;;;28,5;SEPARADO;BULKS INDUSTRIA E COMERCIO LTDA;000000;;;
01869701001;006320;61807000301;ARR VED 10X16X1.5 AL;;SEPARADO;2;;;;0;SEPARADO;0;000000;;;
01869701001;006320;61807000601;JUNTA DE VEDACAO D20XD26X1,5 AL;;SEPARADO;1;;;;0;SEPARADO;0;000000;;;
01869701001;006320;61809000301;"VALV ESF BORBOLETA F/F 1/2""NPT";;SEPARADO;1;;;;46,92;SEPARADO;HITOCOM MATERIAIS TECNICOS E SERVICOS LTDA;000000;;;
01869701002;006320;104192100;BORNE DUPLO PUSH IN 4MM PTTB4;;SEPARADO;4;;;;9,23;SEPARADO;PHOENIX CONTACT IND E COMERCIO LTDA;014159;0,0975;;
01869701002;006320;104193700;ETIQUETA P/ BORNE UCT-TMF6;;SEPARADO;16;;;;62,45;SEPARADO;PHOENIX CONTACT IND E COMERCIO LTDA;000000;;;
01869701003;006320;60702002508;SPT BATERIA 70/100AH KSE115;;SEPARADO;1;;;;120,3;SEPARADO;AÇO FORT;014169;0,0325;;
01869701003;006320;61301007408;BASE KSE115;;SEPARADO;1;;;;3990;SEPARADO;AÇO FORT;014169;0,0325;;
01869701003;006320;61303000101;AMT VIBRA-STOP XT2000 M12;;SEPARADO;4;;;;103,7;SEPARADO;VIBRA -STOP AMORTECEDORES DE VIBRACAO LTDA;014167;0;;
01869701003;006320;61307007008;TAMPA TQ REMOVIVEL KSE105/115;;SEPARADO;1;;;;278,74;SEPARADO;METALPRESS METAL LTDA;000000;;;
01869701003;006320;61307007208;SPT ALT WG GTA200 KSE105/115;;SEPARADO;1;;;;425;SEPARADO;AÇO FORT;014169;0,0325;;
01869701003;006320;61307007308;SPT MOTOR PK 1103/4 KSE105/115;;SEPARADO;1;;;;408,96;SEPARADO;METALPRESS METAL LTDA;000000;;;
01869701003;006320;61601007008;SPT QD CMDO BS KSE105/115;;SEPARADO;1;;;;195,25;SEPARADO;AÇO FORT;014169;0,0325;;
01869701004;006320;104010000;GRAMPO BAR 10X3MM 0.50-4.00MM;;SEPARADO;2;;;;11,4;SEPARADO;PHOENIX CONTACT IND E COMERCIO LTDA;000000;;;
01869701004;006320;104011700;POSTE PF E/UK;;SEPARADO;5;;;;4,24;SEPARADO;PHOENIX CONTACT IND E COMERCIO LTDA;014159;0,0975;;
01869701004;006320;104014300;TUBO DIST 30MM 3/8''X5/8'';;FÁBRICA;2;;;;122;FÁBRICA;AÇO FORT;014169;0,0325;;
01869701004;006320;112001900;RL AUX 70A 12VCC DNI 0192;;SEPARADO;2;;;;122;SEPARADO;AÇO FORT;014169;0,0325;;
01869701004;006320;104192100;BORNE DUPLO PUSH IN 4MM PTTB4;;SEPARADO;18;;;;9,23;SEPARADO;PHOENIX CONTACT IND E COMERCIO LTDA;014159;0,0975;;
01869701004;006320;104192200;TAMPA P/ BORNE DUP 4MM D-STTB4;;SEPARADO;3;;;;4,54;SEPARADO;PHOENIX CONTACT IND E COMERCIO LTDA;000000;;;
01869701004;006320;104193600;SUPORTE IDENTIF P/ POSTE KLM-A;;SEPARADO;3;;;;37,09;SEPARADO;PHOENIX CONTACT IND E COMERCIO LTDA;000000;;;
01869701004;006320;104193700;ETIQUETA P/ BORNE UCT-TMF6;;SEPARADO;68;;;;62,45;SEPARADO;PHOENIX CONTACT IND E COMERCIO LTDA;000000;;;
01869701004;006320;104193800;ETIQUETA DE ENCAIXE ESL44X7;;SEPARADO;3;;;;52,1838;SEPARADO;PHOENIX CONTACT IND E COMERCIO LTDA;000000;;;
01869701004;006320;106001500;DJ 1P 10A CURVA C 10KA S201;;SEPARADO;2;;;;31,06;SEPARADO;ABB ELETRIFICACAO LTDA;014151;0,065;;
01869701004;006320;107184900;BARRA TERRA COMANDO 10X3MM;;SEPARADO;0,2;;;;205;SEPARADO;ROMAR ACESSORIOS INDUSTRIAIS LTDA;000000;;;
01869701004;006320;109002100;ISOLADOR CIL 30X30MM M6;;SEPARADO;2;;;;6,5;SEPARADO;POTENCIAL ELETRICA E HIDRAULICA LTDA;000000;;;
01869701004;006320;31600028406;CORD ATERR C 370MM D 1 M13;;SEPARADO;1;;;;45,88;SEPARADO;MX MATERIAIS ELETRICOS LTDA;000000;;;
01869701004;006320;31602317249;CX CONEXAO PG70 NT4500;;SEPARADO;1;;;;200;SEPARADO;AÇO FORT;014169;0,0325;;
01869701004;006320;61405001201;DOBRADICA TASCO 91591;;SEPARADO;3;;;;16,1;SEPARADO;TASCO LTDA;013779;0;;
01869701004;006320;61405001301;FECHO TASCO 25085;;SEPARADO;1;;;;63,0635;SEPARADO;TASCO LTDA;000000;;;
01869701004;006320;61635014149;GABINETE MCP600;;RETIRADO;1;;;;937,56;RETIRADO;METALPRESS METAL LTDA;000000;;;
01869701004;006320;61635014549;TAMPA ENT CB QD MCP600;;SEPARADO;1;;;;25;SEPARADO;AÇO FORT;014169;0,0325;;
01869701004;006320;61635015849;TAMPA PG48 QD MCP250;;SEPARADO;1;;;;25;SEPARADO;AÇO FORT;014169;0,0325;;
01869701004;006320;61635017449;TAMPA SEM MODULO MCP600;;RETIRADO;1;;;;316,22;RETIRADO;METALPRESS METAL LTDA;000000;;;
01869701004;006320;61640001651;SPT DJ SCH CVS 250A MQCF;;SEPARADO;1;;;;158,51;SEPARADO;METALPRESS METAL LTDA;000000;;;
01869701004;006320;61648012601;CONT AUX S51 DCM FX XT2-XT6;;SEPARADO;1;;;;258,79;SEPARADO;ABB ELETRIFICACAO LTDA;000000;;;
01869701004;006320;61647032101;DCM 3P FX 160A XT3N LI;;SEPARADO;1;;;;2456,3;SEPARADO;APS COMPONENTES ELETRICOS S/A;000000;;;
01869701004;006320;61648039301;DCM 3P FX XT2N 125A TMA;;RETIRADO;1;;;;2456,3;RETIRADO;APS COMPONENTES ELETRICOS S/A;000000;;;
01869701004;006320;61635026149;TAMPA MCP600 DJ ABB XT3;;FALTA;1;;;;;FALTA;GW METAL INDUSTRIA E COMERCIO LTDA;000000;;;
01869701004;006320;61648042901;DJ 2P 10A SJ202 T-C10;;SEPARADO;2;;;;34,38;SEPARADO;ABB ELETRIFICACAO LTDA;014151;0,065;;
01869701004;006320;61656003801;SUPORTE MODULAR BOTAO ABB;;SEPARADO;1;;;;6,09;SEPARADO;ABB ELETRIFICACAO LTDA;000000;;;
01869701004;006320;61656004001;CONT NF BOTAO ABB LINHA MCB;;SEPARADO;2;;;;11,15;SEPARADO;ABB ELETRIFICACAO LTDA;000000;;;
01869701004;006320;61656004701;CABECOTE BOTAO EMERGENCIA ABB;;SEPARADO;1;;;;40,97;SEPARADO;ABB ELETRIFICACAO LTDA;014151;0,0975;;
01869701004;006320;61656004801;ADESIVO PARADA DE EMERGENCIA;;SEPARADO;1;;;;25,7;SEPARADO;APS COMPONENTES ELETRICOS S/A;000000;;;
01869701004;006320;61656004901;PROTECAO BOTAO EMERGENCIA;;SEPARADO;1;;;;14,42;SEPARADO;ABB ELETRIFICACAO LTDA;000000;;;
01869701004;006320;61660000101;BORNE POTENCIAL DUPLO PUSH IN;;SEPARADO;2;;;;31,7;SEPARADO;ELETROSTAR COMERCIO DE MATERIAL DE AUTOMACAO LTDA;000000;;;
01869701005;006320;107043700;BARRA COBRE 3/4 X 3/16;;SEPARADO;0,75;;;;106,3;SEPARADO;ANGLO INDUSTRIA E COMERCIO DE METAIS LTDA;000000;;;
01869701006;006320;104011700;POSTE PF E/UK;;SEPARADO;1;;;;4,24;SEPARADO;PHOENIX CONTACT IND E COMERCIO LTDA;014159;0,0975;;
01869701006;006320;104192100;BORNE DUPLO PUSH IN 4MM PTTB4;;SEPARADO;3;;;;9,23;SEPARADO;PHOENIX CONTACT IND E COMERCIO LTDA;014159;0,0975;;
01869701006;006320;104192200;TAMPA P/ BORNE DUP 4MM D-STTB4;;SEPARADO;1;;;;4,54;SEPARADO;PHOENIX CONTACT IND E COMERCIO LTDA;000000;;;
01869701006;006320;104193600;SUPORTE IDENTIF P/ POSTE KLM-A;;SEPARADO;1;;;;37,09;SEPARADO;PHOENIX CONTACT IND E COMERCIO LTDA;000000;;;
01869701006;006320;104193700;ETIQUETA P/ BORNE UCT-TMF6;;SEPARADO;12;;;;62,45;SEPARADO;PHOENIX CONTACT IND E COMERCIO LTDA;000000;;;
01869701006;006320;104193800;ETIQUETA DE ENCAIXE ESL44X7;;SEPARADO;1;;;;52,1838;SEPARADO;PHOENIX CONTACT IND E COMERCIO LTDA;000000;;;
01869701006;006320;61648042901;DJ 2P 10A SJ202 T-C10;;SEPARADO;1;;;;34,38;SEPARADO;ABB ELETRIFICACAO LTDA;014151;0,065;;
01869701013;006320;107045300;BARRA COBRE 1 X 3/16;;SEPARADO;0,2;;;;100,61336;SEPARADO;ANGLO INDUSTRIA E COMERCIO DE METAIS LTDA;014170;0,0325;;
01878501002;006322;103064400;CH NV 3C TQ VT 500L PLT 1250MM;;FALTA;1;;;;1200;FALTA;WP MONTAGENS ELETROM LTDA;014308;0;;
01878501002;006322;1518512;ELEMENTO FILTRO;;SEPARADO;1;;;;220,17;SEPARADO;VARELLA VEICULOS PESADOS LTDA;014307;0;;
01878501002;006322;204580000;TQ VT 500L POLT;;FALTA;1;;;;1887,736;FALTA;ACCURATE MACHINE USINAGEM DE PRECISAO LTDA ME;014291;0;;
01878501002;006322;204582700;ELETROBOMBA ENG CLIMAX H34;;FALTA;1;;;;5750,0001;FALTA;BOMBAS CLIMAX IND COM LTDA;014294;0;;
01878501002;006322;30289;COPO P/FILTRO R9030MB/R12030;;SEPARADO;1;;;;74,95;SEPARADO;MACIEL IND E COMERCIO DE PECAS PARA AUTOS LTDA;000000;;;
01878501002;006322;34952;CABECOTE FILTRO RACOR;;FALTA;1;;;;243,87;FALTA;MACIEL IND E COMERCIO DE PECAS PARA AUTOS LTDA;014298;0;;
01878501002;006322;801045000;"SILENCIOSO INDU 6""";;FALTA;1;;;;2267,33;FALTA;SCAPSUL EQUIPAMENTOS RODOVIARIOS LTDA;014304;0,065;;
01878501003;006322;101018900;MOD EXP IGS-PTM 8-36VCC;;FALTA;1;;;;3691,44;FALTA;SERVINTEL INTERNACIONAL LTDA;014305;0;;
01878501003;006322;101095400;MOD EXPANSAO EM-BIO8-EFCP;;FALTA;1;;;;887,11;FALTA;SERVINTEL INTERNACIONAL LTDA;014305;0;;
01878501003;006322;101095500;MOD COMUNICACAO CM3-ETHERNET;;FALTA;1;;;;1192,26;FALTA;SERVINTEL INTERNACIONAL LTDA;014305;0;;
01878501003;006322;103004000;CH FIM CURSO 1NA 1NF TS23611Z;;FALTA;1;;;;101,63;FALTA;MX MATERIAIS ELETRICOS LTDA;014300;0;;
01878501003;006322;103004300;CH REV 2 POLOS 10 WS2 10E Z11;;FALTA;1;;;;470;FALTA;MX MATERIAIS ELETRICOS LTDA;014300;0;;
01878501003;006322;104010000;GRAMPO BAR 10X3MM 0.50-4.00MM;;SEPARADO;11;;;;11,4;SEPARADO;PHOENIX CONTACT IND E COMERCIO LTDA;000000;;;
01878501003;006322;104011700;POSTE PF E/UK;;FALTA;12;;;;4,24;FALTA;PHOENIX CONTACT IND E COMERCIO LTDA;014301;0,0975;;
01878501003;006322;104192100;BORNE DUPLO PUSH IN 4MM PTTB4;;FALTA;43;;;;9,23;FALTA;PHOENIX CONTACT IND E COMERCIO LTDA;014301;0,0975;;
01878501003;006322;104192200;TAMPA P/ BORNE DUP 4MM D-STTB4;;SEPARADO;7;;;;4,54;SEPARADO;PHOENIX CONTACT IND E COMERCIO LTDA;000000;;;
01878501003;006322;104193600;SUPORTE IDENTIF P/ POSTE KLM-A;;SEPARADO;10;;;;37,09;SEPARADO;PHOENIX CONTACT IND E COMERCIO LTDA;000000;;;
01878501003;006322;104193700;ETIQUETA P/ BORNE UCT-TMF6;;SEPARADO;172;;;;62,45;SEPARADO;PHOENIX CONTACT IND E COMERCIO LTDA;000000;;;
01878501003;006322;104193800;ETIQUETA DE ENCAIXE ESL44X7;;SEPARADO;10;;;;52,1838;SEPARADO;PHOENIX CONTACT IND E COMERCIO LTDA;000000;;;
01878501003;006322;105042300;CONT AUX DCM XT1...XT6 1Q+1SY;;SEPARADO;2;;;;1120,68;SEPARADO;ROMAR ACESSORIOS INDUSTRIAIS LTDA;000000;;;
01878501003;006322;106001400;DJ 2P 10A CURVA C 10KA S202;;FALTA;3;;;;86,35;FALTA;ABB ELETRIFICACAO LTDA;014326;0,065;;
01878501003;006322;106001500;DJ 1P 10A CURVA C 10KA S201;;FALTA;3;;;;31,06;FALTA;ABB ELETRIFICACAO LTDA;014326;0,065;;
01878501003;006322;106002900;DJ 1P 2A CURVA C 10KA S201;;FALTA;3;;;;59,96;FALTA;ABB ELETRIFICACAO LTDA;014326;0,065;;
01878501003;006322;106004200;DJ 1P 16A CURVA C 10KA S201;;FALTA;1;;;;31,06;FALTA;ABB ELETRIFICACAO LTDA;014326;0,065;;
01878501003;006322;106335100;CONT AUX DM HK1-11;;SEPARADO;1;;;;46,29;SEPARADO;ABB ELETRIFICACAO LTDA;000000;;;
01878501003;006322;107184900;BARRA TERRA COMANDO 10X3MM;;SEPARADO;0,2;;;;205;SEPARADO;ROMAR ACESSORIOS INDUSTRIAIS LTDA;000000;;;
01878501003;006322;109002200;ISOLADOR CIL 30X40MM M8;;SEPARADO;6;;;;0;SEPARADO;0;000000;;;
01878501003;006322;112019700;BASE P/ RL ARTECHE JN DE IP10;;FALTA;1;;;;498,9;FALTA;ARTECHE EDC EQUIPAMENTOS E SISTEMAS S/A;014293;0,0975;;
01878501003;006322;112019800;TRAVA E45 P/ RELE  61652000801;;FALTA;1;;;;34,92;FALTA;ARTECHE EDC EQUIPAMENTOS E SISTEMAS S/A;014293;0,0975;;
01878501003;006322;113000500;DIODO 6A 600V;;FALTA;1;;;;2,5;FALTA;MX MATERIAIS ELETRICOS LTDA;014300;0;;
01878501003;006322;114070900;TOMADA ELE P/ TRILHO 250V/10A;;FALTA;3;;;;92,72;FALTA;MX MATERIAIS ELETRICOS LTDA;014300;0;;
01878501003;006322;115071300;TC 400/5A ST-30 SASSI;;FALTA;3;;;;90;FALTA;SASSI MEDIDORES E TRANSFORMADORES EIRELI;014303;0,065;;
01878501003;006322;118001600;CARREG BAT 24VCC-15A CHFB MCE;;FALTA;1;;;;945;FALTA;MCE MICROT SIST ENERGIA LTDA;014299;0;;
01878501003;006322;118004100;CONV TEN SC-125-24-10;;FALTA;1;;;;1126,66;FALTA;PROAUTO ELECTRIC LTDA;014302;0;;
01878501003;006322;204567300;SPT FIM CURSO TS23611Z PERG;;FALTA;1;;;;32;FALTA;GW METAL INDUSTRIA E COMERCIO LTDA;014297;0;;
01878501003;006322;61613000801;CONECTOR P/ COMPONENTE;;SEPARADO;1;;;;49,17;SEPARADO;PHOENIX CONTACT IND E COMERCIO LTDA;000000;;;
01878501003;006322;61641000349;SPT USCA IL4 AMF25;;FALTA;1;;;;37;FALTA;GW METAL INDUSTRIA E COMERCIO LTDA;014297;0;;
01878501003;006322;61641007601;TRAVESSA LAT PERG P800 ECO;;FALTA;10;;;;58,96;FALTA;PERG INDUSTRIAL LTDA;TAB;0,0975;;
01878501003;006322;61641005801;QUADRO 2000X800X800 PERG CTZ;;FALTA;1;;;;3682,1;FALTA;PERG INDUSTRIAL LTDA;TAB;0,0975;;
01878501003;006322;61641005901;TAMPA LAT PERG A2000 P800 CTZ;;FALTA;2;;;;269,75;FALTA;PERG INDUSTRIAL LTDA;TAB;0,0975;;
01878501003;006322;61641006601;ISOLADOR WOHNER PENTE PERG;;FALTA;2;;;;286,9;FALTA;PERG INDUSTRIAL LTDA;TAB;0,0975;;
01878501003;006322;61641007001;PLC MONT PARCIAL 1000X800 PERG;;FALTA;1;;;;506,97;FALTA;PERG INDUSTRIAL LTDA;TAB;0,0975;;
01878501003;006322;61641007701;PLC MONT PARCIAL 1400X800 PERG;;FALTA;1;;;;692,07;FALTA;PERG INDUSTRIAL LTDA;TAB;0,0975;;
01878501003;006322;61641007201;PLC MONT PARCIAL 1500X800 PERG;;RETIRADO;1;;;;0;RETIRADO;PERG INDUSTRIAL LTDA;TAB;0;;
01878501003;006322;61641007201;PLC MONT PARCIAL 1500X800 PERG;;FALTA;1;;;;692,07;FALTA;PERG INDUSTRIAL LTDA;TAB;0,0975;;
01878501003;006322;61641007301;KIT MONT SEGREG 2B PERG;;FALTA;1;;;;767,38;FALTA;PERG INDUSTRIAL LTDA;TAB;0,0975;;
01878501003;006322;61641007401;SPT TRANSFORMADOR  PNL CTF 800;;FALTA;1;;;;97,35;FALTA;GW METAL INDUSTRIA E COMERCIO LTDA;014297;0;;
01878501003;006322;61646008501;DJ MOTOR 3P 1.6-2.5A MS132-2.5;;FALTA;1;;;;272,66;FALTA;ABB ELETRIFICACAO LTDA;014326;0,065;;
01878501003;006322;61647038401;DCM 3P FX 400A XT5N LS/I;;FALTA;2;;;;2003,4;FALTA;ABB ELETRIFICACAO LTDA;014326;0,065;;
01878501003;006322;61648000801;KEY LOCK RONIS MOL-S XT5-XT6;;FALTA;2;;;;242,05;FALTA;ABB ELETRIFICACAO LTDA;014326;0,0975;;
01878501003;006322;61648011901;BASE PARA INTTRV MEC XT5;;FALTA;1;;;;185,88;FALTA;ABB ELETRIFICACAO LTDA;014326;0,0975;;
01878501003;006322;61648012001;PLACA PARA INTTRV MEC XT5;;FALTA;2;;;;37,23;FALTA;ABB ELETRIFICACAO LTDA;014326;0,0975;;
01878501003;006322;61648013000;MOE 110...125V AC/DC XT5;;FALTA;2;;;;2168,68;FALTA;ABB ELETRIFICACAO LTDA;014326;0,0975;;
01878501003;006322;61648042801;DJ 3P 10A SJ203 T-C10;;FALTA;3;;;;27,95;FALTA;ABB ELETRIFICACAO LTDA;014326;0,065;;
01878501003;006322;61648042901;DJ 2P 10A SJ202 T-C10;;FALTA;6;;;;34,38;FALTA;ABB ELETRIFICACAO LTDA;014326;0,065;;
01878501003;006322;61648043501;DJ 3P 16A SJ203 T-C16;;FALTA;1;;;;48,61;FALTA;ABB ELETRIFICACAO LTDA;014326;0,065;;
01878501003;006322;61650002501;CONT AUX CTTR 4NA MARN440AT;;FALTA;1;;;;147,74;FALTA;ABB ELETRIFICACAO LTDA;014326;0,0325;;
01878501003;006322;61650003201;CTTR AUX 2NA 2NF MCRC 24VCC;;SEPARADO;1;;;;153,01;SEPARADO;ABB ELETRIFICACAO LTDA;000000;;;
01878501003;006322;61651006801;CONT AUX CTT AF CA4-40E;;FALTA;1;;;;74,85;FALTA;ABB ELETRIFICACAO LTDA;014326;0,0975;;
01878501003;006322;61651007101;CTTR 3P 25A AF09-30-10-13;;FALTA;1;;;;103,68;FALTA;ABB ELETRIFICACAO LTDA;014326;0,0325;;
01878501003;006322;61652002801;RL ARTECHE 8NAF 125VCC OP00001;;FALTA;1;;;;774,28;FALTA;ARTECHE EDC EQUIPAMENTOS E SISTEMAS S/A;014293;0,0325;;
01878501003;006322;61653005101;TP-3F-2000VA 440/220;;FALTA;1;;;;1250;FALTA;TRANSFRMADORES IDEAL;014306;0;;
01878501003;006322;61654000901;MOD USCAMAQ 25C IL4-AMF25;;FALTA;2;;;;2765,59;FALTA;SERVINTEL INTERNACIONAL LTDA;014305;0;;
01878501003;006322;61654001901;MOD USCAMAQ05C INTELINANO AMF5;;FALTA;1;;;;1027,72;FALTA;SERVINTEL INTERNACIONAL LTDA;014305;0;;
01878501003;006322;61656003801;SUPORTE MODULAR BOTAO ABB;;FALTA;6;;;;5,55;FALTA;ABB ELETRIFICACAO LTDA;014326;0,0975;;
01878501003;006322;61656003901;CONT NA BOTAO ABB LINHA MCB;;FALTA;8;;;;9,33;FALTA;ABB ELETRIFICACAO LTDA;014326;0,0975;;
01878501003;006322;61656004001;CONT NF BOTAO ABB LINHA MCB;;FALTA;8;;;;9,33;FALTA;ABB ELETRIFICACAO LTDA;014326;0,0975;;
01878501003;006322;61656004301;BLOCO LED BRANCO 24VCC ABB;;FALTA;3;;;;27,92;FALTA;ABB ELETRIFICACAO LTDA;014326;0;;
01878501003;006322;61656004501;CABECOTE CH SEL 2P FX ABB;;FALTA;1;;;;41,9;FALTA;ABB ELETRIFICACAO LTDA;014326;0,0975;;
01878501003;006322;61656004701;CABECOTE BOTAO EMERGENCIA ABB;;FALTA;1;;;;40,97;FALTA;ABB ELETRIFICACAO LTDA;014326;0,0975;;
01878501003;006322;61656004801;ADESIVO PARADA DE EMERGENCIA;;SEPARADO;1;;;;25,7;SEPARADO;APS COMPONENTES ELETRICOS S/A;000000;;;
01878501003;006322;61656005001;CABECOTE CH SELET 2P CHAVE ABB;;SEPARADO;1;;;;108,79;SEPARADO;ABB ELETRIFICACAO LTDA;000000;;;
01878501003;006322;61656005401;CABECOTE BOTAO DUPLO LED ABB;;FALTA;3;;;;55,5;FALTA;ABB ELETRIFICACAO LTDA;014326;0,0975;;
01878501003;006322;61657001501;LUMINARIA LED 8W 12/24VCC 4000;;FALTA;1;;;;98;FALTA;MX MATERIAIS ELETRICOS LTDA;014300;0;;
01878501003;006322;61660000001;BORNE SECCIONADOR P/COMPONENTE;;SEPARADO;1;;;;82,4543;SEPARADO;PHOENIX CONTACT IND E COMERCIO LTDA;000000;;;
01878501003;006322;61660002901;BLOCO AFER CWBASH-3TC-3TP+N;;FALTA;1;;;;224,49;FALTA;PROAUTO ELECTRIC LTDA;014302;0;;
01878501003;006322;61660005601;BLOCO DE DISTRIBUICAO PTFIX CZ;;SEPARADO;2;;;;56,28;SEPARADO;PHOENIX CONTACT IND E COMERCIO LTDA;000000;;;
01878501003;006322;61660005701;BLOCO DE DISTRIBUICAO PTFIX AZ;;SEPARADO;1;;;;56,28;SEPARADO;PHOENIX CONTACT IND E COMERCIO LTDA;000000;;;
01878501004;006322;107045500;"BARRA COBRE 1"" X 5/16""";;FALTA;6,7;;;;167,83342;FALTA;ANGLO INDUSTRIA E COMERCIO DE METAIS LTDA;014292;0,0325;;
01878501004;006322;61634000501;BARRA COBRE 40X10 MM;;FALTA;4;;;;332,85867;FALTA;ANGLO INDUSTRIA E COMERCIO DE METAIS LTDA;014292;0,0325;;
01878501005;006322;61652005101;BASE RELE CR-S 1C/O 12...24 ABB;;FALTA;16;;;;23,58;FALTA;ABB ELETRIFICACAO LTDA;014326;0,0975;;
01878501005;006322;61652005901;RL 1C/O 6A CR-S024VDC1R 24VCC;;FALTA;16;;;;13,2;FALTA;ABB ELETRIFICACAO LTDA;014326;0,0325;;
01878501006;006322;61652005301;BASE RELE CR-P 2C/O ABB;;FALTA;5;;;;20,01;FALTA;ABB ELETRIFICACAO LTDA;014326;0,0975;;
01878501006;006322;61652005601;GRAMPO RELE CR-PH;;FALTA;5;;;;1,62;FALTA;ABB ELETRIFICACAO LTDA;014326;0,0975;;
01878501006;006322;61652006301;RL 2C/O 8A CR-P024DC2 24VCC;;FALTA;5;;;;14,91;FALTA;ABB ELETRIFICACAO LTDA;014326;0,0325;;
01878501006;006322;61652007701;SUPRESSOR DE SURTO CR-P/M62C;;FALTA;5;;;;43,17;FALTA;ABB ELETRIFICACAO LTDA;014326;0,065;;
01878501007;006322;61652005501;BASE RELE CR-M 2 OU 4C/O ABB;;FALTA;3;;;;18,78;FALTA;ABB ELETRIFICACAO LTDA;014326;0,0975;;
01878501007;006322;61652005701;GRAMPO RELE CR-MH;;FALTA;3;;;;2,19;FALTA;ABB ELETRIFICACAO LTDA;014326;0,0975;;
01878501007;006322;61652006501;RL 2C/O 12A CR-M125DC2 125VCC;;FALTA;3;;;;39,21;FALTA;ABB ELETRIFICACAO LTDA;014326;0,0325;;
01878501007;006322;61652007901;SUPRESSOR DE SURTO CR-P/M92C;;FALTA;3;;;;43,17;FALTA;ABB ELETRIFICACAO LTDA;014326;0,065;;
01878501008;006322;61652005301;BASE RELE CR-P 2C/O ABB;;FALTA;1;;;;20,01;FALTA;ABB ELETRIFICACAO LTDA;014326;0,0975;;
01878501008;006322;61652005601;GRAMPO RELE CR-PH;;FALTA;1;;;;1,62;FALTA;ABB ELETRIFICACAO LTDA;014326;0,0975;;
01878501008;006322;61652006601;RL 2C/O 8A CR-P230AC2 230VAC;;FALTA;1;;;;39,74;FALTA;ABB ELETRIFICACAO LTDA;014326;0,0325;;
01878501008;006322;61652007901;SUPRESSOR DE SURTO CR-P/M92C;;SEPARADO;1;;;;45,98;SEPARADO;ABB ELETRIFICACAO LTDA;000000;;;
01878501009;006322;61652005401;BASE RELE CR-M 3C/O ABB;;SEPARADO;1;;;;19,11;SEPARADO;ABB ELETRIFICACAO LTDA;000000;;;
01878501009;006322;61652005701;GRAMPO RELE CR-MH;;SEPARADO;1;;;;2,4;SEPARADO;ABB ELETRIFICACAO LTDA;000000;;;
01878501009;006322;61652006801;RL 3C/O 10A CR-M024DC3 24VCC;;SEPARADO;1;;;;25,06;SEPARADO;ABB ELETRIFICACAO LTDA;//;0;;
01878501009;006322;61652007701;SUPRESSOR DE SURTO CR-P/M62C;;FALTA;1;;;;43,17;FALTA;ABB ELETRIFICACAO LTDA;//;0,065;;
01878501010;006322;61652005501;BASE RELE CR-M 2 OU 4C/O ABB;;FALTA;2;;;;18,78;FALTA;ABB ELETRIFICACAO LTDA;014326;0,0975;;
01878501010;006322;61652005701;GRAMPO RELE CR-MH;;FALTA;2;;;;2,19;FALTA;ABB ELETRIFICACAO LTDA;014326;0,0975;;
01878501010;006322;61652007301;RL 4C/O 6A CR-M024DC4 24VCC;;SEPARADO;2;;;;22,76;SEPARADO;ABB ELETRIFICACAO LTDA;000000;;;
01878501010;006322;61652007701;SUPRESSOR DE SURTO CR-P/M62C;;FALTA;2;;;;43,17;FALTA;ABB ELETRIFICACAO LTDA;014326;0,065;;
01878501011;006322;61652005501;BASE RELE CR-M 2 OU 4C/O ABB;;FALTA;4;;;;18,78;FALTA;ABB ELETRIFICACAO LTDA;014326;0,0975;;
01878501011;006322;61652005701;GRAMPO RELE CR-MH;;FALTA;4;;;;2,19;FALTA;ABB ELETRIFICACAO LTDA;014326;0,0975;;
01878501011;006322;61652007501;RL 4C/O 6A CR-M125DC4 125VCC;;FALTA;4;;;;41,41;FALTA;ABB ELETRIFICACAO LTDA;014326;0,0325;;
01878501011;006322;61652007901;SUPRESSOR DE SURTO CR-P/M92C;;FALTA;4;;;;43,17;FALTA;ABB ELETRIFICACAO LTDA;014326;0,065;;
01878601001;006322;113001700;RESIS INT AQ 1500W 230V 1 1 4;;FALTA;1;;;;182;FALTA;ELTRA AQUECIMENTO ELETRICO LTDA;014296;0,065;;
01878601001;006322;204000400;NIPLE DUPLO 1/2 NPT GALV;;SEPARADO;1;;;;4,59;SEPARADO;REI DAS MANGUEIRAS MAQUINAS E EQUIPAMENTOS LTDA-ME;000000;;;
01878601001;006322;204570600;SPT MOTOR TAD8 KSE316;;FALTA;1;;;;875,25;FALTA;GW METAL INDUSTRIA E COMERCIO LTDA;014297;0;;
01878601001;006322;204570700;SPT ALT WG AG10250 KSE316 TAD8;;FALTA;1;;;;794,35;FALTA;GW METAL INDUSTRIA E COMERCIO LTDA;014297;0;;
01878601001;006322;204570800;SPT BATERIA 2X150AH KSE316 CTZ;;FALTA;1;;;;337,79;FALTA;GW METAL INDUSTRIA E COMERCIO LTDA;014297;0;;
01878601001;006322;204570900;SPT RAD TAD8 KSE316 CTZ;;FALTA;1;;;;650;FALTA;GW METAL INDUSTRIA E COMERCIO LTDA;014297;0;;
01878601001;006322;302000700;PRE AQ KIT USQ D3;;SEPARADO;1;;;;0;SEPARADO;0;000000;;;
01878601001;006322;30702002801;BARRA ROSCADA 6MM;;SEPARADO;3;;;;107,65;SEPARADO;GW METAL INDUSTRIA E COMERCIO LTDA;000000;;;
01878601001;006322;30702003009;SUPORTE DE FIXACAO DA BATERIA;;SEPARADO;1;;;;101,28;SEPARADO;ACO FORT FERRO LTDA;000000;;;
01878601001;006322;31303003802;AMV SCM-420NR 60SH;;SEPARADO;4;;;;3604,6;SEPARADO;ACCESORIOS ELASTICOS LESOL S L;000000;;;
01878601001;006322;31807001227;JUNTA DE VEDACAO D22XD27X1,5 AL;;SEPARADO;2;;;;4,6;SEPARADO;HITOCOM MATERIAIS TECNICOS E SERVICOS LTDA;000000;;;
01878601001;006322;31810004106;MANGUEIRA FLEXIVEL 16X23;;SEPARADO;1,5;;;;52;SEPARADO;REI DAS MANGUEIRAS MAQUINAS E EQUIPAMENTOS LTDA-ME;000000;;;
01878601001;006322;60101003901;MOTOR VOLVO TAD842GE F1;;FALTA;1;;;;95843,34;FALTA;VOLVO DO BRASIL VEICULOS LTDA;TAB;0;;
01878601001;006322;60201012301;GS WEG AG10 250MI00AI MU F1;;FALTA;1;;;;36124,53715;FALTA;WEG EQUIPAMENTOS ELETRICOS S/A;014285;0;;
01878601001;006322;60210000101;RESIST AQUEC ALT AG10 H250;;FALTA;1;;;;744,66;FALTA;WEG EQUIPAMENTOS ELETRICOS S/A;014285;0,065;;
01878601001;006322;602182200;CJT PLQT INOX PV044713;;FALTA;1;;;;900;FALTA;PRECISÃO A LASER;//;0;;
01878601001;006322;602182300;CJT PLQT ACRILICO PV044713;;FALTA;1;;;;900;FALTA;PRECISÃO A LASER;//;0;;
01878601001;006322;60702003701;BATERIA 12V 150AH 900CCA KONDO;;SEPARADO;2;;;;935;SEPARADO;JMS BATERIAS  LTDA;000000;;;
01878601001;006322;60702004008;CX PROTECAO BATER. 2X150AH CTZ;;FALTA;1;;;;660;FALTA;GW METAL INDUSTRIA E COMERCIO LTDA;014297;0;;
01878601001;006322;60901002700;FLEX ESCP FL LISO 5X300;;FALTA;1;;;;679,78;FALTA;SCAPSUL EQUIPAMENTOS RODOVIARIOS LTDA;014304;0,065;;
01878601001;006322;60901004500;FLANGE ESCP 5  GALV;;SEPARADO;1;;;;113;SEPARADO;GS MORAIS INSTALACOES ELETRICAS LTDA - ME;000000;;;
01878601001;006322;60901004601;JUNTA ESC DE185 X DI28;;SEPARADO;2;;;;42,68;SEPARADO;SCAPSUL EQUIPAMENTOS RODOVIARIOS LTDA;000000;;;
01878601001;006322;60901014616;CURVA TURBINA VOLVO TAD8;;FALTA;1;;;;885,61;FALTA;SCAPSUL EQUIPAMENTOS RODOVIARIOS LTDA;014304;0,065;;
01878601001;006322;61301012008;BS KSE316 BAUDOUIN 6M21G460;;SEPARADO;1;;;;8250;SEPARADO;EVOLUCAO METALURGICA LTDA;000000;;;
01878601001;006322;61307010708;TAMPA TQ REMOV KSE315;;SEPARADO;1;;;;350,17;SEPARADO;METALPRESS METAL LTDA;000000;;;
01878601001;006322;61602010408;SPT PNL COMANDO KSE315 TAD8;;SEPARADO;1;;;;297;SEPARADO;EVOLUCAO METALURGICA LTDA;000000;;;
01878601001;006322;61602011708;DUTO PAS CB H250M MQPF1250 CTZ;;FALTA;1;;;;144;FALTA;GW METAL INDUSTRIA E COMERCIO LTDA;014297;0;;
01878601001;006322;61801003301;PF DIN912 M10X50 12.9 PT;;SEPARADO;12;;;;397,98;SEPARADO;MULT TEMPERA COAT TECNOLOGIA EM TRATAMENTO TERMICO E REVESTIMENTOS SUPERFICIAIS;000000;;;
01878601001;006322;61801003401;PF DIN912 M12X30 12.9 PT;;SEPARADO;8;;;;2069,65;SEPARADO;MULT TEMPERA COAT TECNOLOGIA EM TRATAMENTO TERMICO E REVESTIMENTOS SUPERFICIAIS;000000;;;
01878601001;006322;61802000422;COTOVELO MF 90 1 2NPT GALV;;SEPARADO;1;;;;8,34;SEPARADO;CENTRAL DOS PARAFUSOS DE ITUMBIARA LTDA;000000;;;
01878601001;006322;61802001522;BICO RM M22X1.5 MANG 5/8 BIC;;SEPARADO;2;;;;28,47;SEPARADO;NIC RAK USIN PECAS AUT TOR LT;000000;;;
01878601001;006322;61802001711;BICO RM 1/2NPT MANG 5/8 BIC;;FALTA;2;;;;28,5;FALTA;BULKS INDUSTRIA E COMERCIO LTDA;014295;0;;
01878601001;006322;61802008411;"ADP M/F M24X1,5 X 1/2""NPT";;SEPARADO;1;;;;0;SEPARADO;0;000000;;;
01878601001;006322;61805000722;ABRACADEIRA ESCAP. TC181;;SEPARADO;2;;;;110;SEPARADO;GS MORAIS INSTALACOES ELETRICAS LTDA - ME;000000;;;
01878601001;006322;61805002401;ABRACADEIRA ESCAP. TC124;;SEPARADO;1;;;;114,13;SEPARADO;SCAPSUL EQUIPAMENTOS RODOVIARIOS LTDA;000000;;;
01878601001;006322;61807000901;GUARNICAO DE PORTA 24MM;;SEPARADO;1;;;;101,2;SEPARADO;EVOLUCAO METALURGICA LTDA;000000;;;
01878601001;006322;61807001001;ARR VED CB DIN7306 DI24XDE29;;SEPARADO;1;;;;0;SEPARADO;0;000000;;;
01878601001;006322;61809000301;"VALV ESF BORBOLETA F/F 1/2""NPT";;FALTA;1;;;;88,15;FALTA;MX MATERIAIS ELETRICOS LTDA;014300;0;;
01878601001;006322;91801007305;ARR M10 DIN 9250 PT;;SEPARADO;12;;;;0,69;SEPARADO;MULT TEMPERA COAT TECNOLOGIA EM TRATAMENTO TERMICO E REVESTIMENTOS SUPERFICIAIS;000000;;;
01878601001;006322;91801023019;ARR M12 DIN 9250 PT;;SEPARADO;8;;;;9,24;SEPARADO;MULT TEMPERA COAT TECNOLOGIA EM TRATAMENTO TERMICO E REVESTIMENTOS SUPERFICIAIS;000000;;;
01878601002;006322;104011700;POSTE PF E/UK;;FALTA;1;;;;4,24;FALTA;PHOENIX CONTACT IND E COMERCIO LTDA;014301;0,0975;;
01878601002;006322;104192100;BORNE DUPLO PUSH IN 4MM PTTB4;;FALTA;1;;;;9,23;FALTA;PHOENIX CONTACT IND E COMERCIO LTDA;014301;0,0975;;
01878601002;006322;104192200;TAMPA P/ BORNE DUP 4MM D-STTB4;;SEPARADO;1;;;;4,54;SEPARADO;PHOENIX CONTACT IND E COMERCIO LTDA;000000;;;
01878601002;006322;104193600;SUPORTE IDENTIF P/ POSTE KLM-A;;SEPARADO;1;;;;37,09;SEPARADO;PHOENIX CONTACT IND E COMERCIO LTDA;000000;;;
01878601002;006322;104193700;ETIQUETA P/ BORNE UCT-TMF6;;SEPARADO;4;;;;62,45;SEPARADO;PHOENIX CONTACT IND E COMERCIO LTDA;000000;;;
01878601002;006322;104193800;ETIQUETA DE ENCAIXE ESL44X7;;SEPARADO;1;;;;52,1838;SEPARADO;PHOENIX CONTACT IND E COMERCIO LTDA;000000;;;
01878601003;006322;104011700;POSTE PF E/UK;;FALTA;1;;;;4,24;FALTA;PHOENIX CONTACT IND E COMERCIO LTDA;014301;0,0975;;
01878601003;006322;104192100;BORNE DUPLO PUSH IN 4MM PTTB4;;FALTA;2;;;;9,23;FALTA;PHOENIX CONTACT IND E COMERCIO LTDA;014301;0,0975;;
01878601003;006322;104192200;TAMPA P/ BORNE DUP 4MM D-STTB4;;SEPARADO;1;;;;4,54;SEPARADO;PHOENIX CONTACT IND E COMERCIO LTDA;000000;;;
01878601003;006322;104193600;SUPORTE IDENTIF P/ POSTE KLM-A;;SEPARADO;1;;;;37,09;SEPARADO;PHOENIX CONTACT IND E COMERCIO LTDA;000000;;;
01878601003;006322;104193700;ETIQUETA P/ BORNE UCT-TMF6;;SEPARADO;8;;;;62,45;SEPARADO;PHOENIX CONTACT IND E COMERCIO LTDA;000000;;;
01878601003;006322;104193800;ETIQUETA DE ENCAIXE ESL44X7;;SEPARADO;1;;;;52,1838;SEPARADO;PHOENIX CONTACT IND E COMERCIO LTDA;000000;;;
01878601003;006322;106197000;DJ 2P 10A SH202 T-C10;;FALTA;1;;;;33,89;FALTA;ABB ELETRIFICACAO LTDA;014326;0,065;;
01878601003;006322;213002800;PLAQUETA PVC ADESIVA20X9MM;;SEPARADO;1;;;;35,412;SEPARADO;PROAUTO ELECTRIC LTDA;000000;;;
01878601004;006322;104010000;GRAMPO BAR 10X3MM 0.50-4.00MM;;SEPARADO;4;;;;11,4;SEPARADO;PHOENIX CONTACT IND E COMERCIO LTDA;000000;;;
01878601004;006322;104011700;POSTE PF E/UK;;FALTA;4;;;;4,24;FALTA;PHOENIX CONTACT IND E COMERCIO LTDA;014301;0,0975;;
01878601004;006322;104192100;BORNE DUPLO PUSH IN 4MM PTTB4;;FALTA;18;;;;9,23;FALTA;PHOENIX CONTACT IND E COMERCIO LTDA;014301;0,0975;;
01878601004;006322;104192200;TAMPA P/ BORNE DUP 4MM D-STTB4;;SEPARADO;3;;;;4,54;SEPARADO;PHOENIX CONTACT IND E COMERCIO LTDA;000000;;;
01878601004;006322;104193600;SUPORTE IDENTIF P/ POSTE KLM-A;;SEPARADO;3;;;;37,09;SEPARADO;PHOENIX CONTACT IND E COMERCIO LTDA;000000;;;
01878601004;006322;104193700;ETIQUETA P/ BORNE UCT-TMF6;;SEPARADO;80;;;;62,45;SEPARADO;PHOENIX CONTACT IND E COMERCIO LTDA;000000;;;
01878601004;006322;104193800;ETIQUETA DE ENCAIXE ESL44X7;;SEPARADO;3;;;;52,1838;SEPARADO;PHOENIX CONTACT IND E COMERCIO LTDA;000000;;;
01878601004;006322;106001500;DJ 1P 10A CURVA C 10KA S201;;FALTA;3;;;;31,06;FALTA;ABB ELETRIFICACAO LTDA;014326;0,065;;
01878601004;006322;107184900;BARRA TERRA COMANDO 10X3MM;;SEPARADO;0,2;;;;205;SEPARADO;ROMAR ACESSORIOS INDUSTRIAIS LTDA;000000;;;
01878601004;006322;109089000;ISOLADOR CIL 40X60MM M8;;RETIRADO;2;;;;42,9;RETIRADO;MX MATERIAIS ELETRICOS LTDA;000000;;;
01878601004;006322;109090000;ISOLADOR CIL 30X20MM M6;;SEPARADO;3;;;;0;SEPARADO;0;000000;;;
01878601004;006322;204013200;"DIST F M8 1""X60 BIC";;FALTA;2;;;;72;FALTA;GW METAL INDUSTRIA E COMERCIO LTDA;014297;0;;
01878601004;006322;31600028406;CORD ATERR C 370MM D 1 M13;;SEPARADO;1;;;;45,88;SEPARADO;MX MATERIAIS ELETRICOS LTDA;000000;;;
01878601004;006322;61405001201;DOBRADICA TASCO 91591;;SEPARADO;4;;;;16,1;SEPARADO;TASCO LTDA;000000;;;
01878601004;006322;61405001301;FECHO TASCO 25085;;SEPARADO;2;;;;63,0635;SEPARADO;TASCO LTDA;000000;;;
01878601004;006322;61635012649;GABINETE MCP1600;;FALTA;1;;;;925;FALTA;GW METAL INDUSTRIA E COMERCIO LTDA;014297;0;;
01878601004;006322;61635012849;TAMPA DISJ SCH NS16  MCP1600;;SEPARADO;1;;;;299,69;SEPARADO;VOSKI PAINEIS INDUSTRIAIS LTDA;000000;;;
01878601004;006322;61640003851;PLACA DISJ ABB T5 QD MCP800;;FALTA;1;;;;134,14;FALTA;GW METAL INDUSTRIA E COMERCIO LTDA;014297;0;;
01878601004;006322;61640009249;TAMPA DISJ ABB XT5 MCP1600 CTZ;;FALTA;1;;;;56,67;FALTA;GW METAL INDUSTRIA E COMERCIO LTDA;014297;0;;
01878601004;006322;61648012601;CONT AUX S51 DCM FX XT2-XT6;;FALTA;1;;;;258,79;FALTA;ABB ELETRIFICACAO LTDA;014326;0,0975;;
01878601004;006322;61648036801;DCM 3P FX 400A XT5N TMA;;FALTA;1;;;;3533,53;FALTA;ABB ELETRIFICACAO LTDA;014326;0,065;;
01878601004;006322;61648042901;DJ 2P 10A SJ202 T-C10;;SEPARADO;2;;;;34,38;SEPARADO;ABB ELETRIFICACAO LTDA;//;0,065;;
01878601004;006322;61656003801;SUPORTE MODULAR BOTAO ABB;;FALTA;1;;;;5,55;FALTA;ABB ELETRIFICACAO LTDA;014326;0,0975;;
01878601004;006322;61656004001;CONT NF BOTAO ABB LINHA MCB;;SEPARADO;2;;;;9,33;SEPARADO;ABB ELETRIFICACAO LTDA;//;0,0975;;
01878601004;006322;61656004701;CABECOTE BOTAO EMERGENCIA ABB;;FALTA;1;;;;40,97;FALTA;ABB ELETRIFICACAO LTDA;014326;0,0975;;
01878601004;006322;61656004801;ADESIVO PARADA DE EMERGENCIA;;SEPARADO;1;;;;25,7;SEPARADO;APS COMPONENTES ELETRICOS S/A;000000;;;
01878601004;006322;61660000101;BORNE POTENCIAL DUPLO PUSH IN;;SEPARADO;2;;;;31,7;SEPARADO;ELETROSTAR COMERCIO DE MATERIAL DE AUTOMACAO LTDA;000000;;;
01878601005;006322;107045700;BARRA COBRE 1 X 1/2;;FALTA;1,1;;;;268,44674;FALTA;ANGLO INDUSTRIA E COMERCIO DE METAIS LTDA;014292;0,0325;;
01878601006;006322;104011700;POSTE PF E/UK;;FALTA;2;;;;4,24;FALTA;PHOENIX CONTACT IND E COMERCIO LTDA;014301;0,0975;;
01878601006;006322;104192100;BORNE DUPLO PUSH IN 4MM PTTB4;;FALTA;6;;;;9,23;FALTA;PHOENIX CONTACT IND E COMERCIO LTDA;014301;0,0975;;
01878601006;006322;104192200;TAMPA P/ BORNE DUP 4MM D-STTB4;;SEPARADO;2;;;;4,54;SEPARADO;PHOENIX CONTACT IND E COMERCIO LTDA;000000;;;
01878601006;006322;104193600;SUPORTE IDENTIF P/ POSTE KLM-A;;SEPARADO;2;;;;37,09;SEPARADO;PHOENIX CONTACT IND E COMERCIO LTDA;000000;;;
01878601006;006322;104193800;ETIQUETA DE ENCAIXE ESL44X7;;FALTA;2;;;;0;FALTA;ESTOQUE;//;0;;
01878601006;006322;61648042901;DJ 2P 10A SJ202 T-C10;;FALTA;2;;;;34,38;FALTA;ABB ELETRIFICACAO LTDA;014326;0,065;;
01869901003;006882;109001000;ISOLADOR CIL 30X40MM M6;;SEPARADO;2;;;;0;SEPARADO;0;000000;;;
01869901003;006882;109002100;ISOLADOR CIL 30X30MM M6;;SEPARADO;2;;;;6,5;SEPARADO;POTENCIAL ELETRICA E HIDRAULICA LTDA;000000;;;
01869901003;006882;109030000;ISOLADOR CIL 30X50MM M6;;SEPARADO;2;;;;52,9;SEPARADO;MX MATERIAIS ELETRICOS LTDA;014182;0;;
01869901003;006882;109089000;ISOLADOR CIL 40X60MM M8;;SEPARADO;2;;;;42,9;SEPARADO;MX MATERIAIS ELETRICOS LTDA;000000;;;
01869901003;006882;204013200;"DIST F M8 1""X60 BIC";;FÁBRICA;2;;;;120,96;FÁBRICA;GW METAL INDUSTRIA E COMERCIO LTDA;014208;0;;
01869901003;006882;204366800;PROT PLC 4 DJ EF 0A/A2;;SEPARADO;1;;;;0;SEPARADO;ESTOQUE;ESTOQUE;0;;
01869901003;006882;204571000;PLACA MONT. QD 600X600X350 CTZ;;SEPARADO;1;;;;147;SEPARADO;GW METAL INDUSTRIA E COMERCIO LTDA;014208;0;;
01869901003;006882;204571100;SPT 4 DJ ABB EF A0/A2;;SEPARADO;1;;;;32,5;SEPARADO;GW METAL INDUSTRIA E COMERCIO LTDA;014208;0;;
01869901003;006882;61405000401;DOBRADICA ELETROMEI;;SEPARADO;2;;;;0;SEPARADO;GW METAL INDUSTRIA E COMERCIO LTDA;000000;0;;
01869901003;006882;61405000501;FECHO MANOPLA - TASCO COD. 28;;FÁBRICA;1;;;;0;FÁBRICA;GW METAL INDUSTRIA E COMERCIO LTDA;000000;0;;
01869901003;006882;61635005350;GABINETE 600 X 600 X 350MM;;SEPARADO;1;;;;455;SEPARADO;GW METAL INDUSTRIA E COMERCIO LTDA;014208;0;;
01869901003;006882;61635005450;PORTA QD 600 X 600 X 350MM;;SEPARADO;1;;;;174;SEPARADO;GW METAL INDUSTRIA E COMERCIO LTDA;014208;0;;
01869901003;006882;61635005750;TAMPA INF QD 600 X 600 X 350MM;;SEPARADO;1;;;;72,65;SEPARADO;GW METAL INDUSTRIA E COMERCIO LTDA;014208;0;;
01869901003;006882;61635006722;SPT PROT QD 1400 X 800 X 600;;SEPARADO;4;;;;8,2;SEPARADO;GW METAL INDUSTRIA E COMERCIO LTDA;014208;0;;
01869901003;006882;61647041201;DCM 3P FX 100A A0C TMF;;RETIRADO;3;;;;0;RETIRADO;0;000000;;;
01869901003;006882;106011400;DCM FX XT1BR125TMD;;SEPARADO;3;;;;0;SEPARADO;0;000000;;;
01869901003;006882;61647041901;DCM 3P FX 250A A2A TMF;;SEPARADO;1;;;;503,49;SEPARADO;ABB ELETRIFICACAO LTDA;014191;0,065;;
01869901004;006882;107046600;BARRA COBRE 1 1/4 X 3/8;;SEPARADO;2,35;;;;0;SEPARADO;0;000000;;;
01869901005;006882;109092400;ISOLADOR CIL 16X30 MM M6;;RETIRADO;2;;;;26,9;RETIRADO;MX MATERIAIS ELETRICOS LTDA;000000;;;
01869901005;006882;109002100;ISOLADOR CIL 30X30MM M6;;SEPARADO;2;;;;26,9;SEPARADO;MX MATERIAIS ELETRICOS LTDA;000000;;;
01869901005;006882;111270800;QD 300X300X200 QTA;;RETIRADO;1;;;;0;RETIRADO;0;000000;;;
01869901005;006882;119027700;QD 450X350X150 QDS;;SEPARADO;1;;;;0;SEPARADO;0;000000;;;
01869901005;006882;112014700;MONITOR DE TENSAO TRIF. BVD-D;;SEPARADO;1;;;;698,9;SEPARADO;MX MATERIAIS ELETRICOS LTDA;014182;0;;
01869901005;006882;6,1649E+11;CH COMUT MOT 4P 220V 100A;;SEPARADO;1;;;;472,5;SEPARADO;MX MATERIAIS ELETRICOS LTDA;014182;0;;
01869901005;006882;61656003801;SUPORTE MODULAR BOTAO ABB;;RETIRADO;2;;;;5,55;RETIRADO;ABB ELETRIFICACAO LTDA;000000;;;
01869901005;006882;61656004201;BLOCO LED BRANCO 230VCA ABB;;RETIRADO;2;;;;63;RETIRADO;APS COMPONENTES ELETRICOS S/A;000000;;;
01869901005;006882;61656004601;CABECOTE SINALEIRO LED VM ABB;;FÁBRICA;2;;;;18,49;FÁBRICA;ABB ELETRIFICACAO LTDA;000000;;;
01869901006;006882;107043800;"BARRA COBRE 3/4"" X 1/4""";;SEPARADO;0,48;;;;79,52;SEPARADO;ANGLO INDUSTRIA E COMERCIO DE METAIS LTDA;000000;;;
01869901007;006882;104011700;POSTE PF E/UK;;FÁBRICA;5;;;;4,24;FÁBRICA;PHOENIX CONTACT IND E COMERCIO LTDA;014183;0,0975;;
01869901007;006882;104018900;TUBO DIST 40MM 3/8 X5/8 POL;;FÁBRICA;2;;;;7,5;FÁBRICA;GW METAL INDUSTRIA E COMERCIO LTDA;014208;0;;
01869901007;006882;104192100;BORNE DUPLO PUSH IN 4MM PTTB4;;FÁBRICA;12;;;;9,23;FÁBRICA;PHOENIX CONTACT IND E COMERCIO LTDA;014183;0,0975;;
01869901007;006882;104192200;TAMPA P/ BORNE DUP 4MM D-STTB4;;SEPARADO;4;;;;4,54;SEPARADO;PHOENIX CONTACT IND E COMERCIO LTDA;000000;;;
01869901007;006882;104193600;SUPORTE IDENTIF P/ POSTE KLM-A;;SEPARADO;4;;;;37,09;SEPARADO;PHOENIX CONTACT IND E COMERCIO LTDA;000000;;;
01869901007;006882;104193700;ETIQUETA P/ BORNE UCT-TMF6;;SEPARADO;48;;;;62,45;SEPARADO;PHOENIX CONTACT IND E COMERCIO LTDA;000000;;;
01869901007;006882;104193800;ETIQUETA DE ENCAIXE ESL44X7;;SEPARADO;4;;;;52,1838;SEPARADO;PHOENIX CONTACT IND E COMERCIO LTDA;000000;;;
01869901007;006882;106196900;DJ 2P 6A SH202 T-C6;;SEPARADO;1;;;;121,24;SEPARADO;ABB ELETRIFICACAO LTDA;000000;;;
01869901007;006882;106197500;DJ 3P 6A SH203 T-C6;;SEPARADO;1;;;;0;SEPARADO;0;000000;;;
01869901007;006882;112014700;MONITOR DE TENSAO TRIF. BVD-D;;FALTA;1;;;;698,9;FALTA;MX MATERIAIS ELETRICOS LTDA;014182;0;;
01869901007;006882;204013200;"DIST F M8 1""X60 BIC";;FÁBRICA;2;;;;120,96;FÁBRICA;GW METAL INDUSTRIA E COMERCIO LTDA;014208;0;;
01869901007;006882;501018000;TEMPORIZADOR DIGIT ELETR CLE 0;;SEPARADO;1;;;;107,5;SEPARADO;ANDRA SA  ELECTRIC SOLUTIONS;000000;;;
01869901007;006882;61635001050NE;QUADRO 600 X 600 X 350MM;;SEPARADO;1;;;;865;SEPARADO;GW METAL INDUSTRIA E COMERCIO LTDA;014208;0;;
01869901007;006882;61646009101;PROT SURTO DPS E-LED 20KA 275V;;SEPARADO;1;;;;70,61;SEPARADO;EMBRASTEC INDUSTRIA.COM.EQUIP.ELETRONICOS LTDA;000000;;;
01869901007;006882;61648042901;DJ 2P 10A SJ202 T-C10;;SEPARADO;1;;;;34,38;SEPARADO;ABB ELETRIFICACAO LTDA;014191;0,065;;
01869901007;006882;61649000108;CH COMUT MOT 4P 220V 250A JNG;;SEPARADO;1;;;;2146,85;SEPARADO;JNG;014180;0,0975;;
01869901007;006882;61656003801;SUPORTE MODULAR BOTAO ABB;;FÁBRICA;3;;;;5,55;FÁBRICA;ABB ELETRIFICACAO LTDA;014191;0,0975;;
01869901007;006882;61656003901;CONT NA BOTAO ABB LINHA MCB;;SEPARADO;1;;;;9,33;SEPARADO;ABB ELETRIFICACAO LTDA;000000;;;
01869901007;006882;61656004001;CONT NF BOTAO ABB LINHA MCB;;SEPARADO;1;;;;9,33;SEPARADO;ABB ELETRIFICACAO LTDA;014191;0,0975;;
01869901007;006882;61656004201;BLOCO LED BRANCO 230VCA ABB;;SEPARADO;2;;;;63;SEPARADO;APS COMPONENTES ELETRICOS S/A;000000;;;
01869901007;006882;61656004601;CABECOTE SINALEIRO LED VM ABB;;SEPARADO;2;;;;16,85;SEPARADO;ABB ELETRIFICACAO LTDA;014191;0,0975;;
01869901007;006882;61656004701;CABECOTE BOTAO EMERGENCIA ABB;;SEPARADO;1;;;;40,97;SEPARADO;ABB ELETRIFICACAO LTDA;014191;0,0975;;
01869901007;006882;61656004801;ADESIVO PARADA DE EMERGENCIA;;SEPARADO;1;;;;25,7;SEPARADO;APS COMPONENTES ELETRICOS S/A;000000;;;
01869901007;006882;61659000601;PROTECAO CH COMUT 250A JNG;;FÁBRICA;1;;;;0;FÁBRICA;ESTOQUE;ESTOQUE;0;;
01869901007;006882;61659003301;TERMO RETRATIL AZUL LARG 9MM;;FÁBRICA;18;;;;;FÁBRICA;ESTOQUE;ESTOQUE;0;;
01869901008;006882;107045400;BARRA COBRE 1 X 1/4;;SEPARADO;0,8;;;;100,61;SEPARADO;ANGLO INDUSTRIA E COMERCIO DE METAIS LTDA;014177;0,0325;;
01869901009;006882;107043800;"BARRA COBRE 3/4"" X 1/4""";;SEPARADO;0,15;;;;79,52;SEPARADO;ANGLO INDUSTRIA E COMERCIO DE METAIS LTDA;000000;;;
01869901010;006882;61652005501;BASE RELE CR-M 2 OU 4C/O ABB;;SEPARADO;1;;;;18,78;SEPARADO;ABB ELETRIFICACAO LTDA;014191;0,0975;;
01869901010;006882;61652005701;GRAMPO RELE CR-MH;;FALTA;1;;;;2,19;FALTA;ABB ELETRIFICACAO LTDA;014191;0,0975;;
01869901010;006882;61652007601;RL 4C/O 6A CR-M230AC4 230VAC;;SEPARADO;1;;;;44,19;SEPARADO;ABB ELETRIFICACAO LTDA;000000;;;
01869901010;006882;61652007901;SUPRESSOR DE SURTO CR-P/M92C;;SEPARADO;1;;;;43,17;SEPARADO;ABB ELETRIFICACAO LTDA;000000;;;
01870001001;006882;209001400;PERFIL BRCH U 12X6MM 1912;;SEPARADO;0,3;;;;0;SEPARADO;0;000000;;;
01870001001;006882;210006400;PF DIN912 M10X25 12.9 PT;;SEPARADO;8;;;;28,56;SEPARADO;MULT TEMPERA COAT TECNOLOGIA EM TRATAMENTO TERMICO E REVESTIMENTOS SUPERFICIAIS;000000;;;
01870001001;006882;30702002801;BARRA ROSCADA 6MM;;SEPARADO;2;;;;107,65;SEPARADO;GW METAL INDUSTRIA E COMERCIO LTDA;014208;0;;
01870001001;006882;31601193801NE;BOTAO EMERGENCIA CARENAGEM 2NF;;RETIRADO;1;;;;8548,9321;RETIRADO;SDMO  INDUSTRIES;000000;;;
01870001001;006882;31805000303;ABRACADEIRA CRON D17-27 AC;;SEPARADO;4;;;;4,15;SEPARADO;REI DAS MANGUEIRAS MAQUINAS E EQUIPAMENTOS LTDA-ME;014185;0;;
01870001001;006882;31807001223;JUNTA DE VEDACAO D18XD24X1,5 AL;;FÁBRICA;2;;;;0;FÁBRICA;ESTOQUE;ESTOQUE;0;;
01870001001;006882;60101002701;MOTOR FPT N67 TE8W F3;;SEPARADO;1;;;;68478,41;SEPARADO;FPT INDUSTRIAL BRASIL LTDA.;000000;;;
01870001001;006882;60201011201;GS WEG AG10 250SI20AI MU F3;;SEPARADO;1;;;;29216,2;SEPARADO;WEG EQUIPAMENTOS ELETRICOS S/A;000000;;;
01870001001;006882;60305003201;RESIST. PREAQUEC. 1000W 220V;;SEPARADO;1;;;;900;SEPARADO;SERVINTEL INTERNACIONAL LTDA;014188;0;;
01870001001;006882;60501001601;TAMPA BOC ABAST TANCLIK  A101C;;SEPARADO;1;;;;14179;SEPARADO;ITULUB ITUMBIARA LUBRIFICANTES LTDA;000000;48;;
01870001001;006882;60501004708;FLANGE TQ POLI RETORNO;;SEPARADO;1;;;;0;SEPARADO;GW METAL INDUSTRIA E COMERCIO LTDA;000000;72,375;;
01870001001;006882;60501004908;TRAVA FIX 450L;;SEPARADO;2;;;;33,775;SEPARADO;GW METAL INDUSTRIA E COMERCIO LTDA;014208;0;;
01870001001;006882;60501005501;TQ COMB 180L POLIETILENO;;SEPARADO;1;;;;1563,79;SEPARADO;AMUP;014176;0;;
01870001001;006882;60501008608;CONTRA FLANGE TQ POLIETILENO;;SEPARADO;2;;;;33,775;SEPARADO;GW METAL INDUSTRIA E COMERCIO LTDA;014208;0;;
01870001001;006882;60501010308;FLANGE TQ 200L POLI ABAST KVA;;SEPARADO;1;;;;33,775;SEPARADO;GW METAL INDUSTRIA E COMERCIO LTDA;014208;0;;
01870001001;006882;60501010708;BOCAL ENCHIMENTO TQ TANCLICK;;SEPARADO;1;;;;0;SEPARADO;GW METAL INDUSTRIA E COMERCIO LTDA;000000;180;;
01870001001;006882;60702001908;SPT FIX BATERIA 2X100AH;;SEPARADO;2;;;;41;SEPARADO;CMG SOLUCOES E SERVICOS LTDA;000000;;;
01870001001;006882;60702003601;BATERIA 12V 95AH 680CCA KONDOR;;SEPARADO;2;;;;650;SEPARADO;JMS;014193;0;;
01870001001;006882;60702005908;SPT BAT 2X 100AH SMART III;;SEPARADO;1;;;;350;SEPARADO;GW METAL INDUSTRIA E COMERCIO LTDA;014208;0;;
01870001001;006882;60901013916;SILENCIOSO 29DBA CRN KSE220;;SEPARADO;1;;;;2377,41;SEPARADO;SCAPSUL EQUIPAMENTOS RODOVIARIOS LTDA;014187;0,065;;
01870001001;006882;60901015116;CURVA FLEX FPT TE8W KSE220;;SEPARADO;1;;;;0;SEPARADO;0;000000;;;
01870001001;006882;61101001301;SENS NV COMB ULTRAS K40LSR;;SEPARADO;1;;;;441;SEPARADO;KVA INDUSTRIA E COMERCIO LTDA;000000;;;
01870001001;006882;61301014908;BASE SMART III FPT N67;;SEPARADO;1;;;;4855;SEPARADO;GW METAL INDUSTRIA E COMERCIO LTDA;000000;;;
01870001001;006882;61303000301;AMT VIBRA-STOP TRAD 2F 1/2;;SEPARADO;6;;;;235,4001;SEPARADO;VIBRA -STOP AMORTECEDORES DE VIBRACAO LTDA;014190;0;;
01870001001;006882;61307015708;SPT MOT FPT SMART III;;SEPARADO;1;;;;128,28;SEPARADO;GW METAL INDUSTRIA E COMERCIO LTDA;014208;0;;
01870001001;006882;61307015808;SPT ALT WEG SMART III;;SEPARADO;2;;;;121,24;SEPARADO;GW METAL INDUSTRIA E COMERCIO LTDA;014208;0;;
01870001001;006882;61307015908;SPT RAD FPT SMART III;;SEPARADO;1;;;;73,66;SEPARADO;GW METAL INDUSTRIA E COMERCIO LTDA;014208;0;;
01870001001;006882;61401016649NE;CARENAGEM SMART III;;SEPARADO;1;;;;11358;SEPARADO;GW METAL INDUSTRIA E COMERCIO LTDA;000000;;;
01870001001;006882;61402047108;FECH RAD FPT TE SMART III;;SEPARADO;1;;;;625;SEPARADO;GW METAL INDUSTRIA E COMERCIO LTDA;014208;0;;
01870001001;006882;61405001101;BATENTE DE BORRACHA CONICO;;FÁBRICA;4;;;;6,4;FÁBRICA;GW METAL INDUSTRIA E COMERCIO LTDA;000000;0;;
01870001001;006882;61601008908;SPT ESQ QCF/QTA SMART III;;SEPARADO;1;;;;22,9;SEPARADO;GW METAL INDUSTRIA E COMERCIO LTDA;014208;0;;
01870001001;006882;61601009008;SPT DIR QCF/QTA SMART III;;SEPARADO;1;;;;22,9;SEPARADO;GW METAL INDUSTRIA E COMERCIO LTDA;014208;0;;
01870001001;006882;61602012908;TAMPA ALT AG10;;SEPARADO;1;;;;42,56;SEPARADO;GW METAL INDUSTRIA E COMERCIO LTDA;014208;0;;
01870001001;006882;61652004901;RL AUX 40A 24VCC DNI0212;;RETIRADO;2;;;;0;RETIRADO;0;000000;;;
01870001001;006882;61801003101;PF DIN912 M10X45 12.9 PT;;SEPARADO;12;;;;1,55;SEPARADO;REI DAS MANGUEIRAS MAQUINAS E EQUIPAMENTOS LTDA-ME;000000;;;
01870001001;006882;61802000111;"BICO RM 1/2""NPT MANG 1/2"" BIC";;SEPARADO;1;;;;26,88;SEPARADO;BULKS INDUSTRIA E COMERCIO LTDA;000000;;;
01870001001;006882;61802000711;BICO RM 1/2 NPT MANG 3/8 BIC;;SEPARADO;1;;;;28,5;SEPARADO;BULKS INDUSTRIA E COMERCIO LTDA;014192;0;;
01870001001;006882;61802001622;"BICO RM M18X1,5 MANG 5/8"" BIC";;SEPARADO;2;;;;28,5;SEPARADO;BULKS INDUSTRIA E COMERCIO LTDA;014192;0;;
01870001001;006882;61802008111;ADP M RESP M22;;SEPARADO;1;;;;28,5;SEPARADO;BULKS INDUSTRIA E COMERCIO LTDA;014192;0;;
01870001001;006882;61802014001;BICO RM 1/2 NPT MANG 5/16 BIC;;SEPARADO;1;;;;28,5;SEPARADO;BULKS INDUSTRIA E COMERCIO LTDA;014192;0;;
01870001001;006882;61805001101;ABRACADEIRA MSA99107;;SEPARADO;1;;;;6;SEPARADO;REI DAS MANGUEIRAS MAQUINAS E EQUIPAMENTOS LTDA-ME;014185;0;;
01870001001;006882;91801007305;ARR M10 DIN 9250 PT;;SEPARADO;20;;;;0,69;SEPARADO;MULT TEMPERA COAT TECNOLOGIA EM TRATAMENTO TERMICO E REVESTIMENTOS SUPERFICIAIS;000000;;;
01870001005;006882;103015200;CH IGNICAO UNIVERSAL 314008M91;;SEPARADO;1;;;;154,9;SEPARADO;MX MATERIAIS ELETRICOS LTDA;000000;;;
01870001005;006882;104007100;IDENT PLO 6.2MM 0828736 - UCT-;;FÁBRICA;16;;;;0;FÁBRICA;ESTOQUE;ESTOQUE;0;;
01870001005;006882;104013600;TRILHO ACO TS35 C038340.00;;SEPARADO;0,37;;;;75;SEPARADO;ROMAR ACESSORIOS INDUSTRIAIS LTDA;000000;;;
01870001005;006882;104014600;TER COMP BOC EXPAND 95MM M12;;SEPARADO;8;;;;66;SEPARADO;GLOBO ELETRIFICACAO LTDA;000000;;;
01870001005;006882;106001500;DJ 1P 10A CURVA C 10KA S201;;SEPARADO;1;;;;31,06;SEPARADO;ABB ELETRIFICACAO LTDA;014191;0,065;;
01870001005;006882;107001200;CB COBRE 95MM2 BR 200°C 634A;;SEPARADO;3;;;;0;SEPARADO;0;000000;;;
01870001005;006882;107078500;CB COBRE NU 16MM2;;SEPARADO;0,5;;;;10,2811;SEPARADO;COBREFLEX INDUSTRIA, DISTRIBUICAO E COMERCIO DE FIOS E CABOS EIRELI;000000;;;
01870001005;006882;109002100;ISOLADOR CIL 30X30MM M6;;SEPARADO;2;;;;6,5;SEPARADO;POTENCIAL ELETRICA E HIDRAULICA LTDA;000000;;;
01870001005;006882;115072500;TC 800/5A ST-42 SASSI;;SEPARADO;3;;;;92;SEPARADO;SASSI;014186;0,065;;
01870001005;006882;61635033649;TAMPA DJ MAN ABB QCF/QTA A3;;SEPARADO;1;;;;140,65;SEPARADO;GW METAL INDUSTRIA E COMERCIO LTDA;014208;0;;
01870001005;006882;61635033851;SPT DJ ABB QCF/QTA;;SEPARADO;1;;;;34,33;SEPARADO;GW METAL INDUSTRIA E COMERCIO LTDA;014208;0;;
01870001005;006882;61640009349;TAMPA QCF/QTA USCA 5C/21D CTZ;;SEPARADO;1;;;;225;SEPARADO;GW METAL INDUSTRIA E COMERCIO LTDA;014208;0;;
01870001005;006882;61647042001;DCM 3P FX 630A A3N ELT-LI;;RETIRADO;1;;;;2785,17;RETIRADO;ABB ELETRIFICACAO LTDA;000000;;;
01870001005;006882;61648016201;DCM 3P FX 630A XT5N TMA;;SEPARADO;1;;;;2785,17;SEPARADO;ABB ELETRIFICACAO LTDA;000000;;;
01870001005;006882;61648042801;DJ 3P 10A SJ203 T-C10;;SEPARADO;1;;;;27,95;SEPARADO;ABB ELETRIFICACAO LTDA;014191;0,065;;
01870001005;006882;61648042901;DJ 2P 10A SJ202 T-C10;;SEPARADO;1;;;;34,38;SEPARADO;ABB ELETRIFICACAO LTDA;014191;0,065;;
01870001005;006882;61654001901;MOD USCAMAQ05C INTELINANO AMF5;;SEPARADO;1;;;;1027,72;SEPARADO;SERVINTEL INTERNACIONAL LTDA;014188;0;;
01870001005;006882;61655002601;CARREG BAT 12/24VCC KVA PRO;;SEPARADO;1;;;;523,61;SEPARADO;KVA;014181;0;;
01870001005;006882;61656003801;SUPORTE MODULAR BOTAO ABB;;FÁBRICA;2;;;;5,55;FÁBRICA;ABB ELETRIFICACAO LTDA;014191;0,0975;;
01870001005;006882;61656003901;CONT NA BOTAO ABB LINHA MCB;;SEPARADO;1;;;;9,33;SEPARADO;ABB ELETRIFICACAO LTDA;000000;;;
01870001005;006882;61656004001;CONT NF BOTAO ABB LINHA MCB;;SEPARADO;3;;;;9,33;SEPARADO;ABB ELETRIFICACAO LTDA;014191;0,0975;;
01870001005;006882;61656004501;CABECOTE CH SEL 2P FX ABB;;SEPARADO;1;;;;41,9;SEPARADO;ABB ELETRIFICACAO LTDA;014191;0,0975;;
01870001005;006882;61656004701;CABECOTE BOTAO EMERGENCIA ABB;;SEPARADO;1;;;;40,97;SEPARADO;ABB ELETRIFICACAO LTDA;014191;0,0975;;
01870001005;006882;61656004801;ADESIVO PARADA DE EMERGENCIA;;SEPARADO;1;;;;25,7;SEPARADO;APS COMPONENTES ELETRICOS S/A;000000;;;
01870001005;006882;61659003301;TERMO RETRATIL AZUL LARG 9MM;;FÁBRICA;13,8;;;;;FÁBRICA;ESTOQUE;ESTOQUE;0;;
01870001005;006882;61660001201;TER ISOL ANEL 16MM² M8;;SEPARADO;1;;;;16,1;SEPARADO;ROMAR ACESSORIOS INDUSTRIAIS LTDA;000000;;;
01870001005;006882;61660001301;TER ISOL ANEL 16MM² M10;;SEPARADO;1;;;;16,39;SEPARADO;ROMAR ACESSORIOS INDUSTRIAIS LTDA;000000;;;
01870001005;006882;61660005901;BORNE DUPLO PUSH IN 4MM DDP4;;SEPARADO;4;;;;7,42;SEPARADO;PROAUTO;014184;0,0975;;
01870001005;006882;61660006101;BORNE PUSH IN DP2.5PG-XXP;;FÁBRICA;1;;;;7,42;FÁBRICA;PROAUTO;014184;0,0975;;
01870001005;006882;61660006301;JUMPER BORNE DUP 4MM DSD01403N;;SEPARADO;1;;;;2,01;SEPARADO;PROAUTO;014184;0,0975;;
01870001005;006882;61660006601;TAMPA P/ BORNE 4MM DPES2.5C;;FÁBRICA;1;;;;2,06;FÁBRICA;PROAUTO;014184;0,0975;;
01870001006;006882;107050900;BARRA COBRE 2 X 5/16;;SEPARADO;0,2;;;;330,44;SEPARADO;ANGLO INDUSTRIA E COMERCIO DE METAIS LTDA;000000;;;
01870001007;006882;209001400;PERFIL BRCH U 12X6MM 1912;;SEPARADO;0,5;;;;0;SEPARADO;0;000000;;;
01870001007;006882;61405001201;DOBRADICA TASCO 91591;;SEPARADO;3;;;;16,1;SEPARADO;TASCO LTDA;014189;0;;
01870001007;006882;61405002801;FECHO LINGUETA YALE;;SEPARADO;2;;;;36,19;SEPARADO;TASCO LTDA;014189;0,065;;
01870001007;006882;61635033208;GABINETE QCF/QTA 800X600X200;;SEPARADO;1;;;;687;SEPARADO;GW METAL INDUSTRIA E COMERCIO LTDA;014208;0;;
01870001007;006882;61635033308;TAMPA PASS CB QD QCF/QTA;;SEPARADO;1;;;;166,5;SEPARADO;GW METAL INDUSTRIA E COMERCIO LTDA;014208;0;;
01870001007;006882;61635033908;SPT TRILHO QCF/QTA;;SEPARADO;2;;;;0,61;SEPARADO;GW METAL INDUSTRIA E COMERCIO LTDA;000000;;;
01870001008;006882;61652005401;BASE RELE CR-M 3C/O ABB;;SEPARADO;1;;;;17,41;SEPARADO;ABB ELETRIFICACAO LTDA;000000;;;
01870001008;006882;61652005701;GRAMPO RELE CR-MH;;SEPARADO;1;;;;2,19;SEPARADO;ABB ELETRIFICACAO LTDA;000000;;;
01870001008;006882;61652006801;RL 3C/O 10A CR-M024DC3 24VCC;;SEPARADO;1;;;;25,06;SEPARADO;ABB ELETRIFICACAO LTDA;014191;0,05;;
01870001008;006882;61652007701;SUPRESSOR DE SURTO CR-P/M62C;;SEPARADO;1;;;;43,17;SEPARADO;ABB ELETRIFICACAO LTDA;014191;0,065;;
01870001011;006882;109092400;ISOLADOR CIL 16X30 MM M6;;RETIRADO;2;;;;26,9;RETIRADO;MX MATERIAIS ELETRICOS LTDA;000000;;;
01870001011;006882;109002100;ISOLADOR CIL 30X30MM M6;;SEPARADO;2;;;;26,9;SEPARADO;MX MATERIAIS ELETRICOS LTDA;000000;;;
01870001011;006882;111270800;QD 300X300X200 QTA;;RETIRADO;1;;;;0;RETIRADO;0;000000;;;
01870001011;006882;119027700;QD 450X350X150 QDS;;SEPARADO;1;;;;0;SEPARADO;0;000000;;;
01870001011;006882;101004900;SENSOR TEN  TRIF 380/220VCA;;SEPARADO;1;;;;698,9;SEPARADO;MX MATERIAIS ELETRICOS LTDA;014182;0;;
01870001011;006882;112014700;MONITOR DE TENSAO TRIF. BVD-D;;RETIRADO;1;;;;698,9;RETIRADO;MX MATERIAIS ELETRICOS LTDA;014182;0;;
01870001011;006882;6,1649E+11;CH COMUT MOT 4P 220V 100A;;SEPARADO;1;;;;472,5;SEPARADO;MX MATERIAIS ELETRICOS LTDA;014182;0;;
01870001011;006882;61656003801;SUPORTE MODULAR BOTAO ABB;;RETIRADO;2;;;;5,55;RETIRADO;ABB ELETRIFICACAO LTDA;000000;;;
01870001011;006882;61656004201;BLOCO LED BRANCO 230VCA ABB;;RETIRADO;2;;;;63;RETIRADO;APS COMPONENTES ELETRICOS S/A;000000;;;
01870001011;006882;61656004601;CABECOTE SINALEIRO LED VM ABB;;RETIRADO;2;;;;18,49;RETIRADO;ABB ELETRIFICACAO LTDA;000000;;;
01870001012;006882;109092400;ISOLADOR CIL 16X30 MM M6;;RETIRADO;2;;;;26,9;RETIRADO;MX MATERIAIS ELETRICOS LTDA;000000;;;
01870001012;006882;109002100;ISOLADOR CIL 30X30MM M6;;SEPARADO;2;;;;26,9;SEPARADO;MX MATERIAIS ELETRICOS LTDA;000000;;;
01870001012;006882;111270800;QD 300X300X200 QTA;;RETIRADO;1;;;;0;RETIRADO;0;000000;;;
01870001012;006882;119027700;QD 450X350X150 QDS;;SEPARADO;1;;;;0;SEPARADO;0;000000;;;
01870001012;006882;101004900;SENSOR TEN  TRIF 380/220VCA;;SEPARADO;1;;;;698,9;SEPARADO;MX MATERIAIS ELETRICOS LTDA;014182;0;;
01870001012;006882;112014700;MONITOR DE TENSAO TRIF. BVD-D;;RETIRADO;1;;;;698,9;RETIRADO;MX MATERIAIS ELETRICOS LTDA;014182;0;;
01870001012;006882;6,1649E+11;CH COMUT MOT 4P 220V 100A;;SEPARADO;1;;;;472,5;SEPARADO;MX MATERIAIS ELETRICOS LTDA;014182;0;;
01870001012;006882;61656003801;SUPORTE MODULAR BOTAO ABB;;RETIRADO;2;;;;5,55;RETIRADO;ABB ELETRIFICACAO LTDA;000000;;;
01870001012;006882;61656004201;BLOCO LED BRANCO 230VCA ABB;;RETIRADO;2;;;;63;RETIRADO;APS COMPONENTES ELETRICOS S/A;000000;;;
01870001012;006882;61656004601;CABECOTE SINALEIRO LED VM ABB;;RETIRADO;2;;;;18,49;RETIRADO;ABB ELETRIFICACAO LTDA;000000;;;
